2025-08-30 12:15:50,398 - INFO - app.core.monitoring - 시스템 상태 - CPU: 2.3%, 메모리: 53.8% (여유: 3.5GB), 디스크: 6.3% (여유: 892.1GB)
2025-08-30 12:16:07,217 - INFO - app.core.monitoring - 시스템 상태 - CPU: 14.2%, 메모리: 53.4% (여유: 3.5GB), 디스크: 6.3% (여유: 892.1GB)
2025-08-30 12:16:22,824 - INFO - app.core.monitoring - 시스템 상태 - CPU: 8.4%, 메모리: 53.7% (여유: 3.5GB), 디스크: 6.3% (여유: 892.1GB)
2025-08-30 15:11:04,205 - INFO - app.core.monitoring - 시스템 상태 - CPU: 1.7%, 메모리: 48.5% (여유: 3.9GB), 디스크: 6.3% (여유: 892.1GB)
2025-08-30 15:12:05,211 - INFO - app.core.monitoring - 시스템 상태 - CPU: 8.1%, 메모리: 50.1% (여유: 3.8GB), 디스크: 6.3% (여유: 892.1GB)
2025-08-30 15:13:06,213 - INFO - app.core.monitoring - 시스템 상태 - CPU: 1.7%, 메모리: 50.3% (여유: 3.8GB), 디스크: 6.3% (여유: 892.1GB)
2025-08-30 15:14:07,217 - INFO - app.core.monitoring - 시스템 상태 - CPU: 1.9%, 메모리: 50.3% (여유: 3.8GB), 디스크: 6.3% (여유: 892.1GB)
2025-08-30 15:15:08,221 - INFO - app.core.monitoring - 시스템 상태 - CPU: 3.0%, 메모리: 50.5% (여유: 3.7GB), 디스크: 6.3% (여유: 892.1GB)
2025-08-30 15:16:09,227 - INFO - app.core.monitoring - 시스템 상태 - CPU: 2.3%, 메모리: 50.6% (여유: 3.7GB), 디스크: 6.3% (여유: 892.1GB)
2025-08-30 15:17:10,231 - INFO - app.core.monitoring - 시스템 상태 - CPU: 3.6%, 메모리: 50.5% (여유: 3.7GB), 디스크: 6.3% (여유: 892.1GB)
2025-08-30 15:18:11,237 - INFO - app.core.monitoring - 시스템 상태 - CPU: 2.9%, 메모리: 50.8% (여유: 3.7GB), 디스크: 6.3% (여유: 892.1GB)
2025-08-30 15:19:12,242 - INFO - app.core.monitoring - 시스템 상태 - CPU: 2.3%, 메모리: 50.9% (여유: 3.7GB), 디스크: 6.3% (여유: 892.1GB)
2025-08-30 15:20:13,246 - INFO - app.core.monitoring - 시스템 상태 - CPU: 1.7%, 메모리: 50.7% (여유: 3.7GB), 디스크: 6.3% (여유: 892.1GB)
2025-08-30 15:21:14,249 - INFO - app.core.monitoring - 시스템 상태 - CPU: 3.1%, 메모리: 50.6% (여유: 3.7GB), 디스크: 6.3% (여유: 892.1GB)
2025-08-30 15:22:15,259 - INFO - app.core.monitoring - 시스템 상태 - CPU: 2.9%, 메모리: 50.5% (여유: 3.7GB), 디스크: 6.3% (여유: 892.1GB)
2025-08-30 15:23:16,263 - INFO - app.core.monitoring - 시스템 상태 - CPU: 3.1%, 메모리: 50.5% (여유: 3.7GB), 디스크: 6.3% (여유: 892.1GB)
2025-08-30 15:24:17,266 - INFO - app.core.monitoring - 시스템 상태 - CPU: 2.1%, 메모리: 50.5% (여유: 3.8GB), 디스크: 6.3% (여유: 892.1GB)
2025-08-30 15:25:18,269 - INFO - app.core.monitoring - 시스템 상태 - CPU: 2.9%, 메모리: 50.4% (여유: 3.8GB), 디스크: 6.3% (여유: 892.1GB)
2025-08-30 15:26:19,273 - INFO - app.core.monitoring - 시스템 상태 - CPU: 1.9%, 메모리: 50.4% (여유: 3.8GB), 디스크: 6.3% (여유: 892.1GB)
2025-08-30 15:27:20,277 - INFO - app.core.monitoring - 시스템 상태 - CPU: 2.2%, 메모리: 50.4% (여유: 3.8GB), 디스크: 6.3% (여유: 892.1GB)
2025-08-30 15:28:21,281 - INFO - app.core.monitoring - 시스템 상태 - CPU: 2.7%, 메모리: 50.5% (여유: 3.8GB), 디스크: 6.3% (여유: 892.1GB)
2025-08-30 15:29:22,283 - INFO - app.core.monitoring - 시스템 상태 - CPU: 2.0%, 메모리: 50.5% (여유: 3.8GB), 디스크: 6.3% (여유: 892.1GB)
2025-08-30 15:30:23,290 - INFO - app.core.monitoring - 시스템 상태 - CPU: 2.7%, 메모리: 50.5% (여유: 3.7GB), 디스크: 6.3% (여유: 892.1GB)
2025-08-30 15:31:24,292 - INFO - app.core.monitoring - 시스템 상태 - CPU: 1.7%, 메모리: 50.5% (여유: 3.7GB), 디스크: 6.3% (여유: 892.1GB)
2025-08-30 15:32:25,295 - INFO - app.core.monitoring - 시스템 상태 - CPU: 1.7%, 메모리: 50.4% (여유: 3.8GB), 디스크: 6.3% (여유: 892.1GB)
2025-08-30 15:33:26,298 - INFO - app.core.monitoring - 시스템 상태 - CPU: 2.3%, 메모리: 50.5% (여유: 3.7GB), 디스크: 6.3% (여유: 892.1GB)
2025-08-30 15:34:27,302 - INFO - app.core.monitoring - 시스템 상태 - CPU: 2.8%, 메모리: 50.5% (여유: 3.8GB), 디스크: 6.3% (여유: 892.1GB)
2025-08-30 15:35:28,309 - INFO - app.core.monitoring - 시스템 상태 - CPU: 2.1%, 메모리: 50.5% (여유: 3.7GB), 디스크: 6.3% (여유: 892.1GB)
2025-08-30 15:36:29,312 - INFO - app.core.monitoring - 시스템 상태 - CPU: 2.0%, 메모리: 50.5% (여유: 3.7GB), 디스크: 6.3% (여유: 892.1GB)
2025-08-30 15:37:30,316 - INFO - app.core.monitoring - 시스템 상태 - CPU: 2.2%, 메모리: 50.5% (여유: 3.7GB), 디스크: 6.3% (여유: 892.1GB)
2025-08-30 15:38:31,318 - INFO - app.core.monitoring - 시스템 상태 - CPU: 3.2%, 메모리: 50.4% (여유: 3.8GB), 디스크: 6.3% (여유: 892.1GB)
2025-08-30 15:39:32,320 - INFO - app.core.monitoring - 시스템 상태 - CPU: 2.0%, 메모리: 50.5% (여유: 3.7GB), 디스크: 6.3% (여유: 892.1GB)
2025-08-30 15:40:33,323 - INFO - app.core.monitoring - 시스템 상태 - CPU: 2.1%, 메모리: 50.5% (여유: 3.8GB), 디스크: 6.3% (여유: 892.1GB)
2025-08-30 15:41:34,326 - INFO - app.core.monitoring - 시스템 상태 - CPU: 2.8%, 메모리: 50.4% (여유: 3.8GB), 디스크: 6.3% (여유: 892.1GB)
2025-08-30 15:42:35,330 - INFO - app.core.monitoring - 시스템 상태 - CPU: 2.4%, 메모리: 50.4% (여유: 3.8GB), 디스크: 6.3% (여유: 892.1GB)
2025-08-30 15:43:36,332 - INFO - app.core.monitoring - 시스템 상태 - CPU: 2.6%, 메모리: 50.5% (여유: 3.8GB), 디스크: 6.3% (여유: 892.1GB)
2025-08-30 15:44:37,335 - INFO - app.core.monitoring - 시스템 상태 - CPU: 1.4%, 메모리: 50.4% (여유: 3.8GB), 디스크: 6.3% (여유: 892.1GB)
2025-08-30 15:45:38,338 - INFO - app.core.monitoring - 시스템 상태 - CPU: 2.9%, 메모리: 50.5% (여유: 3.7GB), 디스크: 6.3% (여유: 892.1GB)
2025-08-30 15:46:39,348 - INFO - app.core.monitoring - 시스템 상태 - CPU: 2.6%, 메모리: 50.4% (여유: 3.8GB), 디스크: 6.3% (여유: 892.1GB)
2025-08-30 15:47:40,352 - INFO - app.core.monitoring - 시스템 상태 - CPU: 2.2%, 메모리: 50.5% (여유: 3.7GB), 디스크: 6.3% (여유: 892.1GB)
2025-08-30 15:48:41,356 - INFO - app.core.monitoring - 시스템 상태 - CPU: 3.0%, 메모리: 50.6% (여유: 3.7GB), 디스크: 6.3% (여유: 892.1GB)
2025-08-30 15:49:42,358 - INFO - app.core.monitoring - 시스템 상태 - CPU: 1.7%, 메모리: 50.5% (여유: 3.7GB), 디스크: 6.3% (여유: 892.1GB)
2025-08-30 15:50:43,363 - INFO - app.core.monitoring - 시스템 상태 - CPU: 2.9%, 메모리: 50.5% (여유: 3.7GB), 디스크: 6.3% (여유: 892.1GB)
2025-08-30 15:51:44,366 - INFO - app.core.monitoring - 시스템 상태 - CPU: 1.6%, 메모리: 50.5% (여유: 3.7GB), 디스크: 6.3% (여유: 892.1GB)
2025-08-30 15:52:45,370 - INFO - app.core.monitoring - 시스템 상태 - CPU: 1.7%, 메모리: 50.5% (여유: 3.7GB), 디스크: 6.3% (여유: 892.1GB)
2025-08-30 15:53:46,372 - INFO - app.core.monitoring - 시스템 상태 - CPU: 2.4%, 메모리: 50.5% (여유: 3.7GB), 디스크: 6.3% (여유: 892.1GB)
2025-08-30 15:54:47,376 - INFO - app.core.monitoring - 시스템 상태 - CPU: 1.6%, 메모리: 50.6% (여유: 3.7GB), 디스크: 6.3% (여유: 892.1GB)
2025-08-30 15:55:48,378 - INFO - app.core.monitoring - 시스템 상태 - CPU: 1.6%, 메모리: 50.5% (여유: 3.7GB), 디스크: 6.3% (여유: 892.1GB)
2025-08-30 15:56:49,380 - INFO - app.core.monitoring - 시스템 상태 - CPU: 1.4%, 메모리: 50.5% (여유: 3.7GB), 디스크: 6.3% (여유: 892.1GB)
2025-08-30 15:57:50,386 - INFO - app.core.monitoring - 시스템 상태 - CPU: 2.4%, 메모리: 50.5% (여유: 3.7GB), 디스크: 6.3% (여유: 892.1GB)
2025-08-30 15:58:51,390 - INFO - app.core.monitoring - 시스템 상태 - CPU: 2.8%, 메모리: 50.5% (여유: 3.7GB), 디스크: 6.3% (여유: 892.1GB)
2025-08-30 15:59:52,427 - INFO - app.core.monitoring - 시스템 상태 - CPU: 3.6%, 메모리: 50.5% (여유: 3.7GB), 디스크: 6.3% (여유: 892.1GB)
2025-08-30 16:00:53,430 - INFO - app.core.monitoring - 시스템 상태 - CPU: 2.6%, 메모리: 50.6% (여유: 3.7GB), 디스크: 6.3% (여유: 892.1GB)
2025-08-30 16:01:54,440 - INFO - app.core.monitoring - 시스템 상태 - CPU: 2.7%, 메모리: 51.4% (여유: 3.7GB), 디스크: 6.3% (여유: 892.1GB)
2025-08-30 16:02:55,442 - INFO - app.core.monitoring - 시스템 상태 - CPU: 1.6%, 메모리: 51.5% (여유: 3.7GB), 디스크: 6.3% (여유: 892.1GB)
2025-08-30 16:03:56,445 - INFO - app.core.monitoring - 시스템 상태 - CPU: 2.5%, 메모리: 51.1% (여유: 3.7GB), 디스크: 6.3% (여유: 892.1GB)
2025-08-30 16:04:57,449 - INFO - app.core.monitoring - 시스템 상태 - CPU: 2.0%, 메모리: 51.3% (여유: 3.7GB), 디스크: 6.3% (여유: 892.1GB)
2025-08-30 16:05:58,451 - INFO - app.core.monitoring - 시스템 상태 - CPU: 8.7%, 메모리: 51.2% (여유: 3.7GB), 디스크: 6.3% (여유: 892.1GB)
2025-08-30 16:06:59,454 - INFO - app.core.monitoring - 시스템 상태 - CPU: 2.4%, 메모리: 51.3% (여유: 3.7GB), 디스크: 6.3% (여유: 892.1GB)
2025-08-30 16:08:00,457 - INFO - app.core.monitoring - 시스템 상태 - CPU: 5.6%, 메모리: 51.7% (여유: 3.7GB), 디스크: 6.3% (여유: 892.1GB)
2025-08-30 16:09:01,473 - INFO - app.core.monitoring - 시스템 상태 - CPU: 2.2%, 메모리: 53.6% (여유: 3.5GB), 디스크: 6.3% (여유: 892.1GB)
2025-08-30 16:10:02,476 - INFO - app.core.monitoring - 시스템 상태 - CPU: 2.4%, 메모리: 50.5% (여유: 3.7GB), 디스크: 6.3% (여유: 892.1GB)
2025-08-30 16:11:03,480 - INFO - app.core.monitoring - 시스템 상태 - CPU: 2.9%, 메모리: 51.1% (여유: 3.7GB), 디스크: 6.3% (여유: 892.1GB)
2025-08-30 16:12:04,482 - INFO - app.core.monitoring - 시스템 상태 - CPU: 1.5%, 메모리: 51.1% (여유: 3.7GB), 디스크: 6.3% (여유: 892.1GB)
2025-08-30 16:13:05,486 - INFO - app.core.monitoring - 시스템 상태 - CPU: 2.3%, 메모리: 50.9% (여유: 3.7GB), 디스크: 6.3% (여유: 892.1GB)
2025-08-30 16:14:06,489 - INFO - app.core.monitoring - 시스템 상태 - CPU: 3.4%, 메모리: 51.0% (여유: 3.7GB), 디스크: 6.3% (여유: 892.1GB)
2025-08-30 16:15:07,491 - INFO - app.core.monitoring - 시스템 상태 - CPU: 1.9%, 메모리: 50.9% (여유: 3.7GB), 디스크: 6.3% (여유: 892.1GB)
2025-08-30 16:16:08,494 - INFO - app.core.monitoring - 시스템 상태 - CPU: 6.7%, 메모리: 51.0% (여유: 3.7GB), 디스크: 6.3% (여유: 892.1GB)
2025-08-30 16:17:09,496 - INFO - app.core.monitoring - 시스템 상태 - CPU: 7.4%, 메모리: 52.8% (여유: 3.6GB), 디스크: 6.3% (여유: 892.1GB)
2025-08-30 16:18:10,499 - INFO - app.core.monitoring - 시스템 상태 - CPU: 3.1%, 메모리: 51.2% (여유: 3.7GB), 디스크: 6.3% (여유: 892.1GB)
2025-08-30 16:19:11,501 - INFO - app.core.monitoring - 시스템 상태 - CPU: 2.6%, 메모리: 52.3% (여유: 3.6GB), 디스크: 6.3% (여유: 892.1GB)
2025-09-07 17:31:56,942 - INFO - __main__ - '/home/asd1702/fin_sight_server/data/catalog_core15.json'에서 지표 메타데이터를 로드합니다.
2025-09-07 17:31:56,962 - CRITICAL - __main__ - DB 구축 중 예상치 못한 오류 발생: When initializing mapper Mapper[Article(articles)], expression 'ArticleSentence' failed to locate a name ('ArticleSentence'). If this is a class name, consider adding this relationship() to the <class 'app.models.article.Article'> class after both dependent classes have been defined.
Traceback (most recent call last):
  File "/home/asd1702/fin_sight_server/.venv/lib/python3.10/site-packages/sqlalchemy/orm/clsregistry.py", line 516, in _resolve_name
    rval = d[token]
  File "/home/asd1702/fin_sight_server/.venv/lib/python3.10/site-packages/sqlalchemy/util/_collections.py", line 345, in __missing__
    self[key] = val = self.creator(key)
  File "/home/asd1702/fin_sight_server/.venv/lib/python3.10/site-packages/sqlalchemy/orm/clsregistry.py", line 484, in _access_cls
    return self.fallback[key]
KeyError: 'ArticleSentence'

The above exception was the direct cause of the following exception:

Traceback (most recent call last):
  File "/home/asd1702/fin_sight_server/scripts/seed_statistics.py", line 39, in seed_statistics_data
    indicator = Indicator(
  File "<string>", line 4, in __init__
  File "/home/asd1702/fin_sight_server/.venv/lib/python3.10/site-packages/sqlalchemy/orm/state.py", line 566, in _initialize_instance
    manager.dispatch.init(self, args, kwargs)
  File "/home/asd1702/fin_sight_server/.venv/lib/python3.10/site-packages/sqlalchemy/event/attr.py", line 497, in __call__
    fn(*args, **kw)
  File "/home/asd1702/fin_sight_server/.venv/lib/python3.10/site-packages/sqlalchemy/orm/mapper.py", line 4410, in _event_on_init
    instrumenting_mapper._check_configure()
  File "/home/asd1702/fin_sight_server/.venv/lib/python3.10/site-packages/sqlalchemy/orm/mapper.py", line 2401, in _check_configure
    _configure_registries({self.registry}, cascade=True)
  File "/home/asd1702/fin_sight_server/.venv/lib/python3.10/site-packages/sqlalchemy/orm/mapper.py", line 4218, in _configure_registries
    _do_configure_registries(registries, cascade)
  File "/home/asd1702/fin_sight_server/.venv/lib/python3.10/site-packages/sqlalchemy/orm/mapper.py", line 4259, in _do_configure_registries
    mapper._post_configure_properties()
  File "/home/asd1702/fin_sight_server/.venv/lib/python3.10/site-packages/sqlalchemy/orm/mapper.py", line 2418, in _post_configure_properties
    prop.init()
  File "/home/asd1702/fin_sight_server/.venv/lib/python3.10/site-packages/sqlalchemy/orm/interfaces.py", line 595, in init
    self.do_init()
  File "/home/asd1702/fin_sight_server/.venv/lib/python3.10/site-packages/sqlalchemy/orm/relationships.py", line 1655, in do_init
    self._setup_entity()
  File "/home/asd1702/fin_sight_server/.venv/lib/python3.10/site-packages/sqlalchemy/orm/relationships.py", line 1865, in _setup_entity
    self._clsregistry_resolve_name(argument)(),
  File "/home/asd1702/fin_sight_server/.venv/lib/python3.10/site-packages/sqlalchemy/orm/clsregistry.py", line 520, in _resolve_name
    self._raise_for_name(name, err)
  File "/home/asd1702/fin_sight_server/.venv/lib/python3.10/site-packages/sqlalchemy/orm/clsregistry.py", line 501, in _raise_for_name
    raise exc.InvalidRequestError(
sqlalchemy.exc.InvalidRequestError: When initializing mapper Mapper[Article(articles)], expression 'ArticleSentence' failed to locate a name ('ArticleSentence'). If this is a class name, consider adding this relationship() to the <class 'app.models.article.Article'> class after both dependent classes have been defined.
2025-09-07 17:35:43,566 - INFO - __main__ - '/home/asd1702/fin_sight_server/data/catalog_core15.json'에서 지표 메타데이터를 로드합니다.
2025-09-07 17:35:43,590 - CRITICAL - __main__ - DB 구축 중 예상치 못한 오류 발생: When initializing mapper Mapper[Article(articles)], expression 'ArticleTermMapping' failed to locate a name ('ArticleTermMapping'). If this is a class name, consider adding this relationship() to the <class 'app.models.article.Article'> class after both dependent classes have been defined.
Traceback (most recent call last):
  File "/home/asd1702/fin_sight_server/.venv/lib/python3.10/site-packages/sqlalchemy/orm/clsregistry.py", line 516, in _resolve_name
    rval = d[token]
  File "/home/asd1702/fin_sight_server/.venv/lib/python3.10/site-packages/sqlalchemy/util/_collections.py", line 345, in __missing__
    self[key] = val = self.creator(key)
  File "/home/asd1702/fin_sight_server/.venv/lib/python3.10/site-packages/sqlalchemy/orm/clsregistry.py", line 484, in _access_cls
    return self.fallback[key]
KeyError: 'ArticleTermMapping'

The above exception was the direct cause of the following exception:

Traceback (most recent call last):
  File "/home/asd1702/fin_sight_server/scripts/seed_statistics.py", line 39, in seed_statistics_data
    indicator = Indicator(
  File "<string>", line 4, in __init__
  File "/home/asd1702/fin_sight_server/.venv/lib/python3.10/site-packages/sqlalchemy/orm/state.py", line 566, in _initialize_instance
    manager.dispatch.init(self, args, kwargs)
  File "/home/asd1702/fin_sight_server/.venv/lib/python3.10/site-packages/sqlalchemy/event/attr.py", line 497, in __call__
    fn(*args, **kw)
  File "/home/asd1702/fin_sight_server/.venv/lib/python3.10/site-packages/sqlalchemy/orm/mapper.py", line 4410, in _event_on_init
    instrumenting_mapper._check_configure()
  File "/home/asd1702/fin_sight_server/.venv/lib/python3.10/site-packages/sqlalchemy/orm/mapper.py", line 2401, in _check_configure
    _configure_registries({self.registry}, cascade=True)
  File "/home/asd1702/fin_sight_server/.venv/lib/python3.10/site-packages/sqlalchemy/orm/mapper.py", line 4218, in _configure_registries
    _do_configure_registries(registries, cascade)
  File "/home/asd1702/fin_sight_server/.venv/lib/python3.10/site-packages/sqlalchemy/orm/mapper.py", line 4259, in _do_configure_registries
    mapper._post_configure_properties()
  File "/home/asd1702/fin_sight_server/.venv/lib/python3.10/site-packages/sqlalchemy/orm/mapper.py", line 2418, in _post_configure_properties
    prop.init()
  File "/home/asd1702/fin_sight_server/.venv/lib/python3.10/site-packages/sqlalchemy/orm/interfaces.py", line 595, in init
    self.do_init()
  File "/home/asd1702/fin_sight_server/.venv/lib/python3.10/site-packages/sqlalchemy/orm/relationships.py", line 1655, in do_init
    self._setup_entity()
  File "/home/asd1702/fin_sight_server/.venv/lib/python3.10/site-packages/sqlalchemy/orm/relationships.py", line 1865, in _setup_entity
    self._clsregistry_resolve_name(argument)(),
  File "/home/asd1702/fin_sight_server/.venv/lib/python3.10/site-packages/sqlalchemy/orm/clsregistry.py", line 520, in _resolve_name
    self._raise_for_name(name, err)
  File "/home/asd1702/fin_sight_server/.venv/lib/python3.10/site-packages/sqlalchemy/orm/clsregistry.py", line 501, in _raise_for_name
    raise exc.InvalidRequestError(
sqlalchemy.exc.InvalidRequestError: When initializing mapper Mapper[Article(articles)], expression 'ArticleTermMapping' failed to locate a name ('ArticleTermMapping'). If this is a class name, consider adding this relationship() to the <class 'app.models.article.Article'> class after both dependent classes have been defined.
2025-09-07 17:38:47,649 - INFO - __main__ - '/home/asd1702/fin_sight_server/data/catalog_core15.json'에서 지표 메타데이터를 로드합니다.
2025-09-07 17:38:47,725 - CRITICAL - __main__ - DB 구축 중 예상치 못한 오류 발생: (psycopg2.errors.UndefinedTable) relation "statistics.indicators" does not exist
LINE 2: FROM statistics.indicators 
             ^

[SQL: SELECT statistics.indicators.indicator_id AS statistics_indicators_indicator_id, statistics.indicators.name AS statistics_indicators_name, statistics.indicators.frequency AS statistics_indicators_frequency, statistics.indicators.unit AS statistics_indicators_unit, statistics.indicators.source AS statistics_indicators_source, statistics.indicators.notes AS statistics_indicators_notes, statistics.indicators.stat_code AS statistics_indicators_stat_code, statistics.indicators.item_code1 AS statistics_indicators_item_code1, statistics.indicators.item_code2 AS statistics_indicators_item_code2, statistics.indicators.item_code3 AS statistics_indicators_item_code3, statistics.indicators.item_code4 AS statistics_indicators_item_code4 
FROM statistics.indicators 
WHERE statistics.indicators.indicator_id = %(pk_1)s]
[parameters: {'pk_1': 'kr.cpi.headline.m'}]
(Background on this error at: https://sqlalche.me/e/20/f405)
Traceback (most recent call last):
  File "/home/asd1702/fin_sight_server/.venv/lib/python3.10/site-packages/sqlalchemy/engine/base.py", line 1967, in _exec_single_context
    self.dialect.do_execute(
  File "/home/asd1702/fin_sight_server/.venv/lib/python3.10/site-packages/sqlalchemy/engine/default.py", line 951, in do_execute
    cursor.execute(statement, parameters)
psycopg2.errors.UndefinedTable: relation "statistics.indicators" does not exist
LINE 2: FROM statistics.indicators 
             ^


The above exception was the direct cause of the following exception:

Traceback (most recent call last):
  File "/home/asd1702/fin_sight_server/scripts/seed_statistics.py", line 52, in seed_statistics_data
    db.merge(indicator) # Primary Key 기준으로 없으면 INSERT, 있으면 UPDATE
  File "/home/asd1702/fin_sight_server/.venv/lib/python3.10/site-packages/sqlalchemy/orm/session.py", line 3959, in merge
    return self._merge(
  File "/home/asd1702/fin_sight_server/.venv/lib/python3.10/site-packages/sqlalchemy/orm/session.py", line 4037, in _merge
    merged = self.get(
  File "/home/asd1702/fin_sight_server/.venv/lib/python3.10/site-packages/sqlalchemy/orm/session.py", line 3694, in get
    return self._get_impl(
  File "/home/asd1702/fin_sight_server/.venv/lib/python3.10/site-packages/sqlalchemy/orm/session.py", line 3873, in _get_impl
    return db_load_fn(
  File "/home/asd1702/fin_sight_server/.venv/lib/python3.10/site-packages/sqlalchemy/orm/loading.py", line 695, in load_on_pk_identity
    session.execute(
  File "/home/asd1702/fin_sight_server/.venv/lib/python3.10/site-packages/sqlalchemy/orm/session.py", line 2365, in execute
    return self._execute_internal(
  File "/home/asd1702/fin_sight_server/.venv/lib/python3.10/site-packages/sqlalchemy/orm/session.py", line 2251, in _execute_internal
    result: Result[Any] = compile_state_cls.orm_execute_statement(
  File "/home/asd1702/fin_sight_server/.venv/lib/python3.10/site-packages/sqlalchemy/orm/context.py", line 306, in orm_execute_statement
    result = conn.execute(
  File "/home/asd1702/fin_sight_server/.venv/lib/python3.10/site-packages/sqlalchemy/engine/base.py", line 1419, in execute
    return meth(
  File "/home/asd1702/fin_sight_server/.venv/lib/python3.10/site-packages/sqlalchemy/sql/elements.py", line 526, in _execute_on_connection
    return connection._execute_clauseelement(
  File "/home/asd1702/fin_sight_server/.venv/lib/python3.10/site-packages/sqlalchemy/engine/base.py", line 1641, in _execute_clauseelement
    ret = self._execute_context(
  File "/home/asd1702/fin_sight_server/.venv/lib/python3.10/site-packages/sqlalchemy/engine/base.py", line 1846, in _execute_context
    return self._exec_single_context(
  File "/home/asd1702/fin_sight_server/.venv/lib/python3.10/site-packages/sqlalchemy/engine/base.py", line 1986, in _exec_single_context
    self._handle_dbapi_exception(
  File "/home/asd1702/fin_sight_server/.venv/lib/python3.10/site-packages/sqlalchemy/engine/base.py", line 2355, in _handle_dbapi_exception
    raise sqlalchemy_exception.with_traceback(exc_info[2]) from e
  File "/home/asd1702/fin_sight_server/.venv/lib/python3.10/site-packages/sqlalchemy/engine/base.py", line 1967, in _exec_single_context
    self.dialect.do_execute(
  File "/home/asd1702/fin_sight_server/.venv/lib/python3.10/site-packages/sqlalchemy/engine/default.py", line 951, in do_execute
    cursor.execute(statement, parameters)
sqlalchemy.exc.ProgrammingError: (psycopg2.errors.UndefinedTable) relation "statistics.indicators" does not exist
LINE 2: FROM statistics.indicators 
             ^

[SQL: SELECT statistics.indicators.indicator_id AS statistics_indicators_indicator_id, statistics.indicators.name AS statistics_indicators_name, statistics.indicators.frequency AS statistics_indicators_frequency, statistics.indicators.unit AS statistics_indicators_unit, statistics.indicators.source AS statistics_indicators_source, statistics.indicators.notes AS statistics_indicators_notes, statistics.indicators.stat_code AS statistics_indicators_stat_code, statistics.indicators.item_code1 AS statistics_indicators_item_code1, statistics.indicators.item_code2 AS statistics_indicators_item_code2, statistics.indicators.item_code3 AS statistics_indicators_item_code3, statistics.indicators.item_code4 AS statistics_indicators_item_code4 
FROM statistics.indicators 
WHERE statistics.indicators.indicator_id = %(pk_1)s]
[parameters: {'pk_1': 'kr.cpi.headline.m'}]
(Background on this error at: https://sqlalche.me/e/20/f405)
2025-09-07 17:51:44,158 - INFO - __main__ - '/home/asd1702/fin_sight_server/data/catalog_core15.json'에서 지표 메타데이터를 로드합니다.
2025-09-07 17:51:44,205 - CRITICAL - __main__ - DB 구축 중 예상치 못한 오류 발생: (psycopg2.errors.UndefinedTable) relation "statistics.indicators" does not exist
LINE 2: FROM statistics.indicators 
             ^

[SQL: SELECT statistics.indicators.indicator_id AS statistics_indicators_indicator_id, statistics.indicators.name AS statistics_indicators_name, statistics.indicators.frequency AS statistics_indicators_frequency, statistics.indicators.unit AS statistics_indicators_unit, statistics.indicators.source AS statistics_indicators_source, statistics.indicators.notes AS statistics_indicators_notes, statistics.indicators.stat_code AS statistics_indicators_stat_code, statistics.indicators.item_code1 AS statistics_indicators_item_code1, statistics.indicators.item_code2 AS statistics_indicators_item_code2, statistics.indicators.item_code3 AS statistics_indicators_item_code3, statistics.indicators.item_code4 AS statistics_indicators_item_code4 
FROM statistics.indicators 
WHERE statistics.indicators.indicator_id = %(pk_1)s]
[parameters: {'pk_1': 'kr.cpi.headline.m'}]
(Background on this error at: https://sqlalche.me/e/20/f405)
Traceback (most recent call last):
  File "/home/asd1702/fin_sight_server/.venv/lib/python3.10/site-packages/sqlalchemy/engine/base.py", line 1967, in _exec_single_context
    self.dialect.do_execute(
  File "/home/asd1702/fin_sight_server/.venv/lib/python3.10/site-packages/sqlalchemy/engine/default.py", line 951, in do_execute
    cursor.execute(statement, parameters)
psycopg2.errors.UndefinedTable: relation "statistics.indicators" does not exist
LINE 2: FROM statistics.indicators 
             ^


The above exception was the direct cause of the following exception:

Traceback (most recent call last):
  File "/home/asd1702/fin_sight_server/scripts/seed_statistics.py", line 52, in seed_statistics_data
    db.merge(indicator) # Primary Key 기준으로 없으면 INSERT, 있으면 UPDATE
  File "/home/asd1702/fin_sight_server/.venv/lib/python3.10/site-packages/sqlalchemy/orm/session.py", line 3959, in merge
    return self._merge(
  File "/home/asd1702/fin_sight_server/.venv/lib/python3.10/site-packages/sqlalchemy/orm/session.py", line 4037, in _merge
    merged = self.get(
  File "/home/asd1702/fin_sight_server/.venv/lib/python3.10/site-packages/sqlalchemy/orm/session.py", line 3694, in get
    return self._get_impl(
  File "/home/asd1702/fin_sight_server/.venv/lib/python3.10/site-packages/sqlalchemy/orm/session.py", line 3873, in _get_impl
    return db_load_fn(
  File "/home/asd1702/fin_sight_server/.venv/lib/python3.10/site-packages/sqlalchemy/orm/loading.py", line 695, in load_on_pk_identity
    session.execute(
  File "/home/asd1702/fin_sight_server/.venv/lib/python3.10/site-packages/sqlalchemy/orm/session.py", line 2365, in execute
    return self._execute_internal(
  File "/home/asd1702/fin_sight_server/.venv/lib/python3.10/site-packages/sqlalchemy/orm/session.py", line 2251, in _execute_internal
    result: Result[Any] = compile_state_cls.orm_execute_statement(
  File "/home/asd1702/fin_sight_server/.venv/lib/python3.10/site-packages/sqlalchemy/orm/context.py", line 306, in orm_execute_statement
    result = conn.execute(
  File "/home/asd1702/fin_sight_server/.venv/lib/python3.10/site-packages/sqlalchemy/engine/base.py", line 1419, in execute
    return meth(
  File "/home/asd1702/fin_sight_server/.venv/lib/python3.10/site-packages/sqlalchemy/sql/elements.py", line 526, in _execute_on_connection
    return connection._execute_clauseelement(
  File "/home/asd1702/fin_sight_server/.venv/lib/python3.10/site-packages/sqlalchemy/engine/base.py", line 1641, in _execute_clauseelement
    ret = self._execute_context(
  File "/home/asd1702/fin_sight_server/.venv/lib/python3.10/site-packages/sqlalchemy/engine/base.py", line 1846, in _execute_context
    return self._exec_single_context(
  File "/home/asd1702/fin_sight_server/.venv/lib/python3.10/site-packages/sqlalchemy/engine/base.py", line 1986, in _exec_single_context
    self._handle_dbapi_exception(
  File "/home/asd1702/fin_sight_server/.venv/lib/python3.10/site-packages/sqlalchemy/engine/base.py", line 2355, in _handle_dbapi_exception
    raise sqlalchemy_exception.with_traceback(exc_info[2]) from e
  File "/home/asd1702/fin_sight_server/.venv/lib/python3.10/site-packages/sqlalchemy/engine/base.py", line 1967, in _exec_single_context
    self.dialect.do_execute(
  File "/home/asd1702/fin_sight_server/.venv/lib/python3.10/site-packages/sqlalchemy/engine/default.py", line 951, in do_execute
    cursor.execute(statement, parameters)
sqlalchemy.exc.ProgrammingError: (psycopg2.errors.UndefinedTable) relation "statistics.indicators" does not exist
LINE 2: FROM statistics.indicators 
             ^

[SQL: SELECT statistics.indicators.indicator_id AS statistics_indicators_indicator_id, statistics.indicators.name AS statistics_indicators_name, statistics.indicators.frequency AS statistics_indicators_frequency, statistics.indicators.unit AS statistics_indicators_unit, statistics.indicators.source AS statistics_indicators_source, statistics.indicators.notes AS statistics_indicators_notes, statistics.indicators.stat_code AS statistics_indicators_stat_code, statistics.indicators.item_code1 AS statistics_indicators_item_code1, statistics.indicators.item_code2 AS statistics_indicators_item_code2, statistics.indicators.item_code3 AS statistics_indicators_item_code3, statistics.indicators.item_code4 AS statistics_indicators_item_code4 
FROM statistics.indicators 
WHERE statistics.indicators.indicator_id = %(pk_1)s]
[parameters: {'pk_1': 'kr.cpi.headline.m'}]
(Background on this error at: https://sqlalche.me/e/20/f405)
2025-09-07 18:31:24,525 - INFO - __main__ - '/home/asd1702/fin_sight_server/data/catalog_core15.json'에서 지표 메타데이터를 로드합니다.
2025-09-07 18:31:24,569 - CRITICAL - __main__ - DB 구축 중 예상치 못한 오류 발생: (psycopg2.errors.UndefinedTable) relation "statistics.indicators" does not exist
LINE 2: FROM statistics.indicators 
             ^

[SQL: SELECT statistics.indicators.indicator_id AS statistics_indicators_indicator_id, statistics.indicators.name AS statistics_indicators_name, statistics.indicators.frequency AS statistics_indicators_frequency, statistics.indicators.unit AS statistics_indicators_unit, statistics.indicators.source AS statistics_indicators_source, statistics.indicators.notes AS statistics_indicators_notes, statistics.indicators.stat_code AS statistics_indicators_stat_code, statistics.indicators.item_code1 AS statistics_indicators_item_code1, statistics.indicators.item_code2 AS statistics_indicators_item_code2, statistics.indicators.item_code3 AS statistics_indicators_item_code3, statistics.indicators.item_code4 AS statistics_indicators_item_code4 
FROM statistics.indicators 
WHERE statistics.indicators.indicator_id = %(pk_1)s]
[parameters: {'pk_1': 'kr.cpi.headline.m'}]
(Background on this error at: https://sqlalche.me/e/20/f405)
Traceback (most recent call last):
  File "/home/asd1702/fin_sight_server/.venv/lib/python3.10/site-packages/sqlalchemy/engine/base.py", line 1967, in _exec_single_context
    self.dialect.do_execute(
  File "/home/asd1702/fin_sight_server/.venv/lib/python3.10/site-packages/sqlalchemy/engine/default.py", line 951, in do_execute
    cursor.execute(statement, parameters)
psycopg2.errors.UndefinedTable: relation "statistics.indicators" does not exist
LINE 2: FROM statistics.indicators 
             ^


The above exception was the direct cause of the following exception:

Traceback (most recent call last):
  File "/home/asd1702/fin_sight_server/scripts/seed_statistics.py", line 52, in seed_statistics_data
    db.merge(indicator) # Primary Key 기준으로 없으면 INSERT, 있으면 UPDATE
  File "/home/asd1702/fin_sight_server/.venv/lib/python3.10/site-packages/sqlalchemy/orm/session.py", line 3959, in merge
    return self._merge(
  File "/home/asd1702/fin_sight_server/.venv/lib/python3.10/site-packages/sqlalchemy/orm/session.py", line 4037, in _merge
    merged = self.get(
  File "/home/asd1702/fin_sight_server/.venv/lib/python3.10/site-packages/sqlalchemy/orm/session.py", line 3694, in get
    return self._get_impl(
  File "/home/asd1702/fin_sight_server/.venv/lib/python3.10/site-packages/sqlalchemy/orm/session.py", line 3873, in _get_impl
    return db_load_fn(
  File "/home/asd1702/fin_sight_server/.venv/lib/python3.10/site-packages/sqlalchemy/orm/loading.py", line 695, in load_on_pk_identity
    session.execute(
  File "/home/asd1702/fin_sight_server/.venv/lib/python3.10/site-packages/sqlalchemy/orm/session.py", line 2365, in execute
    return self._execute_internal(
  File "/home/asd1702/fin_sight_server/.venv/lib/python3.10/site-packages/sqlalchemy/orm/session.py", line 2251, in _execute_internal
    result: Result[Any] = compile_state_cls.orm_execute_statement(
  File "/home/asd1702/fin_sight_server/.venv/lib/python3.10/site-packages/sqlalchemy/orm/context.py", line 306, in orm_execute_statement
    result = conn.execute(
  File "/home/asd1702/fin_sight_server/.venv/lib/python3.10/site-packages/sqlalchemy/engine/base.py", line 1419, in execute
    return meth(
  File "/home/asd1702/fin_sight_server/.venv/lib/python3.10/site-packages/sqlalchemy/sql/elements.py", line 526, in _execute_on_connection
    return connection._execute_clauseelement(
  File "/home/asd1702/fin_sight_server/.venv/lib/python3.10/site-packages/sqlalchemy/engine/base.py", line 1641, in _execute_clauseelement
    ret = self._execute_context(
  File "/home/asd1702/fin_sight_server/.venv/lib/python3.10/site-packages/sqlalchemy/engine/base.py", line 1846, in _execute_context
    return self._exec_single_context(
  File "/home/asd1702/fin_sight_server/.venv/lib/python3.10/site-packages/sqlalchemy/engine/base.py", line 1986, in _exec_single_context
    self._handle_dbapi_exception(
  File "/home/asd1702/fin_sight_server/.venv/lib/python3.10/site-packages/sqlalchemy/engine/base.py", line 2355, in _handle_dbapi_exception
    raise sqlalchemy_exception.with_traceback(exc_info[2]) from e
  File "/home/asd1702/fin_sight_server/.venv/lib/python3.10/site-packages/sqlalchemy/engine/base.py", line 1967, in _exec_single_context
    self.dialect.do_execute(
  File "/home/asd1702/fin_sight_server/.venv/lib/python3.10/site-packages/sqlalchemy/engine/default.py", line 951, in do_execute
    cursor.execute(statement, parameters)
sqlalchemy.exc.ProgrammingError: (psycopg2.errors.UndefinedTable) relation "statistics.indicators" does not exist
LINE 2: FROM statistics.indicators 
             ^

[SQL: SELECT statistics.indicators.indicator_id AS statistics_indicators_indicator_id, statistics.indicators.name AS statistics_indicators_name, statistics.indicators.frequency AS statistics_indicators_frequency, statistics.indicators.unit AS statistics_indicators_unit, statistics.indicators.source AS statistics_indicators_source, statistics.indicators.notes AS statistics_indicators_notes, statistics.indicators.stat_code AS statistics_indicators_stat_code, statistics.indicators.item_code1 AS statistics_indicators_item_code1, statistics.indicators.item_code2 AS statistics_indicators_item_code2, statistics.indicators.item_code3 AS statistics_indicators_item_code3, statistics.indicators.item_code4 AS statistics_indicators_item_code4 
FROM statistics.indicators 
WHERE statistics.indicators.indicator_id = %(pk_1)s]
[parameters: {'pk_1': 'kr.cpi.headline.m'}]
(Background on this error at: https://sqlalche.me/e/20/f405)
2025-09-07 18:43:48,629 - INFO - __main__ - '/home/asd1702/fin_sight_server/data/catalog_core15.json'에서 지표 메타데이터를 로드합니다.
2025-09-07 18:43:48,667 - CRITICAL - __main__ - DB 구축 중 예상치 못한 오류 발생: (psycopg2.errors.UndefinedTable) relation "statistics.indicators" does not exist
LINE 2: FROM statistics.indicators 
             ^

[SQL: SELECT statistics.indicators.indicator_id AS statistics_indicators_indicator_id, statistics.indicators.name AS statistics_indicators_name, statistics.indicators.frequency AS statistics_indicators_frequency, statistics.indicators.unit AS statistics_indicators_unit, statistics.indicators.source AS statistics_indicators_source, statistics.indicators.notes AS statistics_indicators_notes, statistics.indicators.stat_code AS statistics_indicators_stat_code, statistics.indicators.item_code1 AS statistics_indicators_item_code1, statistics.indicators.item_code2 AS statistics_indicators_item_code2, statistics.indicators.item_code3 AS statistics_indicators_item_code3, statistics.indicators.item_code4 AS statistics_indicators_item_code4 
FROM statistics.indicators 
WHERE statistics.indicators.indicator_id = %(pk_1)s]
[parameters: {'pk_1': 'kr.cpi.headline.m'}]
(Background on this error at: https://sqlalche.me/e/20/f405)
Traceback (most recent call last):
  File "/home/asd1702/fin_sight_server/.venv/lib/python3.10/site-packages/sqlalchemy/engine/base.py", line 1967, in _exec_single_context
    self.dialect.do_execute(
  File "/home/asd1702/fin_sight_server/.venv/lib/python3.10/site-packages/sqlalchemy/engine/default.py", line 951, in do_execute
    cursor.execute(statement, parameters)
psycopg2.errors.UndefinedTable: relation "statistics.indicators" does not exist
LINE 2: FROM statistics.indicators 
             ^


The above exception was the direct cause of the following exception:

Traceback (most recent call last):
  File "/home/asd1702/fin_sight_server/scripts/seed_statistics.py", line 52, in seed_statistics_data
    db.merge(indicator) # Primary Key 기준으로 없으면 INSERT, 있으면 UPDATE
  File "/home/asd1702/fin_sight_server/.venv/lib/python3.10/site-packages/sqlalchemy/orm/session.py", line 3959, in merge
    return self._merge(
  File "/home/asd1702/fin_sight_server/.venv/lib/python3.10/site-packages/sqlalchemy/orm/session.py", line 4037, in _merge
    merged = self.get(
  File "/home/asd1702/fin_sight_server/.venv/lib/python3.10/site-packages/sqlalchemy/orm/session.py", line 3694, in get
    return self._get_impl(
  File "/home/asd1702/fin_sight_server/.venv/lib/python3.10/site-packages/sqlalchemy/orm/session.py", line 3873, in _get_impl
    return db_load_fn(
  File "/home/asd1702/fin_sight_server/.venv/lib/python3.10/site-packages/sqlalchemy/orm/loading.py", line 695, in load_on_pk_identity
    session.execute(
  File "/home/asd1702/fin_sight_server/.venv/lib/python3.10/site-packages/sqlalchemy/orm/session.py", line 2365, in execute
    return self._execute_internal(
  File "/home/asd1702/fin_sight_server/.venv/lib/python3.10/site-packages/sqlalchemy/orm/session.py", line 2251, in _execute_internal
    result: Result[Any] = compile_state_cls.orm_execute_statement(
  File "/home/asd1702/fin_sight_server/.venv/lib/python3.10/site-packages/sqlalchemy/orm/context.py", line 306, in orm_execute_statement
    result = conn.execute(
  File "/home/asd1702/fin_sight_server/.venv/lib/python3.10/site-packages/sqlalchemy/engine/base.py", line 1419, in execute
    return meth(
  File "/home/asd1702/fin_sight_server/.venv/lib/python3.10/site-packages/sqlalchemy/sql/elements.py", line 526, in _execute_on_connection
    return connection._execute_clauseelement(
  File "/home/asd1702/fin_sight_server/.venv/lib/python3.10/site-packages/sqlalchemy/engine/base.py", line 1641, in _execute_clauseelement
    ret = self._execute_context(
  File "/home/asd1702/fin_sight_server/.venv/lib/python3.10/site-packages/sqlalchemy/engine/base.py", line 1846, in _execute_context
    return self._exec_single_context(
  File "/home/asd1702/fin_sight_server/.venv/lib/python3.10/site-packages/sqlalchemy/engine/base.py", line 1986, in _exec_single_context
    self._handle_dbapi_exception(
  File "/home/asd1702/fin_sight_server/.venv/lib/python3.10/site-packages/sqlalchemy/engine/base.py", line 2355, in _handle_dbapi_exception
    raise sqlalchemy_exception.with_traceback(exc_info[2]) from e
  File "/home/asd1702/fin_sight_server/.venv/lib/python3.10/site-packages/sqlalchemy/engine/base.py", line 1967, in _exec_single_context
    self.dialect.do_execute(
  File "/home/asd1702/fin_sight_server/.venv/lib/python3.10/site-packages/sqlalchemy/engine/default.py", line 951, in do_execute
    cursor.execute(statement, parameters)
sqlalchemy.exc.ProgrammingError: (psycopg2.errors.UndefinedTable) relation "statistics.indicators" does not exist
LINE 2: FROM statistics.indicators 
             ^

[SQL: SELECT statistics.indicators.indicator_id AS statistics_indicators_indicator_id, statistics.indicators.name AS statistics_indicators_name, statistics.indicators.frequency AS statistics_indicators_frequency, statistics.indicators.unit AS statistics_indicators_unit, statistics.indicators.source AS statistics_indicators_source, statistics.indicators.notes AS statistics_indicators_notes, statistics.indicators.stat_code AS statistics_indicators_stat_code, statistics.indicators.item_code1 AS statistics_indicators_item_code1, statistics.indicators.item_code2 AS statistics_indicators_item_code2, statistics.indicators.item_code3 AS statistics_indicators_item_code3, statistics.indicators.item_code4 AS statistics_indicators_item_code4 
FROM statistics.indicators 
WHERE statistics.indicators.indicator_id = %(pk_1)s]
[parameters: {'pk_1': 'kr.cpi.headline.m'}]
(Background on this error at: https://sqlalche.me/e/20/f405)
2025-09-08 15:04:59,820 - INFO - __main__ - '/home/asd1702/fin_sight_server/data/catalog_core15.json'에서 지표 메타데이터를 로드합니다.
2025-09-08 15:04:59,862 - CRITICAL - __main__ - DB 구축 중 예상치 못한 오류 발생: (psycopg2.errors.UndefinedTable) relation "statistics.indicators" does not exist
LINE 2: FROM statistics.indicators 
             ^

[SQL: SELECT statistics.indicators.indicator_id AS statistics_indicators_indicator_id, statistics.indicators.name AS statistics_indicators_name, statistics.indicators.frequency AS statistics_indicators_frequency, statistics.indicators.unit AS statistics_indicators_unit, statistics.indicators.source AS statistics_indicators_source, statistics.indicators.notes AS statistics_indicators_notes, statistics.indicators.stat_code AS statistics_indicators_stat_code, statistics.indicators.item_code1 AS statistics_indicators_item_code1, statistics.indicators.item_code2 AS statistics_indicators_item_code2, statistics.indicators.item_code3 AS statistics_indicators_item_code3, statistics.indicators.item_code4 AS statistics_indicators_item_code4 
FROM statistics.indicators 
WHERE statistics.indicators.indicator_id = %(pk_1)s]
[parameters: {'pk_1': 'kr.cpi.headline.m'}]
(Background on this error at: https://sqlalche.me/e/20/f405)
Traceback (most recent call last):
  File "/home/asd1702/fin_sight_server/.venv/lib/python3.10/site-packages/sqlalchemy/engine/base.py", line 1967, in _exec_single_context
    self.dialect.do_execute(
  File "/home/asd1702/fin_sight_server/.venv/lib/python3.10/site-packages/sqlalchemy/engine/default.py", line 951, in do_execute
    cursor.execute(statement, parameters)
psycopg2.errors.UndefinedTable: relation "statistics.indicators" does not exist
LINE 2: FROM statistics.indicators 
             ^


The above exception was the direct cause of the following exception:

Traceback (most recent call last):
  File "/home/asd1702/fin_sight_server/scripts/seed_statistics.py", line 52, in seed_statistics_data
    db.merge(indicator) # Primary Key 기준으로 없으면 INSERT, 있으면 UPDATE
  File "/home/asd1702/fin_sight_server/.venv/lib/python3.10/site-packages/sqlalchemy/orm/session.py", line 3959, in merge
    return self._merge(
  File "/home/asd1702/fin_sight_server/.venv/lib/python3.10/site-packages/sqlalchemy/orm/session.py", line 4037, in _merge
    merged = self.get(
  File "/home/asd1702/fin_sight_server/.venv/lib/python3.10/site-packages/sqlalchemy/orm/session.py", line 3694, in get
    return self._get_impl(
  File "/home/asd1702/fin_sight_server/.venv/lib/python3.10/site-packages/sqlalchemy/orm/session.py", line 3873, in _get_impl
    return db_load_fn(
  File "/home/asd1702/fin_sight_server/.venv/lib/python3.10/site-packages/sqlalchemy/orm/loading.py", line 695, in load_on_pk_identity
    session.execute(
  File "/home/asd1702/fin_sight_server/.venv/lib/python3.10/site-packages/sqlalchemy/orm/session.py", line 2365, in execute
    return self._execute_internal(
  File "/home/asd1702/fin_sight_server/.venv/lib/python3.10/site-packages/sqlalchemy/orm/session.py", line 2251, in _execute_internal
    result: Result[Any] = compile_state_cls.orm_execute_statement(
  File "/home/asd1702/fin_sight_server/.venv/lib/python3.10/site-packages/sqlalchemy/orm/context.py", line 306, in orm_execute_statement
    result = conn.execute(
  File "/home/asd1702/fin_sight_server/.venv/lib/python3.10/site-packages/sqlalchemy/engine/base.py", line 1419, in execute
    return meth(
  File "/home/asd1702/fin_sight_server/.venv/lib/python3.10/site-packages/sqlalchemy/sql/elements.py", line 526, in _execute_on_connection
    return connection._execute_clauseelement(
  File "/home/asd1702/fin_sight_server/.venv/lib/python3.10/site-packages/sqlalchemy/engine/base.py", line 1641, in _execute_clauseelement
    ret = self._execute_context(
  File "/home/asd1702/fin_sight_server/.venv/lib/python3.10/site-packages/sqlalchemy/engine/base.py", line 1846, in _execute_context
    return self._exec_single_context(
  File "/home/asd1702/fin_sight_server/.venv/lib/python3.10/site-packages/sqlalchemy/engine/base.py", line 1986, in _exec_single_context
    self._handle_dbapi_exception(
  File "/home/asd1702/fin_sight_server/.venv/lib/python3.10/site-packages/sqlalchemy/engine/base.py", line 2355, in _handle_dbapi_exception
    raise sqlalchemy_exception.with_traceback(exc_info[2]) from e
  File "/home/asd1702/fin_sight_server/.venv/lib/python3.10/site-packages/sqlalchemy/engine/base.py", line 1967, in _exec_single_context
    self.dialect.do_execute(
  File "/home/asd1702/fin_sight_server/.venv/lib/python3.10/site-packages/sqlalchemy/engine/default.py", line 951, in do_execute
    cursor.execute(statement, parameters)
sqlalchemy.exc.ProgrammingError: (psycopg2.errors.UndefinedTable) relation "statistics.indicators" does not exist
LINE 2: FROM statistics.indicators 
             ^

[SQL: SELECT statistics.indicators.indicator_id AS statistics_indicators_indicator_id, statistics.indicators.name AS statistics_indicators_name, statistics.indicators.frequency AS statistics_indicators_frequency, statistics.indicators.unit AS statistics_indicators_unit, statistics.indicators.source AS statistics_indicators_source, statistics.indicators.notes AS statistics_indicators_notes, statistics.indicators.stat_code AS statistics_indicators_stat_code, statistics.indicators.item_code1 AS statistics_indicators_item_code1, statistics.indicators.item_code2 AS statistics_indicators_item_code2, statistics.indicators.item_code3 AS statistics_indicators_item_code3, statistics.indicators.item_code4 AS statistics_indicators_item_code4 
FROM statistics.indicators 
WHERE statistics.indicators.indicator_id = %(pk_1)s]
[parameters: {'pk_1': 'kr.cpi.headline.m'}]
(Background on this error at: https://sqlalche.me/e/20/f405)
2025-09-08 23:58:06,473 - INFO - __main__ - '/home/asd1702/fin_sight_server/data/catalog_core15.json'에서 지표 메타데이터를 로드합니다.
2025-09-08 23:58:06,533 - CRITICAL - __main__ - DB 구축 중 예상치 못한 오류 발생: (psycopg2.errors.NotNullViolation) null value in column "name" of relation "indicators" violates not-null constraint
DETAIL:  Failing row contains (kr.indprod.m, null, null, null, ECOS, observations.jsonl에서 발견되지 않음, null, null, null, null, null).

[SQL: INSERT INTO statistics.indicators (indicator_id, name, frequency, unit, source, notes, stat_code, item_code1, item_code2, item_code3, item_code4) VALUES (%(indicator_id__0)s, %(name__0)s, %(frequency__0)s, %(unit__0)s, %(source__0)s, %(notes__0)s, %( ... 2706 characters truncated ... , %(stat_code__14)s, %(item_code1__14)s, %(item_code2__14)s, %(item_code3__14)s, %(item_code4__14)s)]
[parameters: {'name__0': '4.2.1. 소비자물가지수', 'frequency__0': 'M', 'source__0': 'ECOS', 'indicator_id__0': 'kr.cpi.headline.m', 'item_code3__0': None, 'stat_code__0': '901Y009', 'item_code2__0': None, 'unit__0': '2020=100', 'item_code1__0': '0', 'item_code4__0': None, 'notes__0': '총지수', 'name__1': '4.2.2. 소비자물가지수(특수분류)', 'frequency__1': 'M', 'source__1': 'ECOS', 'indicator_id__1': 'kr.cpi.core.m', 'item_code3__1': None, 'stat_code__1': '901Y010', 'item_code2__1': None, 'unit__1': '2020=100', 'item_code1__1': 'DB', 'item_code4__1': None, 'notes__1': '식료품 및 에너지 제외 지수', 'name__2': '4.1.1.1. 생산자물가지수(기본분류)', 'frequency__2': 'M', 'source__2': 'ECOS', 'indicator_id__2': 'kr.ppi.m', 'item_code3__2': None, 'stat_code__2': '404Y014', 'item_code2__2': None, 'unit__2': '2020=100', 'item_code1__2': '*AA', 'item_code4__2': None, 'notes__2': '총지수', 'name__3': '2.1.2.1.2. 경제활동별 GDP 및 GNI(계절조정, 실질, 분기)', 'frequency__3': 'Q', 'source__3': 'ECOS', 'indicator_id__3': 'kr.gdp.q', 'item_code3__3': None, 'stat_code__3': '200Y104', 'item_code2__3': None, 'unit__3': '십억원', 'item_code1__3': '1400', 'item_code4__3': None, 'notes__3': '국내총생산(시장가격, GDP)', 'name__4': '1.3.1. 한국은행 기준금리 및 여수신금리', 'frequency__4': 'M', 'source__4': 'ECOS', 'indicator_id__4': 'kr.base.rate.d', 'item_code3__4': None, 'stat_code__4': '722Y001' ... 65 parameters truncated ... 'stat_code__10': '802Y001', 'item_code2__10': None, 'unit__10': '1980.01.04=100 ', 'item_code1__10': '0001000', 'item_code4__10': None, 'notes__10': 'KOSPI지수', 'name__11': None, 'frequency__11': None, 'source__11': 'ECOS', 'indicator_id__11': 'kr.indprod.m', 'item_code3__11': None, 'stat_code__11': None, 'item_code2__11': None, 'unit__11': None, 'item_code1__11': None, 'item_code4__11': None, 'notes__11': 'observations.jsonl에서 발견되지 않음', 'name__12': None, 'frequency__12': None, 'source__12': 'ECOS', 'indicator_id__12': 'kr.retail.m', 'item_code3__12': None, 'stat_code__12': None, 'item_code2__12': None, 'unit__12': None, 'item_code1__12': None, 'item_code4__12': None, 'notes__12': 'observations.jsonl에서 발견되지 않음', 'name__13': None, 'frequency__13': None, 'source__13': 'ECOS', 'indicator_id__13': 'kr.unemp.rate.m', 'item_code3__13': None, 'stat_code__13': None, 'item_code2__13': None, 'unit__13': None, 'item_code1__13': None, 'item_code4__13': None, 'notes__13': 'observations.jsonl에서 발견되지 않음', 'name__14': None, 'frequency__14': None, 'source__14': 'ECOS', 'indicator_id__14': 'kr.employment.change.m', 'item_code3__14': None, 'stat_code__14': None, 'item_code2__14': None, 'unit__14': None, 'item_code1__14': None, 'item_code4__14': None, 'notes__14': 'observations.jsonl에서 발견되지 않음'}]
(Background on this error at: https://sqlalche.me/e/20/gkpj)
Traceback (most recent call last):
  File "/home/asd1702/fin_sight_server/.venv/lib/python3.10/site-packages/sqlalchemy/engine/base.py", line 2118, in _exec_insertmany_context
    dialect.do_execute(
  File "/home/asd1702/fin_sight_server/.venv/lib/python3.10/site-packages/sqlalchemy/engine/default.py", line 951, in do_execute
    cursor.execute(statement, parameters)
psycopg2.errors.NotNullViolation: null value in column "name" of relation "indicators" violates not-null constraint
DETAIL:  Failing row contains (kr.indprod.m, null, null, null, ECOS, observations.jsonl에서 발견되지 않음, null, null, null, null, null).


The above exception was the direct cause of the following exception:

Traceback (most recent call last):
  File "/home/asd1702/fin_sight_server/scripts/seed_statistics.py", line 53, in seed_statistics_data
    db.commit()
  File "/home/asd1702/fin_sight_server/.venv/lib/python3.10/site-packages/sqlalchemy/orm/session.py", line 2032, in commit
    trans.commit(_to_root=True)
  File "<string>", line 2, in commit
  File "/home/asd1702/fin_sight_server/.venv/lib/python3.10/site-packages/sqlalchemy/orm/state_changes.py", line 137, in _go
    ret_value = fn(self, *arg, **kw)
  File "/home/asd1702/fin_sight_server/.venv/lib/python3.10/site-packages/sqlalchemy/orm/session.py", line 1313, in commit
    self._prepare_impl()
  File "<string>", line 2, in _prepare_impl
  File "/home/asd1702/fin_sight_server/.venv/lib/python3.10/site-packages/sqlalchemy/orm/state_changes.py", line 137, in _go
    ret_value = fn(self, *arg, **kw)
  File "/home/asd1702/fin_sight_server/.venv/lib/python3.10/site-packages/sqlalchemy/orm/session.py", line 1288, in _prepare_impl
    self.session.flush()
  File "/home/asd1702/fin_sight_server/.venv/lib/python3.10/site-packages/sqlalchemy/orm/session.py", line 4345, in flush
    self._flush(objects)
  File "/home/asd1702/fin_sight_server/.venv/lib/python3.10/site-packages/sqlalchemy/orm/session.py", line 4480, in _flush
    with util.safe_reraise():
  File "/home/asd1702/fin_sight_server/.venv/lib/python3.10/site-packages/sqlalchemy/util/langhelpers.py", line 224, in __exit__
    raise exc_value.with_traceback(exc_tb)
  File "/home/asd1702/fin_sight_server/.venv/lib/python3.10/site-packages/sqlalchemy/orm/session.py", line 4441, in _flush
    flush_context.execute()
  File "/home/asd1702/fin_sight_server/.venv/lib/python3.10/site-packages/sqlalchemy/orm/unitofwork.py", line 466, in execute
    rec.execute(self)
  File "/home/asd1702/fin_sight_server/.venv/lib/python3.10/site-packages/sqlalchemy/orm/unitofwork.py", line 642, in execute
    util.preloaded.orm_persistence.save_obj(
  File "/home/asd1702/fin_sight_server/.venv/lib/python3.10/site-packages/sqlalchemy/orm/persistence.py", line 93, in save_obj
    _emit_insert_statements(
  File "/home/asd1702/fin_sight_server/.venv/lib/python3.10/site-packages/sqlalchemy/orm/persistence.py", line 1048, in _emit_insert_statements
    result = connection.execute(
  File "/home/asd1702/fin_sight_server/.venv/lib/python3.10/site-packages/sqlalchemy/engine/base.py", line 1419, in execute
    return meth(
  File "/home/asd1702/fin_sight_server/.venv/lib/python3.10/site-packages/sqlalchemy/sql/elements.py", line 526, in _execute_on_connection
    return connection._execute_clauseelement(
  File "/home/asd1702/fin_sight_server/.venv/lib/python3.10/site-packages/sqlalchemy/engine/base.py", line 1641, in _execute_clauseelement
    ret = self._execute_context(
  File "/home/asd1702/fin_sight_server/.venv/lib/python3.10/site-packages/sqlalchemy/engine/base.py", line 1844, in _execute_context
    return self._exec_insertmany_context(dialect, context)
  File "/home/asd1702/fin_sight_server/.venv/lib/python3.10/site-packages/sqlalchemy/engine/base.py", line 2126, in _exec_insertmany_context
    self._handle_dbapi_exception(
  File "/home/asd1702/fin_sight_server/.venv/lib/python3.10/site-packages/sqlalchemy/engine/base.py", line 2355, in _handle_dbapi_exception
    raise sqlalchemy_exception.with_traceback(exc_info[2]) from e
  File "/home/asd1702/fin_sight_server/.venv/lib/python3.10/site-packages/sqlalchemy/engine/base.py", line 2118, in _exec_insertmany_context
    dialect.do_execute(
  File "/home/asd1702/fin_sight_server/.venv/lib/python3.10/site-packages/sqlalchemy/engine/default.py", line 951, in do_execute
    cursor.execute(statement, parameters)
sqlalchemy.exc.IntegrityError: (psycopg2.errors.NotNullViolation) null value in column "name" of relation "indicators" violates not-null constraint
DETAIL:  Failing row contains (kr.indprod.m, null, null, null, ECOS, observations.jsonl에서 발견되지 않음, null, null, null, null, null).

[SQL: INSERT INTO statistics.indicators (indicator_id, name, frequency, unit, source, notes, stat_code, item_code1, item_code2, item_code3, item_code4) VALUES (%(indicator_id__0)s, %(name__0)s, %(frequency__0)s, %(unit__0)s, %(source__0)s, %(notes__0)s, %( ... 2706 characters truncated ... , %(stat_code__14)s, %(item_code1__14)s, %(item_code2__14)s, %(item_code3__14)s, %(item_code4__14)s)]
[parameters: {'name__0': '4.2.1. 소비자물가지수', 'frequency__0': 'M', 'source__0': 'ECOS', 'indicator_id__0': 'kr.cpi.headline.m', 'item_code3__0': None, 'stat_code__0': '901Y009', 'item_code2__0': None, 'unit__0': '2020=100', 'item_code1__0': '0', 'item_code4__0': None, 'notes__0': '총지수', 'name__1': '4.2.2. 소비자물가지수(특수분류)', 'frequency__1': 'M', 'source__1': 'ECOS', 'indicator_id__1': 'kr.cpi.core.m', 'item_code3__1': None, 'stat_code__1': '901Y010', 'item_code2__1': None, 'unit__1': '2020=100', 'item_code1__1': 'DB', 'item_code4__1': None, 'notes__1': '식료품 및 에너지 제외 지수', 'name__2': '4.1.1.1. 생산자물가지수(기본분류)', 'frequency__2': 'M', 'source__2': 'ECOS', 'indicator_id__2': 'kr.ppi.m', 'item_code3__2': None, 'stat_code__2': '404Y014', 'item_code2__2': None, 'unit__2': '2020=100', 'item_code1__2': '*AA', 'item_code4__2': None, 'notes__2': '총지수', 'name__3': '2.1.2.1.2. 경제활동별 GDP 및 GNI(계절조정, 실질, 분기)', 'frequency__3': 'Q', 'source__3': 'ECOS', 'indicator_id__3': 'kr.gdp.q', 'item_code3__3': None, 'stat_code__3': '200Y104', 'item_code2__3': None, 'unit__3': '십억원', 'item_code1__3': '1400', 'item_code4__3': None, 'notes__3': '국내총생산(시장가격, GDP)', 'name__4': '1.3.1. 한국은행 기준금리 및 여수신금리', 'frequency__4': 'M', 'source__4': 'ECOS', 'indicator_id__4': 'kr.base.rate.d', 'item_code3__4': None, 'stat_code__4': '722Y001' ... 65 parameters truncated ... 'stat_code__10': '802Y001', 'item_code2__10': None, 'unit__10': '1980.01.04=100 ', 'item_code1__10': '0001000', 'item_code4__10': None, 'notes__10': 'KOSPI지수', 'name__11': None, 'frequency__11': None, 'source__11': 'ECOS', 'indicator_id__11': 'kr.indprod.m', 'item_code3__11': None, 'stat_code__11': None, 'item_code2__11': None, 'unit__11': None, 'item_code1__11': None, 'item_code4__11': None, 'notes__11': 'observations.jsonl에서 발견되지 않음', 'name__12': None, 'frequency__12': None, 'source__12': 'ECOS', 'indicator_id__12': 'kr.retail.m', 'item_code3__12': None, 'stat_code__12': None, 'item_code2__12': None, 'unit__12': None, 'item_code1__12': None, 'item_code4__12': None, 'notes__12': 'observations.jsonl에서 발견되지 않음', 'name__13': None, 'frequency__13': None, 'source__13': 'ECOS', 'indicator_id__13': 'kr.unemp.rate.m', 'item_code3__13': None, 'stat_code__13': None, 'item_code2__13': None, 'unit__13': None, 'item_code1__13': None, 'item_code4__13': None, 'notes__13': 'observations.jsonl에서 발견되지 않음', 'name__14': None, 'frequency__14': None, 'source__14': 'ECOS', 'indicator_id__14': 'kr.employment.change.m', 'item_code3__14': None, 'stat_code__14': None, 'item_code2__14': None, 'unit__14': None, 'item_code1__14': None, 'item_code4__14': None, 'notes__14': 'observations.jsonl에서 발견되지 않음'}]
(Background on this error at: https://sqlalche.me/e/20/gkpj)
2025-09-09 01:52:06,154 - INFO - __main__ - '/home/asd1702/fin_sight_server/data/catalog_core15.json'에서 지표 메타데이터를 로드합니다.
2025-09-09 01:52:06,260 - WARNING - __main__ - 지표 ID 'kr.indprod.m'의 이름이 없어 건너뜁니다.
2025-09-09 01:52:06,261 - WARNING - __main__ - 지표 ID 'kr.retail.m'의 이름이 없어 건너뜁니다.
2025-09-09 01:52:06,261 - WARNING - __main__ - 지표 ID 'kr.unemp.rate.m'의 이름이 없어 건너뜁니다.
2025-09-09 01:52:06,261 - WARNING - __main__ - 지표 ID 'kr.employment.change.m'의 이름이 없어 건너뜁니다.
2025-09-09 01:52:06,267 - INFO - __main__ - 지표 메타데이터 저장 완료.
2025-09-09 01:52:06,267 - INFO - __main__ - '/home/asd1702/fin_sight_server/data/observations_core15.jsonl'에서 시계열 데이터를 로드하여 저장합니다.
2025-09-09 01:52:06,513 - INFO - __main__ - 모든 시계열 데이터 저장 완료.
2025-09-09 01:52:06,513 - INFO - __main__ - 통계 DB 구축이 성공적으로 완료되었습니다.
2025-09-09 17:55:51,436 - INFO - __main__ - 
--- 1단계: 신규 기사 수집 시작 ---
2025-09-09 17:55:51,661 - INFO - app.core.collectors - 네이버 API '금리' 키워드로 5개 기사 메타데이터 수신 성공.
2025-09-09 17:55:51,662 - INFO - app.core.monitoring - 성능 모니터링 - call_naver_api: 실행시간=0.20초, 메모리변화=+0.0%, 현재메모리=60.8%
2025-09-09 17:55:52,030 - INFO - app.core.monitoring - 성능 모니터링 - crawl_article_with_newspaper3k: 실행시간=0.37초, 메모리변화=+0.0%, 현재메모리=60.8%
2025-09-09 17:55:52,240 - INFO - app.core.services - 신규 기사 저장 완료: (ID: 1) KRX 금시장 하루 거래량 1톤 넘었다...2014년 시장 개설 이후 '최고'
2025-09-09 17:55:52,691 - INFO - app.core.monitoring - 성능 모니터링 - crawl_article_with_newspaper3k: 실행시간=0.45초, 메모리변화=+0.0%, 현재메모리=60.8%
2025-09-09 17:55:52,707 - INFO - app.core.services - 신규 기사 저장 완료: (ID: 2) 달러 약세·금리인하 기대감에 금값 파죽지세…"연말 4000달러 간다"
2025-09-09 17:55:52,974 - INFO - app.core.monitoring - 성능 모니터링 - crawl_article_with_newspaper3k: 실행시간=0.27초, 메모리변화=+0.0%, 현재메모리=60.8%
2025-09-09 17:55:52,995 - INFO - app.core.services - 신규 기사 저장 완료: (ID: 3) 예금자보호 1억에 7단계 평가까지…저축은행, 예보료 '이중 압박' 직면
2025-09-09 17:55:53,361 - INFO - app.core.monitoring - 성능 모니터링 - crawl_article_with_newspaper3k: 실행시간=0.36초, 메모리변화=+0.0%, 현재메모리=60.8%
2025-09-09 17:55:53,370 - INFO - app.core.services - 신규 기사 저장 완료: (ID: 4) KRX금시장, 사상 최초 ‘일일 거래 1톤’ 돌파
2025-09-09 17:55:53,729 - INFO - app.core.monitoring - 성능 모니터링 - crawl_article_with_newspaper3k: 실행시간=0.36초, 메모리변화=+0.0%, 현재메모리=60.8%
2025-09-09 17:55:53,744 - INFO - app.core.services - 신규 기사 저장 완료: (ID: 5) 美 금리 인하 기대·Fed 독립성 우려에…금값, 3600달러 '최고가' - 인더스트리뉴스
2025-09-09 17:55:53,745 - INFO - __main__ - --- 1단계: 신규 기사 수집 완료 ---

2025-09-09 23:03:27,522 - INFO - __main__ - 
--- 1단계: 신규 기사 수집 시작 ---
2025-09-09 23:03:27,750 - INFO - app.core.collectors - 네이버 API '금리' 키워드로 5개 기사 메타데이터 수신 성공.
2025-09-09 23:03:27,753 - INFO - app.core.monitoring - 성능 모니터링 - call_naver_api: 실행시간=0.21초, 메모리변화=+0.0%, 현재메모리=58.9%
2025-09-09 23:03:29,380 - INFO - app.core.monitoring - 성능 모니터링 - crawl_article_with_newspaper3k: 실행시간=1.63초, 메모리변화=+0.0%, 현재메모리=58.9%
2025-09-09 23:03:29,485 - INFO - app.core.services - 신규 기사 저장 완료: (ID: 6) 트럼프 대통령 “연준 고장났다…고쳐야 한다”
2025-09-09 23:03:29,911 - INFO - app.core.monitoring - 성능 모니터링 - crawl_article_with_newspaper3k: 실행시간=0.43초, 메모리변화=+0.0%, 현재메모리=58.9%
2025-09-09 23:03:29,922 - INFO - app.core.services - 신규 기사 저장 완료: (ID: 7) [AI 투자영상 해설 ①] KB자산운용 "요즘, 투자 뭐해?...9월 증시, 위기인가 기회인가"
2025-09-09 23:03:30,271 - INFO - app.core.monitoring - 성능 모니터링 - crawl_article_with_newspaper3k: 실행시간=0.35초, 메모리변화=+0.0%, 현재메모리=58.9%
2025-09-09 23:03:30,279 - INFO - app.core.services - 신규 기사 저장 완료: (ID: 8) 이 대통령 "연 15.9% 서민 대출 금리 잔인...근본 해법 필요"
2025-09-09 23:03:30,503 - INFO - app.core.collectors - 기사 본문 길이 부족으로 건너뜀: 85자 (최소 200자 필요) - https://www.ytn.co.kr/_ln/0102_202509092252509918
2025-09-09 23:03:30,504 - INFO - app.core.monitoring - 성능 모니터링 - crawl_article_with_newspaper3k: 실행시간=0.22초, 메모리변화=+0.0%, 현재메모리=58.9%
2025-09-09 23:03:30,507 - WARNING - __main__ - 콘텐츠가 너무 짧거나 없어서 수집을 건너뜁니다: https://www.ytn.co.kr/_ln/0102_202509092252509918
2025-09-09 23:03:30,788 - INFO - app.core.monitoring - 성능 모니터링 - crawl_article_with_newspaper3k: 실행시간=0.28초, 메모리변화=+0.0%, 현재메모리=58.9%
2025-09-09 23:03:30,795 - INFO - app.core.services - 신규 기사 저장 완료: (ID: 9) [데스크의 눈] 재정준칙 논의는 언제 ?
2025-09-09 23:03:30,796 - INFO - __main__ - --- 1단계: 신규 기사 수집 완료 ---

2025-09-09 23:03:30,803 - INFO - __main__ - --- 2단계: 총 9개의 기사 처리 시작 ---
2025-09-09 23:03:30,811 - INFO - app.core.services - 기사 ID 1의 상태를 PROCESSING(으)로 업데이트.
2025-09-09 23:03:40,970 - INFO - httpx - HTTP Request: POST https://api.openai.com/v1/chat/completions "HTTP/1.1 200 OK"
2025-09-09 23:03:40,997 - INFO - app.core.processors - LLM 분석 데이터 수신 및 파싱 성공
2025-09-09 23:03:40,998 - WARNING - app.core.monitoring - 성능 모니터링 - analyze_article_with_llm: 실행시간=10.18초, 메모리변화=+0.2%, 현재메모리=59.1%
2025-09-09 23:03:41,005 - INFO - __main__ - 기사 ID 1: LLM이 관련 지표 ['kr.govbond.10y.d']를 식별했습니다. 시계열 데이터를 조회합니다.
2025-09-09 23:03:41,030 - ERROR - app.core.services - 기사 ID 1의 분석 결과 저장 중 예상치 못한 오류 발생: 'statistics_data' is an invalid keyword argument for EnrichedArticle
2025-09-09 23:03:41,034 - CRITICAL - __main__ - 
기사 ID 1 처리 중 예상치 못한 심각한 오류 발생: 'statistics_data' is an invalid keyword argument for EnrichedArticle
Traceback (most recent call last):
  File "/home/asd1702/fin_sight_server/pipeline.py", line 83, in run_article_processing_pipeline
    services.save_enriched_data_and_cleanup(db, article, analysis_result, final_stats_data)
  File "/home/asd1702/fin_sight_server/app/core/services.py", line 207, in save_enriched_data_and_cleanup
    new_enriched = EnrichedArticle(
  File "<string>", line 4, in __init__
  File "/home/asd1702/fin_sight_server/.venv/lib/python3.10/site-packages/sqlalchemy/orm/state.py", line 571, in _initialize_instance
    with util.safe_reraise():
  File "/home/asd1702/fin_sight_server/.venv/lib/python3.10/site-packages/sqlalchemy/util/langhelpers.py", line 224, in __exit__
    raise exc_value.with_traceback(exc_tb)
  File "/home/asd1702/fin_sight_server/.venv/lib/python3.10/site-packages/sqlalchemy/orm/state.py", line 569, in _initialize_instance
    manager.original_init(*mixed[1:], **kwargs)
  File "/home/asd1702/fin_sight_server/.venv/lib/python3.10/site-packages/sqlalchemy/orm/decl_base.py", line 2179, in _declarative_constructor
    raise TypeError(
TypeError: 'statistics_data' is an invalid keyword argument for EnrichedArticle
2025-09-09 23:03:41,059 - INFO - app.core.services - 기사 ID 1의 상태를 FAILED(으)로 업데이트.
2025-09-09 23:03:41,070 - INFO - app.core.services - 기사 ID 2의 상태를 PROCESSING(으)로 업데이트.
2025-09-09 23:03:50,609 - INFO - httpx - HTTP Request: POST https://api.openai.com/v1/chat/completions "HTTP/1.1 200 OK"
2025-09-09 23:03:50,626 - INFO - app.core.processors - LLM 분석 데이터 수신 및 파싱 성공
2025-09-09 23:03:50,627 - WARNING - app.core.monitoring - 성능 모니터링 - analyze_article_with_llm: 실행시간=9.55초, 메모리변화=+0.0%, 현재메모리=59.1%
2025-09-09 23:03:50,627 - INFO - __main__ - 기사 ID 2: LLM이 관련 지표 ['kr.base.rate.d', 'kr.kospi.d']를 식별했습니다. 시계열 데이터를 조회합니다.
2025-09-09 23:03:50,657 - ERROR - app.core.services - 기사 ID 2의 분석 결과 저장 중 예상치 못한 오류 발생: 'statistics_data' is an invalid keyword argument for EnrichedArticle
2025-09-09 23:03:50,660 - CRITICAL - __main__ - 
기사 ID 2 처리 중 예상치 못한 심각한 오류 발생: 'statistics_data' is an invalid keyword argument for EnrichedArticle
Traceback (most recent call last):
  File "/home/asd1702/fin_sight_server/pipeline.py", line 83, in run_article_processing_pipeline
    services.save_enriched_data_and_cleanup(db, article, analysis_result, final_stats_data)
  File "/home/asd1702/fin_sight_server/app/core/services.py", line 207, in save_enriched_data_and_cleanup
    new_enriched = EnrichedArticle(
  File "<string>", line 4, in __init__
  File "/home/asd1702/fin_sight_server/.venv/lib/python3.10/site-packages/sqlalchemy/orm/state.py", line 571, in _initialize_instance
    with util.safe_reraise():
  File "/home/asd1702/fin_sight_server/.venv/lib/python3.10/site-packages/sqlalchemy/util/langhelpers.py", line 224, in __exit__
    raise exc_value.with_traceback(exc_tb)
  File "/home/asd1702/fin_sight_server/.venv/lib/python3.10/site-packages/sqlalchemy/orm/state.py", line 569, in _initialize_instance
    manager.original_init(*mixed[1:], **kwargs)
  File "/home/asd1702/fin_sight_server/.venv/lib/python3.10/site-packages/sqlalchemy/orm/decl_base.py", line 2179, in _declarative_constructor
    raise TypeError(
TypeError: 'statistics_data' is an invalid keyword argument for EnrichedArticle
2025-09-09 23:03:50,690 - INFO - app.core.services - 기사 ID 2의 상태를 FAILED(으)로 업데이트.
2025-09-09 23:03:50,699 - INFO - app.core.services - 기사 ID 3의 상태를 PROCESSING(으)로 업데이트.
2025-09-09 23:04:01,256 - INFO - httpx - HTTP Request: POST https://api.openai.com/v1/chat/completions "HTTP/1.1 200 OK"
2025-09-09 23:04:01,258 - INFO - app.core.processors - LLM 분석 데이터 수신 및 파싱 성공
2025-09-09 23:04:01,259 - WARNING - app.core.monitoring - 성능 모니터링 - analyze_article_with_llm: 실행시간=10.56초, 메모리변화=+0.0%, 현재메모리=59.1%
2025-09-09 23:04:01,259 - INFO - __main__ - 기사 ID 3: LLM이 관련 지표 ['kr.base.rate.d', 'kr.kospi.d']를 식별했습니다. 시계열 데이터를 조회합니다.
2025-09-09 23:04:01,269 - ERROR - app.core.services - 기사 ID 3의 분석 결과 저장 중 예상치 못한 오류 발생: 'statistics_data' is an invalid keyword argument for EnrichedArticle
2025-09-09 23:04:01,276 - CRITICAL - __main__ - 
기사 ID 3 처리 중 예상치 못한 심각한 오류 발생: 'statistics_data' is an invalid keyword argument for EnrichedArticle
Traceback (most recent call last):
  File "/home/asd1702/fin_sight_server/pipeline.py", line 83, in run_article_processing_pipeline
    services.save_enriched_data_and_cleanup(db, article, analysis_result, final_stats_data)
  File "/home/asd1702/fin_sight_server/app/core/services.py", line 207, in save_enriched_data_and_cleanup
    new_enriched = EnrichedArticle(
  File "<string>", line 4, in __init__
  File "/home/asd1702/fin_sight_server/.venv/lib/python3.10/site-packages/sqlalchemy/orm/state.py", line 571, in _initialize_instance
    with util.safe_reraise():
  File "/home/asd1702/fin_sight_server/.venv/lib/python3.10/site-packages/sqlalchemy/util/langhelpers.py", line 224, in __exit__
    raise exc_value.with_traceback(exc_tb)
  File "/home/asd1702/fin_sight_server/.venv/lib/python3.10/site-packages/sqlalchemy/orm/state.py", line 569, in _initialize_instance
    manager.original_init(*mixed[1:], **kwargs)
  File "/home/asd1702/fin_sight_server/.venv/lib/python3.10/site-packages/sqlalchemy/orm/decl_base.py", line 2179, in _declarative_constructor
    raise TypeError(
TypeError: 'statistics_data' is an invalid keyword argument for EnrichedArticle
2025-09-09 23:04:01,289 - INFO - app.core.services - 기사 ID 3의 상태를 FAILED(으)로 업데이트.
2025-09-09 23:04:01,307 - INFO - app.core.services - 기사 ID 4의 상태를 PROCESSING(으)로 업데이트.
2025-09-09 23:04:09,552 - INFO - httpx - HTTP Request: POST https://api.openai.com/v1/chat/completions "HTTP/1.1 200 OK"
2025-09-09 23:04:09,554 - INFO - app.core.processors - LLM 분석 데이터 수신 및 파싱 성공
2025-09-09 23:04:09,555 - WARNING - app.core.monitoring - 성능 모니터링 - analyze_article_with_llm: 실행시간=8.25초, 메모리변화=+0.0%, 현재메모리=59.1%
2025-09-09 23:04:09,555 - INFO - __main__ - 기사 ID 4: LLM이 관련 지표 ['kr.base.rate.d', 'kr.kospi.d']를 식별했습니다. 시계열 데이터를 조회합니다.
2025-09-09 23:04:09,564 - ERROR - app.core.services - 기사 ID 4의 분석 결과 저장 중 예상치 못한 오류 발생: 'statistics_data' is an invalid keyword argument for EnrichedArticle
2025-09-09 23:04:09,569 - CRITICAL - __main__ - 
기사 ID 4 처리 중 예상치 못한 심각한 오류 발생: 'statistics_data' is an invalid keyword argument for EnrichedArticle
Traceback (most recent call last):
  File "/home/asd1702/fin_sight_server/pipeline.py", line 83, in run_article_processing_pipeline
    services.save_enriched_data_and_cleanup(db, article, analysis_result, final_stats_data)
  File "/home/asd1702/fin_sight_server/app/core/services.py", line 207, in save_enriched_data_and_cleanup
    new_enriched = EnrichedArticle(
  File "<string>", line 4, in __init__
  File "/home/asd1702/fin_sight_server/.venv/lib/python3.10/site-packages/sqlalchemy/orm/state.py", line 571, in _initialize_instance
    with util.safe_reraise():
  File "/home/asd1702/fin_sight_server/.venv/lib/python3.10/site-packages/sqlalchemy/util/langhelpers.py", line 224, in __exit__
    raise exc_value.with_traceback(exc_tb)
  File "/home/asd1702/fin_sight_server/.venv/lib/python3.10/site-packages/sqlalchemy/orm/state.py", line 569, in _initialize_instance
    manager.original_init(*mixed[1:], **kwargs)
  File "/home/asd1702/fin_sight_server/.venv/lib/python3.10/site-packages/sqlalchemy/orm/decl_base.py", line 2179, in _declarative_constructor
    raise TypeError(
TypeError: 'statistics_data' is an invalid keyword argument for EnrichedArticle
2025-09-09 23:04:09,594 - INFO - app.core.services - 기사 ID 4의 상태를 FAILED(으)로 업데이트.
2025-09-09 23:04:09,602 - INFO - app.core.services - 기사 ID 5의 상태를 PROCESSING(으)로 업데이트.
2025-09-09 23:04:18,065 - INFO - httpx - HTTP Request: POST https://api.openai.com/v1/chat/completions "HTTP/1.1 200 OK"
2025-09-09 23:04:18,069 - INFO - app.core.processors - LLM 분석 데이터 수신 및 파싱 성공
2025-09-09 23:04:18,070 - WARNING - app.core.monitoring - 성능 모니터링 - analyze_article_with_llm: 실행시간=8.47초, 메모리변화=+0.1%, 현재메모리=59.2%
2025-09-09 23:04:18,070 - INFO - __main__ - 기사 ID 5: LLM이 관련 지표 ['kr.base.rate.d']를 식별했습니다. 시계열 데이터를 조회합니다.
2025-09-09 23:04:18,075 - ERROR - app.core.services - 기사 ID 5의 분석 결과 저장 중 예상치 못한 오류 발생: 'statistics_data' is an invalid keyword argument for EnrichedArticle
2025-09-09 23:04:18,079 - CRITICAL - __main__ - 
기사 ID 5 처리 중 예상치 못한 심각한 오류 발생: 'statistics_data' is an invalid keyword argument for EnrichedArticle
Traceback (most recent call last):
  File "/home/asd1702/fin_sight_server/pipeline.py", line 83, in run_article_processing_pipeline
    services.save_enriched_data_and_cleanup(db, article, analysis_result, final_stats_data)
  File "/home/asd1702/fin_sight_server/app/core/services.py", line 207, in save_enriched_data_and_cleanup
    new_enriched = EnrichedArticle(
  File "<string>", line 4, in __init__
  File "/home/asd1702/fin_sight_server/.venv/lib/python3.10/site-packages/sqlalchemy/orm/state.py", line 571, in _initialize_instance
    with util.safe_reraise():
  File "/home/asd1702/fin_sight_server/.venv/lib/python3.10/site-packages/sqlalchemy/util/langhelpers.py", line 224, in __exit__
    raise exc_value.with_traceback(exc_tb)
  File "/home/asd1702/fin_sight_server/.venv/lib/python3.10/site-packages/sqlalchemy/orm/state.py", line 569, in _initialize_instance
    manager.original_init(*mixed[1:], **kwargs)
  File "/home/asd1702/fin_sight_server/.venv/lib/python3.10/site-packages/sqlalchemy/orm/decl_base.py", line 2179, in _declarative_constructor
    raise TypeError(
TypeError: 'statistics_data' is an invalid keyword argument for EnrichedArticle
2025-09-09 23:04:18,103 - INFO - app.core.services - 기사 ID 5의 상태를 FAILED(으)로 업데이트.
2025-09-09 23:04:18,111 - INFO - app.core.services - 기사 ID 6의 상태를 PROCESSING(으)로 업데이트.
2025-09-09 23:04:26,854 - INFO - httpx - HTTP Request: POST https://api.openai.com/v1/chat/completions "HTTP/1.1 200 OK"
2025-09-09 23:04:26,856 - INFO - app.core.processors - LLM 분석 데이터 수신 및 파싱 성공
2025-09-09 23:04:26,857 - WARNING - app.core.monitoring - 성능 모니터링 - analyze_article_with_llm: 실행시간=8.74초, 메모리변화=+0.1%, 현재메모리=59.3%
2025-09-09 23:04:26,857 - ERROR - app.core.services - 기사 ID 6의 분석 결과 저장 중 예상치 못한 오류 발생: 'statistics_data' is an invalid keyword argument for EnrichedArticle
2025-09-09 23:04:26,860 - CRITICAL - __main__ - 
기사 ID 6 처리 중 예상치 못한 심각한 오류 발생: 'statistics_data' is an invalid keyword argument for EnrichedArticle
Traceback (most recent call last):
  File "/home/asd1702/fin_sight_server/pipeline.py", line 83, in run_article_processing_pipeline
    services.save_enriched_data_and_cleanup(db, article, analysis_result, final_stats_data)
  File "/home/asd1702/fin_sight_server/app/core/services.py", line 207, in save_enriched_data_and_cleanup
    new_enriched = EnrichedArticle(
  File "<string>", line 4, in __init__
  File "/home/asd1702/fin_sight_server/.venv/lib/python3.10/site-packages/sqlalchemy/orm/state.py", line 571, in _initialize_instance
    with util.safe_reraise():
  File "/home/asd1702/fin_sight_server/.venv/lib/python3.10/site-packages/sqlalchemy/util/langhelpers.py", line 224, in __exit__
    raise exc_value.with_traceback(exc_tb)
  File "/home/asd1702/fin_sight_server/.venv/lib/python3.10/site-packages/sqlalchemy/orm/state.py", line 569, in _initialize_instance
    manager.original_init(*mixed[1:], **kwargs)
  File "/home/asd1702/fin_sight_server/.venv/lib/python3.10/site-packages/sqlalchemy/orm/decl_base.py", line 2179, in _declarative_constructor
    raise TypeError(
TypeError: 'statistics_data' is an invalid keyword argument for EnrichedArticle
2025-09-09 23:04:26,871 - INFO - app.core.services - 기사 ID 6의 상태를 FAILED(으)로 업데이트.
2025-09-09 23:04:26,887 - INFO - app.core.services - 기사 ID 7의 상태를 PROCESSING(으)로 업데이트.
2025-09-09 23:04:38,667 - INFO - httpx - HTTP Request: POST https://api.openai.com/v1/chat/completions "HTTP/1.1 200 OK"
2025-09-09 23:04:38,694 - INFO - app.core.processors - LLM 분석 데이터 수신 및 파싱 성공
2025-09-09 23:04:38,695 - WARNING - app.core.monitoring - 성능 모니터링 - analyze_article_with_llm: 실행시간=11.81초, 메모리변화=+0.0%, 현재메모리=59.3%
2025-09-09 23:04:38,695 - INFO - __main__ - 기사 ID 7: LLM이 관련 지표 ['kr.kospi.d']를 식별했습니다. 시계열 데이터를 조회합니다.
2025-09-09 23:04:38,702 - ERROR - app.core.services - 기사 ID 7의 분석 결과 저장 중 예상치 못한 오류 발생: 'statistics_data' is an invalid keyword argument for EnrichedArticle
2025-09-09 23:04:38,705 - CRITICAL - __main__ - 
기사 ID 7 처리 중 예상치 못한 심각한 오류 발생: 'statistics_data' is an invalid keyword argument for EnrichedArticle
Traceback (most recent call last):
  File "/home/asd1702/fin_sight_server/pipeline.py", line 83, in run_article_processing_pipeline
    services.save_enriched_data_and_cleanup(db, article, analysis_result, final_stats_data)
  File "/home/asd1702/fin_sight_server/app/core/services.py", line 207, in save_enriched_data_and_cleanup
    new_enriched = EnrichedArticle(
  File "<string>", line 4, in __init__
  File "/home/asd1702/fin_sight_server/.venv/lib/python3.10/site-packages/sqlalchemy/orm/state.py", line 571, in _initialize_instance
    with util.safe_reraise():
  File "/home/asd1702/fin_sight_server/.venv/lib/python3.10/site-packages/sqlalchemy/util/langhelpers.py", line 224, in __exit__
    raise exc_value.with_traceback(exc_tb)
  File "/home/asd1702/fin_sight_server/.venv/lib/python3.10/site-packages/sqlalchemy/orm/state.py", line 569, in _initialize_instance
    manager.original_init(*mixed[1:], **kwargs)
  File "/home/asd1702/fin_sight_server/.venv/lib/python3.10/site-packages/sqlalchemy/orm/decl_base.py", line 2179, in _declarative_constructor
    raise TypeError(
TypeError: 'statistics_data' is an invalid keyword argument for EnrichedArticle
2025-09-09 23:04:38,722 - INFO - app.core.services - 기사 ID 7의 상태를 FAILED(으)로 업데이트.
2025-09-09 23:04:38,729 - INFO - app.core.services - 기사 ID 8의 상태를 PROCESSING(으)로 업데이트.
2025-09-09 23:04:48,431 - INFO - httpx - HTTP Request: POST https://api.openai.com/v1/chat/completions "HTTP/1.1 200 OK"
2025-09-09 23:04:48,433 - INFO - app.core.processors - LLM 분석 데이터 수신 및 파싱 성공
2025-09-09 23:04:48,434 - WARNING - app.core.monitoring - 성능 모니터링 - analyze_article_with_llm: 실행시간=9.70초, 메모리변화=+0.1%, 현재메모리=59.4%
2025-09-09 23:04:48,434 - INFO - __main__ - 기사 ID 8: LLM이 관련 지표 ['kr.base.rate.d']를 식별했습니다. 시계열 데이터를 조회합니다.
2025-09-09 23:04:48,439 - ERROR - app.core.services - 기사 ID 8의 분석 결과 저장 중 예상치 못한 오류 발생: 'statistics_data' is an invalid keyword argument for EnrichedArticle
2025-09-09 23:04:48,442 - CRITICAL - __main__ - 
기사 ID 8 처리 중 예상치 못한 심각한 오류 발생: 'statistics_data' is an invalid keyword argument for EnrichedArticle
Traceback (most recent call last):
  File "/home/asd1702/fin_sight_server/pipeline.py", line 83, in run_article_processing_pipeline
    services.save_enriched_data_and_cleanup(db, article, analysis_result, final_stats_data)
  File "/home/asd1702/fin_sight_server/app/core/services.py", line 207, in save_enriched_data_and_cleanup
    new_enriched = EnrichedArticle(
  File "<string>", line 4, in __init__
  File "/home/asd1702/fin_sight_server/.venv/lib/python3.10/site-packages/sqlalchemy/orm/state.py", line 571, in _initialize_instance
    with util.safe_reraise():
  File "/home/asd1702/fin_sight_server/.venv/lib/python3.10/site-packages/sqlalchemy/util/langhelpers.py", line 224, in __exit__
    raise exc_value.with_traceback(exc_tb)
  File "/home/asd1702/fin_sight_server/.venv/lib/python3.10/site-packages/sqlalchemy/orm/state.py", line 569, in _initialize_instance
    manager.original_init(*mixed[1:], **kwargs)
  File "/home/asd1702/fin_sight_server/.venv/lib/python3.10/site-packages/sqlalchemy/orm/decl_base.py", line 2179, in _declarative_constructor
    raise TypeError(
TypeError: 'statistics_data' is an invalid keyword argument for EnrichedArticle
2025-09-09 23:04:48,454 - INFO - app.core.services - 기사 ID 8의 상태를 FAILED(으)로 업데이트.
2025-09-09 23:04:48,460 - INFO - app.core.services - 기사 ID 9의 상태를 PROCESSING(으)로 업데이트.
2025-09-09 23:04:59,400 - INFO - httpx - HTTP Request: POST https://api.openai.com/v1/chat/completions "HTTP/1.1 200 OK"
2025-09-09 23:04:59,415 - INFO - app.core.processors - LLM 분석 데이터 수신 및 파싱 성공
2025-09-09 23:04:59,416 - WARNING - app.core.monitoring - 성능 모니터링 - analyze_article_with_llm: 실행시간=10.95초, 메모리변화=+0.0%, 현재메모리=59.4%
2025-09-09 23:04:59,416 - INFO - __main__ - 기사 ID 9: LLM이 관련 지표 ['kr.gdp.q', 'kr.base.rate.d']를 식별했습니다. 시계열 데이터를 조회합니다.
2025-09-09 23:04:59,424 - ERROR - app.core.services - 기사 ID 9의 분석 결과 저장 중 예상치 못한 오류 발생: 'statistics_data' is an invalid keyword argument for EnrichedArticle
2025-09-09 23:04:59,428 - CRITICAL - __main__ - 
기사 ID 9 처리 중 예상치 못한 심각한 오류 발생: 'statistics_data' is an invalid keyword argument for EnrichedArticle
Traceback (most recent call last):
  File "/home/asd1702/fin_sight_server/pipeline.py", line 83, in run_article_processing_pipeline
    services.save_enriched_data_and_cleanup(db, article, analysis_result, final_stats_data)
  File "/home/asd1702/fin_sight_server/app/core/services.py", line 207, in save_enriched_data_and_cleanup
    new_enriched = EnrichedArticle(
  File "<string>", line 4, in __init__
  File "/home/asd1702/fin_sight_server/.venv/lib/python3.10/site-packages/sqlalchemy/orm/state.py", line 571, in _initialize_instance
    with util.safe_reraise():
  File "/home/asd1702/fin_sight_server/.venv/lib/python3.10/site-packages/sqlalchemy/util/langhelpers.py", line 224, in __exit__
    raise exc_value.with_traceback(exc_tb)
  File "/home/asd1702/fin_sight_server/.venv/lib/python3.10/site-packages/sqlalchemy/orm/state.py", line 569, in _initialize_instance
    manager.original_init(*mixed[1:], **kwargs)
  File "/home/asd1702/fin_sight_server/.venv/lib/python3.10/site-packages/sqlalchemy/orm/decl_base.py", line 2179, in _declarative_constructor
    raise TypeError(
TypeError: 'statistics_data' is an invalid keyword argument for EnrichedArticle
2025-09-09 23:04:59,452 - INFO - app.core.services - 기사 ID 9의 상태를 FAILED(으)로 업데이트.
2025-09-09 23:04:59,454 - INFO - __main__ - --- 2단계: 기사 처리 완료 ---
2025-09-09 23:29:43,674 - INFO - __main__ - 
--- 1단계: 신규 기사 수집 시작 ---
2025-09-09 23:29:43,839 - INFO - app.core.collectors - 네이버 API '금리' 키워드로 5개 기사 메타데이터 수신 성공.
2025-09-09 23:29:43,841 - INFO - app.core.monitoring - 성능 모니터링 - call_naver_api: 실행시간=0.16초, 메모리변화=+0.0%, 현재메모리=60.7%
2025-09-09 23:29:44,212 - INFO - app.core.monitoring - 성능 모니터링 - crawl_article_with_newspaper3k: 실행시간=0.37초, 메모리변화=+0.1%, 현재메모리=60.8%
2025-09-09 23:29:44,268 - INFO - app.core.services - 신규 기사 저장 완료: (ID: 10) 美 신규일자리 연간 91만1천명 하향 수정 발표
2025-09-09 23:29:44,500 - INFO - app.core.monitoring - 성능 모니터링 - crawl_article_with_newspaper3k: 실행시간=0.23초, 메모리변화=+0.0%, 현재메모리=60.8%
2025-09-09 23:29:44,508 - INFO - app.core.services - 신규 기사 저장 완료: (ID: 11) 美 고용통계 대폭 하향…트럼프 금리인하 압박 탄력
2025-09-09 23:29:45,292 - INFO - app.core.monitoring - 성능 모니터링 - crawl_article_with_newspaper3k: 실행시간=0.78초, 메모리변화=+0.0%, 현재메모리=60.8%
2025-09-09 23:29:45,299 - INFO - app.core.services - 신규 기사 저장 완료: (ID: 12) 미 노동부, 고용 통계 91만1천명 하향 수정…역대 최대 규모
2025-09-09 23:29:45,430 - INFO - app.core.monitoring - 성능 모니터링 - crawl_article_with_newspaper3k: 실행시간=0.13초, 메모리변화=+0.0%, 현재메모리=60.8%
2025-09-09 23:29:45,438 - INFO - app.core.services - 신규 기사 저장 완료: (ID: 13) 정청래 “국힘, 내란 세력과 단절 못하면 정당해산 심판 대상” [정치오늘]
2025-09-09 23:29:46,228 - INFO - app.core.monitoring - 성능 모니터링 - crawl_article_with_newspaper3k: 실행시간=0.79초, 메모리변화=+0.0%, 현재메모리=60.8%
2025-09-09 23:29:46,235 - INFO - app.core.services - 신규 기사 저장 완료: (ID: 14) BTC ETH XRP SOL 동반 상승... 비트코인 1억5천 돌파
2025-09-09 23:29:46,236 - INFO - __main__ - --- 1단계: 신규 기사 수집 완료 ---

2025-09-09 23:29:46,238 - INFO - __main__ - --- 2단계: 총 5개의 기사 처리 시작 ---
2025-09-09 23:29:46,243 - INFO - app.core.services - 기사 ID 10의 상태를 PROCESSING(으)로 업데이트.
2025-09-09 23:29:55,519 - INFO - httpx - HTTP Request: POST https://api.openai.com/v1/chat/completions "HTTP/1.1 200 OK"
2025-09-09 23:29:55,530 - INFO - app.core.processors - LLM 분석 데이터 수신 및 파싱 성공
2025-09-09 23:29:55,531 - WARNING - app.core.monitoring - 성능 모니터링 - analyze_article_with_llm: 실행시간=9.29초, 메모리변화=+0.2%, 현재메모리=61.0%
2025-09-09 23:29:55,543 - INFO - app.core.services - 기사 ID 10의 분석 결과 및 통계 데이터 저장 완료
2025-09-09 23:29:55,543 - INFO - __main__ - 기사 ID 10 처리 성공.
2025-09-09 23:29:55,547 - INFO - app.core.services - 기사 ID 11의 상태를 PROCESSING(으)로 업데이트.
2025-09-09 23:30:04,289 - INFO - httpx - HTTP Request: POST https://api.openai.com/v1/chat/completions "HTTP/1.1 200 OK"
2025-09-09 23:30:04,302 - INFO - app.core.processors - LLM 분석 데이터 수신 및 파싱 성공
2025-09-09 23:30:04,302 - WARNING - app.core.monitoring - 성능 모니터링 - analyze_article_with_llm: 실행시간=8.75초, 메모리변화=+0.0%, 현재메모리=61.0%
2025-09-09 23:30:04,312 - INFO - app.core.services - 기사 ID 11의 분석 결과 및 통계 데이터 저장 완료
2025-09-09 23:30:04,312 - INFO - __main__ - 기사 ID 11 처리 성공.
2025-09-09 23:30:04,316 - INFO - app.core.services - 기사 ID 12의 상태를 PROCESSING(으)로 업데이트.
2025-09-09 23:30:17,020 - INFO - httpx - HTTP Request: POST https://api.openai.com/v1/chat/completions "HTTP/1.1 200 OK"
2025-09-09 23:30:17,032 - INFO - app.core.processors - LLM 분석 데이터 수신 및 파싱 성공
2025-09-09 23:30:17,032 - WARNING - app.core.monitoring - 성능 모니터링 - analyze_article_with_llm: 실행시간=12.72초, 메모리변화=+0.0%, 현재메모리=61.0%
2025-09-09 23:30:17,049 - INFO - app.core.services - 기사 ID 12의 분석 결과 및 통계 데이터 저장 완료
2025-09-09 23:30:17,050 - INFO - __main__ - 기사 ID 12 처리 성공.
2025-09-09 23:30:17,053 - INFO - app.core.services - 기사 ID 13의 상태를 PROCESSING(으)로 업데이트.
2025-09-09 23:30:28,190 - INFO - httpx - HTTP Request: POST https://api.openai.com/v1/chat/completions "HTTP/1.1 200 OK"
2025-09-09 23:30:28,192 - INFO - app.core.processors - LLM 분석 데이터 수신 및 파싱 성공
2025-09-09 23:30:28,193 - WARNING - app.core.monitoring - 성능 모니터링 - analyze_article_with_llm: 실행시간=11.14초, 메모리변화=+0.0%, 현재메모리=61.0%
2025-09-09 23:30:28,200 - INFO - app.core.services - 기사 ID 13의 분석 결과 및 통계 데이터 저장 완료
2025-09-09 23:30:28,201 - INFO - __main__ - 기사 ID 13 처리 성공.
2025-09-09 23:30:28,205 - INFO - app.core.services - 기사 ID 14의 상태를 PROCESSING(으)로 업데이트.
2025-09-09 23:30:45,139 - INFO - httpx - HTTP Request: POST https://api.openai.com/v1/chat/completions "HTTP/1.1 200 OK"
2025-09-09 23:30:45,152 - INFO - app.core.processors - LLM 분석 데이터 수신 및 파싱 성공
2025-09-09 23:30:45,152 - WARNING - app.core.monitoring - 성능 모니터링 - analyze_article_with_llm: 실행시간=16.95초, 메모리변화=+0.0%, 현재메모리=61.0%
2025-09-09 23:30:45,152 - INFO - __main__ - 기사 ID 14: LLM이 관련 지표 ['kr.base.rate.d']를 식별했습니다. 시계열 데이터를 조회합니다.
2025-09-09 23:30:45,167 - INFO - app.core.services - 기사 ID 14의 분석 결과 및 통계 데이터 저장 완료
2025-09-09 23:30:45,167 - INFO - __main__ - 기사 ID 14 처리 성공.
2025-09-09 23:30:45,167 - INFO - __main__ - --- 2단계: 기사 처리 완료 ---
2025-09-10 00:57:05,893 - INFO - __main__ - 
--- 1단계: 신규 기사 수집 시작 ---
2025-09-10 00:57:06,149 - INFO - app.core.collectors - 네이버 API '금리' 키워드로 5개 기사 메타데이터 수신 성공.
2025-09-10 00:57:06,152 - INFO - app.core.monitoring - 성능 모니터링 - call_naver_api: 실행시간=0.23초, 메모리변화=+0.0%, 현재메모리=59.6%
2025-09-10 00:57:06,496 - INFO - app.core.monitoring - 성능 모니터링 - crawl_article_with_newspaper3k: 실행시간=0.34초, 메모리변화=+0.1%, 현재메모리=59.7%
2025-09-10 00:57:06,620 - INFO - app.core.services - 신규 기사 저장 완료: (ID: 15) [마켓인사이드] 미국 고용시장 급냉, 금리인하 준비 연준 비둘기파엔 호재
2025-09-10 00:57:06,899 - INFO - app.core.monitoring - 성능 모니터링 - crawl_article_with_newspaper3k: 실행시간=0.28초, 메모리변화=+0.0%, 현재메모리=59.7%
2025-09-10 00:57:06,922 - INFO - app.core.services - 신규 기사 저장 완료: (ID: 16) 추석 성수품 최대 50% 할인…소상공인 43조 지원
2025-09-10 00:57:07,298 - INFO - app.core.monitoring - 성능 모니터링 - crawl_article_with_newspaper3k: 실행시간=0.37초, 메모리변화=+0.0%, 현재메모리=59.7%
2025-09-10 00:57:07,310 - INFO - app.core.services - 신규 기사 저장 완료: (ID: 17) 대주주 기준 완화 기대감에… 코스피 3260.05 연고점 경신
2025-09-10 00:57:07,929 - INFO - app.core.monitoring - 성능 모니터링 - crawl_article_with_newspaper3k: 실행시간=0.62초, 메모리변화=+0.0%, 현재메모리=59.7%
2025-09-10 00:57:07,953 - INFO - app.core.services - 신규 기사 저장 완료: (ID: 18) 이 대통령, 노조원 자녀 ‘고용세습’ 작심 비판…“불공정 대명사, 다른 사람들 억울하지 않겠나”
2025-09-10 00:57:08,421 - INFO - app.core.monitoring - 성능 모니터링 - crawl_article_with_newspaper3k: 실행시간=0.47초, 메모리변화=+0.0%, 현재메모리=59.7%
2025-09-10 00:57:08,445 - INFO - app.core.services - 신규 기사 저장 완료: (ID: 19) [중앙시평] 베이징의 북·중·러, 경제는 안녕한가
2025-09-10 00:57:08,446 - INFO - __main__ - --- 1단계: 신규 기사 수집 완료 ---

2025-09-10 00:57:08,450 - INFO - __main__ - --- 2단계: 총 14개의 기사 처리 시작 ---
2025-09-10 00:57:08,464 - INFO - app.core.services - 기사 ID 1의 상태를 PROCESSING(으)로 업데이트.
2025-09-10 00:57:19,353 - INFO - httpx - HTTP Request: POST https://api.openai.com/v1/chat/completions "HTTP/1.1 200 OK"
2025-09-10 00:57:19,378 - INFO - app.core.processors - LLM 분석 데이터 수신 및 파싱 성공
2025-09-10 00:57:19,379 - WARNING - app.core.monitoring - 성능 모니터링 - analyze_article_with_llm: 실행시간=10.91초, 메모리변화=+0.2%, 현재메모리=59.9%
2025-09-10 00:57:19,380 - INFO - __main__ - 기사 ID 1: LLM이 관련 지표 ['kr.govbond.3y.d', 'kr.kospi.d']를 식별했습니다. 시계열 데이터를 조회합니다.
2025-09-10 00:57:19,414 - INFO - app.core.services - 기사 ID 1의 분석 결과 및 통계 데이터 저장 완료
2025-09-10 00:57:19,414 - INFO - __main__ - 기사 ID 1 처리 성공.
2025-09-10 00:57:19,422 - INFO - app.core.services - 기사 ID 4의 상태를 PROCESSING(으)로 업데이트.
2025-09-10 00:57:29,141 - INFO - httpx - HTTP Request: POST https://api.openai.com/v1/chat/completions "HTTP/1.1 200 OK"
2025-09-10 00:57:29,144 - INFO - app.core.processors - LLM 분석 데이터 수신 및 파싱 성공
2025-09-10 00:57:29,145 - WARNING - app.core.monitoring - 성능 모니터링 - analyze_article_with_llm: 실행시간=9.72초, 메모리변화=+0.0%, 현재메모리=59.9%
2025-09-10 00:57:29,145 - INFO - __main__ - 기사 ID 4: LLM이 관련 지표 ['kr.base.rate.d', 'kr.kospi.d']를 식별했습니다. 시계열 데이터를 조회합니다.
2025-09-10 00:57:29,172 - INFO - app.core.services - 기사 ID 4의 분석 결과 및 통계 데이터 저장 완료
2025-09-10 00:57:29,172 - INFO - __main__ - 기사 ID 4 처리 성공.
2025-09-10 00:57:29,183 - INFO - app.core.services - 기사 ID 2의 상태를 PROCESSING(으)로 업데이트.
2025-09-10 00:57:38,091 - INFO - httpx - HTTP Request: POST https://api.openai.com/v1/chat/completions "HTTP/1.1 200 OK"
2025-09-10 00:57:38,093 - INFO - app.core.processors - LLM 분석 데이터 수신 및 파싱 성공
2025-09-10 00:57:38,094 - WARNING - app.core.monitoring - 성능 모니터링 - analyze_article_with_llm: 실행시간=8.91초, 메모리변화=+0.0%, 현재메모리=59.9%
2025-09-10 00:57:38,094 - INFO - __main__ - 기사 ID 2: LLM이 관련 지표 ['kr.base.rate.d', 'kr.kospi.d']를 식별했습니다. 시계열 데이터를 조회합니다.
2025-09-10 00:57:38,136 - INFO - app.core.services - 기사 ID 2의 분석 결과 및 통계 데이터 저장 완료
2025-09-10 00:57:38,137 - INFO - __main__ - 기사 ID 2 처리 성공.
2025-09-10 00:57:38,145 - INFO - app.core.services - 기사 ID 7의 상태를 PROCESSING(으)로 업데이트.
2025-09-10 00:57:46,692 - INFO - httpx - HTTP Request: POST https://api.openai.com/v1/chat/completions "HTTP/1.1 200 OK"
2025-09-10 00:57:46,695 - INFO - app.core.processors - LLM 분석 데이터 수신 및 파싱 성공
2025-09-10 00:57:46,696 - WARNING - app.core.monitoring - 성능 모니터링 - analyze_article_with_llm: 실행시간=8.55초, 메모리변화=+0.0%, 현재메모리=59.9%
2025-09-10 00:57:46,696 - INFO - __main__ - 기사 ID 7: LLM이 관련 지표 ['kr.kospi.d']를 식별했습니다. 시계열 데이터를 조회합니다.
2025-09-10 00:57:46,743 - INFO - app.core.services - 기사 ID 7의 분석 결과 및 통계 데이터 저장 완료
2025-09-10 00:57:46,743 - INFO - __main__ - 기사 ID 7 처리 성공.
2025-09-10 00:57:46,750 - INFO - app.core.services - 기사 ID 3의 상태를 PROCESSING(으)로 업데이트.
2025-09-10 00:57:57,752 - INFO - httpx - HTTP Request: POST https://api.openai.com/v1/chat/completions "HTTP/1.1 200 OK"
2025-09-10 00:57:57,755 - INFO - app.core.processors - LLM 분석 데이터 수신 및 파싱 성공
2025-09-10 00:57:57,756 - WARNING - app.core.monitoring - 성능 모니터링 - analyze_article_with_llm: 실행시간=11.00초, 메모리변화=+0.0%, 현재메모리=59.9%
2025-09-10 00:57:57,756 - INFO - __main__ - 기사 ID 3: LLM이 관련 지표 ['kr.base.rate.d', 'kr.kospi.d']를 식별했습니다. 시계열 데이터를 조회합니다.
2025-09-10 00:57:57,802 - INFO - app.core.services - 기사 ID 3의 분석 결과 및 통계 데이터 저장 완료
2025-09-10 00:57:57,803 - INFO - __main__ - 기사 ID 3 처리 성공.
2025-09-10 00:57:57,809 - INFO - app.core.services - 기사 ID 5의 상태를 PROCESSING(으)로 업데이트.
2025-09-10 00:58:06,967 - INFO - httpx - HTTP Request: POST https://api.openai.com/v1/chat/completions "HTTP/1.1 200 OK"
2025-09-10 00:58:06,969 - INFO - app.core.processors - LLM 분석 데이터 수신 및 파싱 성공
2025-09-10 00:58:06,970 - WARNING - app.core.monitoring - 성능 모니터링 - analyze_article_with_llm: 실행시간=9.16초, 메모리변화=-0.1%, 현재메모리=59.8%
2025-09-10 00:58:06,970 - INFO - __main__ - 기사 ID 5: LLM이 관련 지표 ['kr.base.rate.d', 'kr.cpi.headline.m']를 식별했습니다. 시계열 데이터를 조회합니다.
2025-09-10 00:58:07,022 - INFO - app.core.services - 기사 ID 5의 분석 결과 및 통계 데이터 저장 완료
2025-09-10 00:58:07,022 - INFO - __main__ - 기사 ID 5 처리 성공.
2025-09-10 00:58:07,030 - INFO - app.core.services - 기사 ID 6의 상태를 PROCESSING(으)로 업데이트.
2025-09-10 00:58:13,725 - INFO - httpx - HTTP Request: POST https://api.openai.com/v1/chat/completions "HTTP/1.1 200 OK"
2025-09-10 00:58:13,728 - INFO - app.core.processors - LLM 분석 데이터 수신 및 파싱 성공
2025-09-10 00:58:13,728 - WARNING - app.core.monitoring - 성능 모니터링 - analyze_article_with_llm: 실행시간=6.70초, 메모리변화=+0.1%, 현재메모리=59.9%
2025-09-10 00:58:13,743 - INFO - app.core.services - 기사 ID 6의 분석 결과 및 통계 데이터 저장 완료
2025-09-10 00:58:13,743 - INFO - __main__ - 기사 ID 6 처리 성공.
2025-09-10 00:58:13,764 - INFO - app.core.services - 기사 ID 8의 상태를 PROCESSING(으)로 업데이트.
2025-09-10 00:58:21,406 - INFO - httpx - HTTP Request: POST https://api.openai.com/v1/chat/completions "HTTP/1.1 200 OK"
2025-09-10 00:58:21,408 - INFO - app.core.processors - LLM 분석 데이터 수신 및 파싱 성공
2025-09-10 00:58:21,409 - WARNING - app.core.monitoring - 성능 모니터링 - analyze_article_with_llm: 실행시간=7.64초, 메모리변화=+0.0%, 현재메모리=59.9%
2025-09-10 00:58:21,409 - INFO - __main__ - 기사 ID 8: LLM이 관련 지표 ['kr.base.rate.d']를 식별했습니다. 시계열 데이터를 조회합니다.
2025-09-10 00:58:21,438 - INFO - app.core.services - 기사 ID 8의 분석 결과 및 통계 데이터 저장 완료
2025-09-10 00:58:21,439 - INFO - __main__ - 기사 ID 8 처리 성공.
2025-09-10 00:58:21,452 - INFO - app.core.services - 기사 ID 9의 상태를 PROCESSING(으)로 업데이트.
2025-09-10 00:58:32,261 - INFO - httpx - HTTP Request: POST https://api.openai.com/v1/chat/completions "HTTP/1.1 200 OK"
2025-09-10 00:58:32,263 - INFO - app.core.processors - LLM 분석 데이터 수신 및 파싱 성공
2025-09-10 00:58:32,264 - WARNING - app.core.monitoring - 성능 모니터링 - analyze_article_with_llm: 실행시간=10.81초, 메모리변화=+0.1%, 현재메모리=60.0%
2025-09-10 00:58:32,264 - INFO - __main__ - 기사 ID 9: LLM이 관련 지표 ['kr.gdp.q', 'kr.base.rate.d']를 식별했습니다. 시계열 데이터를 조회합니다.
2025-09-10 00:58:32,311 - INFO - app.core.services - 기사 ID 9의 분석 결과 및 통계 데이터 저장 완료
2025-09-10 00:58:32,311 - INFO - __main__ - 기사 ID 9 처리 성공.
2025-09-10 00:58:32,320 - INFO - app.core.services - 기사 ID 15의 상태를 PROCESSING(으)로 업데이트.
2025-09-10 00:58:40,349 - INFO - httpx - HTTP Request: POST https://api.openai.com/v1/chat/completions "HTTP/1.1 200 OK"
2025-09-10 00:58:40,351 - INFO - app.core.processors - LLM 분석 데이터 수신 및 파싱 성공
2025-09-10 00:58:40,351 - WARNING - app.core.monitoring - 성능 모니터링 - analyze_article_with_llm: 실행시간=8.03초, 메모리변화=-0.1%, 현재메모리=59.9%
2025-09-10 00:58:40,360 - INFO - app.core.services - 기사 ID 15의 분석 결과 및 통계 데이터 저장 완료
2025-09-10 00:58:40,360 - INFO - __main__ - 기사 ID 15 처리 성공.
2025-09-10 00:58:40,372 - INFO - app.core.services - 기사 ID 16의 상태를 PROCESSING(으)로 업데이트.
2025-09-10 00:58:48,440 - INFO - httpx - HTTP Request: POST https://api.openai.com/v1/chat/completions "HTTP/1.1 200 OK"
2025-09-10 00:58:48,443 - INFO - app.core.processors - LLM 분석 데이터 수신 및 파싱 성공
2025-09-10 00:58:48,443 - WARNING - app.core.monitoring - 성능 모니터링 - analyze_article_with_llm: 실행시간=8.07초, 메모리변화=+0.0%, 현재메모리=59.9%
2025-09-10 00:58:48,444 - INFO - __main__ - 기사 ID 16: LLM이 관련 지표 ['kr.cpi.headline.m', 'kr.gdp.q']를 식별했습니다. 시계열 데이터를 조회합니다.
2025-09-10 00:58:48,475 - INFO - app.core.services - 기사 ID 16의 분석 결과 및 통계 데이터 저장 완료
2025-09-10 00:58:48,475 - INFO - __main__ - 기사 ID 16 처리 성공.
2025-09-10 00:58:48,482 - INFO - app.core.services - 기사 ID 17의 상태를 PROCESSING(으)로 업데이트.
2025-09-10 00:58:57,655 - INFO - httpx - HTTP Request: POST https://api.openai.com/v1/chat/completions "HTTP/1.1 200 OK"
2025-09-10 00:58:57,657 - INFO - app.core.processors - LLM 분석 데이터 수신 및 파싱 성공
2025-09-10 00:58:57,658 - WARNING - app.core.monitoring - 성능 모니터링 - analyze_article_with_llm: 실행시간=9.17초, 메모리변화=+0.0%, 현재메모리=59.9%
2025-09-10 00:58:57,658 - INFO - __main__ - 기사 ID 17: LLM이 관련 지표 ['kr.kospi.d']를 식별했습니다. 시계열 데이터를 조회합니다.
2025-09-10 00:58:57,693 - INFO - app.core.services - 기사 ID 17의 분석 결과 및 통계 데이터 저장 완료
2025-09-10 00:58:57,694 - INFO - __main__ - 기사 ID 17 처리 성공.
2025-09-10 00:58:57,703 - INFO - app.core.services - 기사 ID 18의 상태를 PROCESSING(으)로 업데이트.
2025-09-10 00:59:09,022 - INFO - httpx - HTTP Request: POST https://api.openai.com/v1/chat/completions "HTTP/1.1 200 OK"
2025-09-10 00:59:09,024 - INFO - app.core.processors - LLM 분석 데이터 수신 및 파싱 성공
2025-09-10 00:59:09,025 - WARNING - app.core.monitoring - 성능 모니터링 - analyze_article_with_llm: 실행시간=11.32초, 메모리변화=+0.0%, 현재메모리=59.9%
2025-09-10 00:59:09,025 - INFO - __main__ - 기사 ID 18: LLM이 관련 지표 ['kr.base.rate.d', 'kr.cpi.headline.m']를 식별했습니다. 시계열 데이터를 조회합니다.
2025-09-10 00:59:09,059 - INFO - app.core.services - 기사 ID 18의 분석 결과 및 통계 데이터 저장 완료
2025-09-10 00:59:09,059 - INFO - __main__ - 기사 ID 18 처리 성공.
2025-09-10 00:59:09,066 - INFO - app.core.services - 기사 ID 19의 상태를 PROCESSING(으)로 업데이트.
2025-09-10 00:59:22,640 - INFO - httpx - HTTP Request: POST https://api.openai.com/v1/chat/completions "HTTP/1.1 200 OK"
2025-09-10 00:59:22,642 - INFO - app.core.processors - LLM 분석 데이터 수신 및 파싱 성공
2025-09-10 00:59:22,643 - WARNING - app.core.monitoring - 성능 모니터링 - analyze_article_with_llm: 실행시간=13.57초, 메모리변화=+0.0%, 현재메모리=59.9%
2025-09-10 00:59:22,643 - INFO - __main__ - 기사 ID 19: LLM이 관련 지표 ['kr.gdp.q', 'kr.base.rate.d']를 식별했습니다. 시계열 데이터를 조회합니다.
2025-09-10 00:59:22,688 - INFO - app.core.services - 기사 ID 19의 분석 결과 및 통계 데이터 저장 완료
2025-09-10 00:59:22,689 - INFO - __main__ - 기사 ID 19 처리 성공.
2025-09-10 00:59:22,690 - INFO - __main__ - --- 2단계: 기사 처리 완료 ---
2025-09-10 01:38:51,463 - INFO - __main__ - 
--- 1단계: 신규 기사 수집 시작 ---
2025-09-10 01:38:51,728 - INFO - app.core.collectors - 네이버 API '주식' 키워드로 5개 기사 메타데이터 수신 성공.
2025-09-10 01:38:51,730 - INFO - app.core.monitoring - 성능 모니터링 - call_naver_api: 실행시간=0.26초, 메모리변화=+0.0%, 현재메모리=64.7%
2025-09-10 01:38:52,441 - INFO - app.core.collectors - 기사 크롤링 완료: 6개 이미지 추출 - https://www.pinpointnews.co.kr/news/articleView.html?idxno=375225
2025-09-10 01:38:52,442 - INFO - app.core.monitoring - 성능 모니터링 - crawl_article_with_newspaper3k: 실행시간=0.71초, 메모리변화=+0.0%, 현재메모리=64.7%
2025-09-10 01:38:52,522 - INFO - app.core.services - 신규 기사 저장 완료: (ID: 20) 강원도 행정타운 '현물 출자' 재상정…시민단체 "파렴치한 빚잔치, 즉각 중단하라"
2025-09-10 01:38:52,847 - INFO - app.core.collectors - 기사 크롤링 완료: 5개 이미지 추출 - https://www.apnews.kr/news/articleView.html?idxno=3039668
2025-09-10 01:38:52,849 - INFO - app.core.monitoring - 성능 모니터링 - crawl_article_with_newspaper3k: 실행시간=0.33초, 메모리변화=+0.1%, 현재메모리=64.8%
2025-09-10 01:38:52,871 - INFO - app.core.services - 신규 기사 저장 완료: (ID: 21) 한투증권, '한미핵심성장포커스펀드' 1194억원 설정 완료
2025-09-10 01:38:53,148 - INFO - app.core.collectors - 기사 크롤링 완료: 5개 이미지 추출 - https://www.apnews.kr/news/articleView.html?idxno=3039691
2025-09-10 01:38:53,149 - INFO - app.core.monitoring - 성능 모니터링 - crawl_article_with_newspaper3k: 실행시간=0.28초, 메모리변화=+0.0%, 현재메모리=64.8%
2025-09-10 01:38:53,178 - INFO - app.core.services - 신규 기사 저장 완료: (ID: 22) KB증권, 중개형 ISA 보유 고객 대상 '이전·입금' 이벤트 실시
2025-09-10 01:38:53,520 - INFO - app.core.monitoring - 성능 모니터링 - crawl_article_with_newspaper3k: 실행시간=0.34초, 메모리변화=+0.0%, 현재메모리=64.8%
2025-09-10 01:38:53,520 - WARNING - __main__ - 콘텐츠가 너무 짧거나 없어서 수집을 건너뜁니다: https://www.kmib.co.kr/article/view.asp?arcid=1757405345&code=11141400&cp=nv
2025-09-10 01:38:53,880 - INFO - app.core.collectors - 기사 크롤링 완료: 6개 이미지 추출 - https://www.kmib.co.kr/article/view.asp?arcid=1757409022&code=11151100&cp=nv
2025-09-10 01:38:53,881 - INFO - app.core.monitoring - 성능 모니터링 - crawl_article_with_newspaper3k: 실행시간=0.36초, 메모리변화=+0.0%, 현재메모리=64.8%
2025-09-10 01:38:53,884 - INFO - __main__ - --- 1단계: 신규 기사 수집 완료 ---

2025-09-10 01:38:53,888 - INFO - __main__ - --- 2단계: 총 3개의 기사 처리 시작 ---
2025-09-10 01:38:53,905 - INFO - app.core.services - 기사 ID 22의 상태를 PROCESSING(으)로 업데이트.
2025-09-10 01:39:03,257 - INFO - httpx - HTTP Request: POST https://api.openai.com/v1/chat/completions "HTTP/1.1 200 OK"
2025-09-10 01:39:03,279 - INFO - app.core.processors - LLM 분석 데이터 수신 및 파싱 성공
2025-09-10 01:39:03,280 - WARNING - app.core.monitoring - 성능 모니터링 - analyze_article_with_llm: 실행시간=9.37초, 메모리변화=+0.1%, 현재메모리=64.9%
2025-09-10 01:39:03,280 - INFO - __main__ - 기사 ID 22: LLM이 관련 지표 ['kr.base.rate.d', 'kr.kospi.d']를 식별했습니다. 시계열 데이터를 조회합니다.
2025-09-10 01:39:03,318 - INFO - app.core.services - 기사 ID 22의 분석 결과 및 통계 데이터 저장 완료
2025-09-10 01:39:03,319 - INFO - __main__ - 기사 ID 22 처리 성공.
2025-09-10 01:39:03,327 - INFO - app.core.services - 기사 ID 20의 상태를 PROCESSING(으)로 업데이트.
2025-09-10 01:39:12,131 - INFO - httpx - HTTP Request: POST https://api.openai.com/v1/chat/completions "HTTP/1.1 200 OK"
2025-09-10 01:39:12,141 - INFO - app.core.processors - LLM 분석 데이터 수신 및 파싱 성공
2025-09-10 01:39:12,142 - WARNING - app.core.monitoring - 성능 모니터링 - analyze_article_with_llm: 실행시간=8.81초, 메모리변화=+0.0%, 현재메모리=64.9%
2025-09-10 01:39:12,143 - INFO - __main__ - 기사 ID 20: LLM이 관련 지표 ['kr.govbond.3y.d', 'kr.base.rate.d']를 식별했습니다. 시계열 데이터를 조회합니다.
2025-09-10 01:39:12,185 - INFO - app.core.services - 기사 ID 20의 분석 결과 및 통계 데이터 저장 완료
2025-09-10 01:39:12,186 - INFO - __main__ - 기사 ID 20 처리 성공.
2025-09-10 01:39:12,195 - INFO - app.core.services - 기사 ID 21의 상태를 PROCESSING(으)로 업데이트.
2025-09-10 01:39:21,395 - INFO - httpx - HTTP Request: POST https://api.openai.com/v1/chat/completions "HTTP/1.1 200 OK"
2025-09-10 01:39:21,398 - INFO - app.core.processors - LLM 분석 데이터 수신 및 파싱 성공
2025-09-10 01:39:21,398 - WARNING - app.core.monitoring - 성능 모니터링 - analyze_article_with_llm: 실행시간=9.20초, 메모리변화=+0.0%, 현재메모리=64.9%
2025-09-10 01:39:21,398 - INFO - __main__ - 기사 ID 21: LLM이 관련 지표 ['kr.kospi.d']를 식별했습니다. 시계열 데이터를 조회합니다.
2025-09-10 01:39:21,420 - INFO - app.core.services - 기사 ID 21의 분석 결과 및 통계 데이터 저장 완료
2025-09-10 01:39:21,422 - INFO - __main__ - 기사 ID 21 처리 성공.
2025-09-10 01:39:21,424 - INFO - __main__ - --- 2단계: 기사 처리 완료 ---
2025-09-10 01:43:11,259 - INFO - __main__ - 
--- 1단계: 신규 기사 수집 시작 ---
2025-09-10 01:43:11,473 - INFO - app.core.collectors - 네이버 API '주식' 키워드로 5개 기사 메타데이터 수신 성공.
2025-09-10 01:43:11,477 - INFO - app.core.monitoring - 성능 모니터링 - call_naver_api: 실행시간=0.21초, 메모리변화=+0.0%, 현재메모리=64.2%
2025-09-10 01:43:12,684 - INFO - app.core.collectors - 기사 크롤링 완료: 1개 이미지 추출 - https://www.danbinews.com/news/articleView.html?idxno=31311
2025-09-10 01:43:12,685 - INFO - app.core.monitoring - 성능 모니터링 - crawl_article_with_newspaper3k: 실행시간=1.21초, 메모리변화=+0.1%, 현재메모리=64.3%
2025-09-10 01:43:12,749 - INFO - app.core.services - 신규 기사 저장 완료: (ID: 23) 주가순자산비율(PBR) - 단비뉴스
2025-09-10 01:43:13,058 - INFO - app.core.collectors - 기사 크롤링 완료: 1개 이미지 추출 - https://www.danbinews.com/news/articleView.html?idxno=31374
2025-09-10 01:43:13,059 - INFO - app.core.monitoring - 성능 모니터링 - crawl_article_with_newspaper3k: 실행시간=0.31초, 메모리변화=+0.0%, 현재메모리=64.3%
2025-09-10 01:43:13,071 - INFO - app.core.services - 신규 기사 저장 완료: (ID: 24) 민생경제협의체 - 단비뉴스
2025-09-10 01:43:13,969 - INFO - app.core.collectors - 기사 크롤링 완료: 1개 이미지 추출 - https://www.pinpointnews.co.kr/news/articleView.html?idxno=375225
2025-09-10 01:43:13,970 - INFO - app.core.monitoring - 성능 모니터링 - crawl_article_with_newspaper3k: 실행시간=0.90초, 메모리변화=+0.1%, 현재메모리=64.4%
2025-09-10 01:43:14,573 - INFO - app.core.collectors - 기사 크롤링 완료: 1개 이미지 추출 - https://www.apnews.kr/news/articleView.html?idxno=3039668
2025-09-10 01:43:14,574 - INFO - app.core.monitoring - 성능 모니터링 - crawl_article_with_newspaper3k: 실행시간=0.60초, 메모리변화=+0.0%, 현재메모리=64.4%
2025-09-10 01:43:15,094 - INFO - app.core.collectors - 기사 크롤링 완료: 1개 이미지 추출 - https://www.apnews.kr/news/articleView.html?idxno=3039691
2025-09-10 01:43:15,096 - INFO - app.core.monitoring - 성능 모니터링 - crawl_article_with_newspaper3k: 실행시간=0.52초, 메모리변화=+0.0%, 현재메모리=64.4%
2025-09-10 01:43:15,099 - INFO - __main__ - --- 1단계: 신규 기사 수집 완료 ---

2025-09-10 01:43:15,102 - INFO - __main__ - --- 2단계: 총 2개의 기사 처리 시작 ---
2025-09-10 01:43:15,134 - INFO - app.core.services - 기사 ID 24의 상태를 PROCESSING(으)로 업데이트.
2025-09-10 01:43:22,449 - INFO - httpx - HTTP Request: POST https://api.openai.com/v1/chat/completions "HTTP/1.1 200 OK"
2025-09-10 01:43:22,493 - INFO - app.core.processors - LLM 분석 데이터 수신 및 파싱 성공
2025-09-10 01:43:22,494 - WARNING - app.core.monitoring - 성능 모니터링 - analyze_article_with_llm: 실행시간=7.35초, 메모리변화=+0.3%, 현재메모리=64.7%
2025-09-10 01:43:22,505 - INFO - __main__ - 기사 ID 24: LLM이 관련 지표 ['kr.gdp.q', 'kr.kospi.d']를 식별했습니다. 시계열 데이터를 조회합니다.
2025-09-10 01:43:22,532 - INFO - app.core.services - 기사 ID 24의 분석 결과 및 통계 데이터 저장 완료
2025-09-10 01:43:22,532 - INFO - __main__ - 기사 ID 24 처리 성공.
2025-09-10 01:43:22,547 - INFO - app.core.services - 기사 ID 23의 상태를 PROCESSING(으)로 업데이트.
2025-09-10 01:43:29,932 - INFO - httpx - HTTP Request: POST https://api.openai.com/v1/chat/completions "HTTP/1.1 200 OK"
2025-09-10 01:43:29,934 - INFO - app.core.processors - LLM 분석 데이터 수신 및 파싱 성공
2025-09-10 01:43:29,935 - WARNING - app.core.monitoring - 성능 모니터링 - analyze_article_with_llm: 실행시간=7.39초, 메모리변화=+0.0%, 현재메모리=64.7%
2025-09-10 01:43:29,935 - INFO - __main__ - 기사 ID 23: LLM이 관련 지표 ['kr.kospi.d']를 식별했습니다. 시계열 데이터를 조회합니다.
2025-09-10 01:43:29,978 - INFO - app.core.services - 기사 ID 23의 분석 결과 및 통계 데이터 저장 완료
2025-09-10 01:43:29,978 - INFO - __main__ - 기사 ID 23 처리 성공.
2025-09-10 01:43:29,979 - INFO - __main__ - --- 2단계: 기사 처리 완료 ---
2025-09-11 21:44:31,325 - INFO - __main__ - 
--- 1단계: 신규 기사 수집 시작 ---
2025-09-11 21:44:32,482 - INFO - app.core.collectors - 네이버 API '주식' 키워드로 5개 기사 메타데이터 수신 성공.
2025-09-11 21:44:32,483 - INFO - app.core.monitoring - 성능 모니터링 - call_naver_api: 실행시간=1.15초, 메모리변화=+0.1%, 현재메모리=69.6%
2025-09-11 21:44:38,863 - INFO - app.core.collectors - 기사 크롤링 완료: 3개 이미지 추출 - https://www.spotvnews.co.kr/news/articleView.html?idxno=769779
2025-09-11 21:44:38,864 - WARNING - app.core.monitoring - 성능 모니터링 - crawl_article_with_newspaper3k: 실행시간=6.38초, 메모리변화=+0.0%, 현재메모리=69.6%
2025-09-11 21:44:38,922 - INFO - app.core.services - 신규 기사 저장 완료: (ID: 25) 하이브VS민희진, 고성 오간 5시간 공방…260억 풋옵션 소송 '갈등 폭발'[종합]
2025-09-11 21:44:39,209 - INFO - app.core.collectors - 기사 크롤링 완료: 2개 이미지 추출 - https://isplus.com/article/view/isp202509110187
2025-09-11 21:44:39,210 - INFO - app.core.monitoring - 성능 모니터링 - crawl_article_with_newspaper3k: 실행시간=0.29초, 메모리변화=+0.0%, 현재메모리=69.6%
2025-09-11 21:44:39,219 - INFO - app.core.services - 신규 기사 저장 완료: (ID: 26) 하이브 CLO “민희진, 일본 투자자 접촉해” vs 민희진 “증거 없다”
2025-09-11 21:44:41,541 - INFO - app.core.collectors - 기사 크롤링 완료: 5개 이미지 추출 - https://www.tokenpost.kr/news/policy/284904
2025-09-11 21:44:41,541 - INFO - app.core.monitoring - 성능 모니터링 - crawl_article_with_newspaper3k: 실행시간=2.32초, 메모리변화=+0.1%, 현재메모리=69.7%
2025-09-11 21:44:41,547 - INFO - app.core.services - 신규 기사 저장 완료: (ID: 27) 日, 암호화폐에 '20% 단일세율' 도입 추진…글로벌 디지털 금융 허브 노린다
2025-09-11 21:44:43,594 - INFO - app.core.collectors - 기사 크롤링 완료: 1개 이미지 추출 - http://www.lawissue.co.kr/view.php?ud=202509112135367091204ead0791_12
2025-09-11 21:44:43,595 - INFO - app.core.monitoring - 성능 모니터링 - crawl_article_with_newspaper3k: 실행시간=2.05초, 메모리변화=+0.0%, 현재메모리=69.7%
2025-09-11 21:44:43,612 - INFO - app.core.services - 신규 기사 저장 완료: (ID: 28) [생활경제 이슈] 샴페인 페리에 주에, ‘도쿄 겐다이 2025’서 글로벌 아티스트 협업 작품 공개 外
2025-09-11 21:44:45,158 - INFO - app.core.collectors - 기사 크롤링 완료: 3개 이미지 추출 - http://www.celuvmedia.com/article.php?aid=1757593974506575007
2025-09-11 21:44:45,159 - INFO - app.core.monitoring - 성능 모니터링 - crawl_article_with_newspaper3k: 실행시간=1.55초, 메모리변화=+0.0%, 현재메모리=69.7%
2025-09-11 21:44:45,166 - INFO - app.core.services - 신규 기사 저장 완료: (ID: 29) "빈껍데기 만들기"VS"막장"…하이브·민희진, 첫 대면 어땠나[종합]
2025-09-11 21:44:45,167 - INFO - __main__ - --- 1단계: 신규 기사 수집 완료 ---

2025-09-11 21:44:45,171 - INFO - __main__ - --- 2단계: 총 5개의 기사 처리 시작 ---
2025-09-11 21:44:45,183 - INFO - app.core.services - 기사 ID 26의 상태를 PROCESSING(으)로 업데이트.
2025-09-11 21:44:53,948 - INFO - httpx - HTTP Request: POST https://api.openai.com/v1/chat/completions "HTTP/1.1 200 OK"
2025-09-11 21:44:53,956 - INFO - app.core.processors - LLM 분석 데이터 수신 및 파싱 성공
2025-09-11 21:44:53,956 - WARNING - app.core.monitoring - 성능 모니터링 - analyze_article_with_llm: 실행시간=8.77초, 메모리변화=+0.1%, 현재메모리=69.8%
2025-09-11 21:44:53,956 - INFO - __main__ - 기사 ID 26: LLM이 관련 지표 ['kr.kospi.d']를 식별했습니다. 시계열 데이터를 조회합니다.
2025-09-11 21:44:53,977 - INFO - app.core.services - 기사 ID 26의 분석 결과 및 통계 데이터 저장 완료
2025-09-11 21:44:53,978 - INFO - __main__ - 기사 ID 26 처리 성공.
2025-09-11 21:44:53,982 - INFO - app.core.services - 기사 ID 27의 상태를 PROCESSING(으)로 업데이트.
2025-09-11 21:45:02,644 - INFO - httpx - HTTP Request: POST https://api.openai.com/v1/chat/completions "HTTP/1.1 200 OK"
2025-09-11 21:45:02,647 - INFO - app.core.processors - LLM 분석 데이터 수신 및 파싱 성공
2025-09-11 21:45:02,647 - WARNING - app.core.monitoring - 성능 모니터링 - analyze_article_with_llm: 실행시간=8.66초, 메모리변화=+0.0%, 현재메모리=69.8%
2025-09-11 21:45:02,663 - INFO - app.core.services - 기사 ID 27의 분석 결과 및 통계 데이터 저장 완료
2025-09-11 21:45:02,664 - INFO - __main__ - 기사 ID 27 처리 성공.
2025-09-11 21:45:02,667 - INFO - app.core.services - 기사 ID 25의 상태를 PROCESSING(으)로 업데이트.
2025-09-11 21:45:11,847 - INFO - httpx - HTTP Request: POST https://api.openai.com/v1/chat/completions "HTTP/1.1 200 OK"
2025-09-11 21:45:11,855 - INFO - app.core.processors - LLM 분석 데이터 수신 및 파싱 성공
2025-09-11 21:45:11,855 - WARNING - app.core.monitoring - 성능 모니터링 - analyze_article_with_llm: 실행시간=9.19초, 메모리변화=-0.1%, 현재메모리=69.7%
2025-09-11 21:45:11,855 - INFO - __main__ - 기사 ID 25: LLM이 관련 지표 ['kr.gdp.q']를 식별했습니다. 시계열 데이터를 조회합니다.
2025-09-11 21:45:11,864 - INFO - app.core.services - 기사 ID 25의 분석 결과 및 통계 데이터 저장 완료
2025-09-11 21:45:11,864 - INFO - __main__ - 기사 ID 25 처리 성공.
2025-09-11 21:45:11,869 - INFO - app.core.services - 기사 ID 28의 상태를 PROCESSING(으)로 업데이트.
2025-09-11 21:45:20,133 - INFO - httpx - HTTP Request: POST https://api.openai.com/v1/chat/completions "HTTP/1.1 200 OK"
2025-09-11 21:45:20,140 - INFO - app.core.processors - LLM 분석 데이터 수신 및 파싱 성공
2025-09-11 21:45:20,140 - WARNING - app.core.monitoring - 성능 모니터링 - analyze_article_with_llm: 실행시간=8.27초, 메모리변화=+0.0%, 현재메모리=69.7%
2025-09-11 21:45:20,140 - INFO - __main__ - 기사 ID 28: LLM이 관련 지표 ['kr.gdp.q']를 식별했습니다. 시계열 데이터를 조회합니다.
2025-09-11 21:45:20,147 - INFO - app.core.services - 기사 ID 28의 분석 결과 및 통계 데이터 저장 완료
2025-09-11 21:45:20,148 - INFO - __main__ - 기사 ID 28 처리 성공.
2025-09-11 21:45:20,152 - INFO - app.core.services - 기사 ID 29의 상태를 PROCESSING(으)로 업데이트.
2025-09-11 21:45:29,635 - INFO - httpx - HTTP Request: POST https://api.openai.com/v1/chat/completions "HTTP/1.1 200 OK"
2025-09-11 21:45:29,642 - INFO - app.core.processors - LLM 분석 데이터 수신 및 파싱 성공
2025-09-11 21:45:29,643 - WARNING - app.core.monitoring - 성능 모니터링 - analyze_article_with_llm: 실행시간=9.49초, 메모리변화=+0.1%, 현재메모리=69.8%
2025-09-11 21:45:29,643 - INFO - __main__ - 기사 ID 29: LLM이 관련 지표 ['kr.kospi.d', 'kr.gdp.q']를 식별했습니다. 시계열 데이터를 조회합니다.
2025-09-11 21:45:29,655 - INFO - app.core.services - 기사 ID 29의 분석 결과 및 통계 데이터 저장 완료
2025-09-11 21:45:29,655 - INFO - __main__ - 기사 ID 29 처리 성공.
2025-09-11 21:45:29,655 - INFO - __main__ - --- 2단계: 기사 처리 완료 ---
2025-09-11 22:29:32,710 - INFO - __main__ - 
--- 1단계: 신규 기사 수집 시작 ---
2025-09-11 22:29:32,936 - INFO - app.core.collectors - 네이버 API '주식' 키워드로 5개 기사 메타데이터 수신 성공.
2025-09-11 22:29:32,938 - INFO - app.core.monitoring - 성능 모니터링 - call_naver_api: 실행시간=0.22초, 메모리변화=+0.0%, 현재메모리=75.2%
2025-09-11 22:29:33,194 - INFO - app.core.collectors - 기사 크롤링 완료: 1개 이미지 추출 - http://www.fsnews.co.kr/news/articleView.html?idxno=58468
2025-09-11 22:29:33,196 - INFO - app.core.monitoring - 성능 모니터링 - crawl_article_with_newspaper3k: 실행시간=0.26초, 메모리변화=+0.1%, 현재메모리=75.3%
2025-09-11 22:29:33,233 - INFO - app.core.services - 신규 기사 저장 완료: (ID: 30) 유치원 간식 업무 떠넘기기… “터질게 터진 것”
2025-09-11 22:29:33,699 - INFO - app.core.collectors - 기사 크롤링 완료: 1개 이미지 추출 - https://kidd.co.kr/news/243159
2025-09-11 22:29:33,700 - INFO - app.core.monitoring - 성능 모니터링 - crawl_article_with_newspaper3k: 실행시간=0.47초, 메모리변화=+0.0%, 현재메모리=75.3%
2025-09-11 22:29:33,706 - INFO - app.core.services - 신규 기사 저장 완료: (ID: 31) 주식회사 보다, 시각데이터 확보 지원으로 이차전지 생산 효율 제고에 이바지
2025-09-11 22:29:33,909 - INFO - app.core.monitoring - 성능 모니터링 - crawl_article_with_newspaper3k: 실행시간=0.20초, 메모리변화=+0.0%, 현재메모리=75.3%
2025-09-11 22:29:33,909 - WARNING - __main__ - 콘텐츠가 너무 짧거나 없어서 수집을 건너뜁니다: https://news.cpbc.co.kr/article/1166916?division=NAVER
2025-09-11 22:29:34,413 - INFO - app.core.collectors - 기사 크롤링 완료: 2개 이미지 추출 - https://www.news2day.co.kr/article/20250911500269
2025-09-11 22:29:34,413 - INFO - app.core.monitoring - 성능 모니터링 - crawl_article_with_newspaper3k: 실행시간=0.50초, 메모리변화=+0.0%, 현재메모리=75.3%
2025-09-11 22:29:34,420 - INFO - app.core.services - 신규 기사 저장 완료: (ID: 32) [마켓인사이드] 예상치 부합한 8월 미 CPI, 연준 9월 빅컷 확률 28% 껑충
2025-09-11 22:29:35,018 - INFO - app.core.collectors - 기사 크롤링 완료: 5개 이미지 추출 - http://www.edaily.co.kr/news/newspath.asp?newsid=05136486642299136
2025-09-11 22:29:35,018 - INFO - app.core.monitoring - 성능 모니터링 - crawl_article_with_newspaper3k: 실행시간=0.60초, 메모리변화=+0.0%, 현재메모리=75.3%
2025-09-11 22:29:35,035 - INFO - app.core.services - 신규 기사 저장 완료: (ID: 33) 민희진 "임성한급 막장" VS 하이브 "분쟁 종용"… 260억 풋옵션 혈투
2025-09-11 22:29:35,035 - INFO - __main__ - --- 1단계: 신규 기사 수집 완료 ---

2025-09-11 22:29:35,038 - INFO - __main__ - --- 2단계: 총 4개의 기사 처리 시작 ---
2025-09-11 22:29:35,043 - INFO - app.core.services - 기사 ID 30의 상태를 PROCESSING(으)로 업데이트.
2025-09-11 22:29:44,023 - INFO - httpx - HTTP Request: POST https://api.openai.com/v1/chat/completions "HTTP/1.1 200 OK"
2025-09-11 22:29:44,035 - INFO - app.core.processors - LLM 분석 데이터 수신 및 파싱 성공
2025-09-11 22:29:44,036 - WARNING - app.core.monitoring - 성능 모니터링 - analyze_article_with_llm: 실행시간=8.99초, 메모리변화=+0.1%, 현재메모리=75.4%
2025-09-11 22:29:44,036 - INFO - __main__ - 기사 ID 30: LLM이 관련 지표 ['kr.gdp.q']를 식별했습니다. 시계열 데이터를 조회합니다.
2025-09-11 22:29:44,052 - INFO - app.core.services - 기사 ID 30의 분석 결과 및 통계 데이터 저장 완료
2025-09-11 22:29:44,052 - INFO - __main__ - 기사 ID 30 처리 성공.
2025-09-11 22:29:44,056 - INFO - app.core.services - 기사 ID 31의 상태를 PROCESSING(으)로 업데이트.
2025-09-11 22:29:54,194 - INFO - httpx - HTTP Request: POST https://api.openai.com/v1/chat/completions "HTTP/1.1 200 OK"
2025-09-11 22:29:54,196 - INFO - app.core.processors - LLM 분석 데이터 수신 및 파싱 성공
2025-09-11 22:29:54,197 - WARNING - app.core.monitoring - 성능 모니터링 - analyze_article_with_llm: 실행시간=10.14초, 메모리변화=+0.0%, 현재메모리=75.4%
2025-09-11 22:29:54,197 - INFO - __main__ - 기사 ID 31: LLM이 관련 지표 ['kr.gdp.q']를 식별했습니다. 시계열 데이터를 조회합니다.
2025-09-11 22:29:54,210 - INFO - app.core.services - 기사 ID 31의 분석 결과 및 통계 데이터 저장 완료
2025-09-11 22:29:54,210 - INFO - __main__ - 기사 ID 31 처리 성공.
2025-09-11 22:29:54,215 - INFO - app.core.services - 기사 ID 32의 상태를 PROCESSING(으)로 업데이트.
2025-09-11 22:30:05,476 - INFO - httpx - HTTP Request: POST https://api.openai.com/v1/chat/completions "HTTP/1.1 200 OK"
2025-09-11 22:30:05,478 - INFO - app.core.processors - LLM 분석 데이터 수신 및 파싱 성공
2025-09-11 22:30:05,478 - WARNING - app.core.monitoring - 성능 모니터링 - analyze_article_with_llm: 실행시간=11.26초, 메모리변화=+0.0%, 현재메모리=75.4%
2025-09-11 22:30:05,478 - INFO - __main__ - 기사 ID 32: LLM이 관련 지표 ['kr.cpi.headline.m', 'kr.base.rate.d']를 식별했습니다. 시계열 데이터를 조회합니다.
2025-09-11 22:30:05,494 - INFO - app.core.services - 기사 ID 32의 분석 결과 및 통계 데이터 저장 완료
2025-09-11 22:30:05,494 - INFO - __main__ - 기사 ID 32 처리 성공.
2025-09-11 22:30:05,500 - INFO - app.core.services - 기사 ID 33의 상태를 PROCESSING(으)로 업데이트.
2025-09-11 22:30:20,661 - INFO - httpx - HTTP Request: POST https://api.openai.com/v1/chat/completions "HTTP/1.1 200 OK"
2025-09-11 22:30:20,664 - INFO - app.core.processors - LLM 분석 데이터 수신 및 파싱 성공
2025-09-11 22:30:20,665 - WARNING - app.core.monitoring - 성능 모니터링 - analyze_article_with_llm: 실행시간=15.16초, 메모리변화=+0.0%, 현재메모리=75.4%
2025-09-11 22:30:20,665 - INFO - __main__ - 기사 ID 33: LLM이 관련 지표 ['kr.gdp.q']를 식별했습니다. 시계열 데이터를 조회합니다.
2025-09-11 22:30:20,674 - INFO - app.core.services - 기사 ID 33의 분석 결과 및 통계 데이터 저장 완료
2025-09-11 22:30:20,675 - INFO - __main__ - 기사 ID 33 처리 성공.
2025-09-11 22:30:20,676 - INFO - __main__ - --- 2단계: 기사 처리 완료 ---
2025-09-11 22:39:46,964 - INFO - __main__ - 
--- 1단계: 신규 기사 수집 시작 ---
2025-09-11 22:39:47,153 - INFO - app.core.collectors - 네이버 API '주식' 키워드로 5개 기사 메타데이터 수신 성공.
2025-09-11 22:39:47,154 - INFO - app.core.monitoring - 성능 모니터링 - call_naver_api: 실행시간=0.19초, 메모리변화=+0.1%, 현재메모리=76.5%
2025-09-11 22:39:47,799 - INFO - app.core.collectors - 기사 크롤링 완료: 4개 이미지 추출 - https://www.xportsnews.com/article/2052231
2025-09-11 22:39:47,801 - INFO - app.core.monitoring - 성능 모니터링 - crawl_article_with_newspaper3k: 실행시간=0.65초, 메모리변화=+0.0%, 현재메모리=76.5%
2025-09-11 22:39:47,836 - INFO - app.core.services - 신규 기사 저장 완료: (ID: 34) 민희진 "임성한급 막장"…하이브, '노예계약' 주장에 코웃음 '팽팽' (엑's 현장)[종합]
2025-09-11 22:39:48,247 - INFO - app.core.collectors - 기사 크롤링 완료: 1개 이미지 추출 - https://kidd.co.kr/news/243159
2025-09-11 22:39:48,248 - INFO - app.core.monitoring - 성능 모니터링 - crawl_article_with_newspaper3k: 실행시간=0.41초, 메모리변화=+0.1%, 현재메모리=76.6%
2025-09-11 22:39:48,502 - INFO - app.core.collectors - 기사 크롤링 완료: 1개 이미지 추출 - http://www.fsnews.co.kr/news/articleView.html?idxno=58468
2025-09-11 22:39:48,503 - INFO - app.core.monitoring - 성능 모니터링 - crawl_article_with_newspaper3k: 실행시간=0.25초, 메모리변화=+0.0%, 현재메모리=76.6%
2025-09-11 22:39:48,667 - INFO - app.core.monitoring - 성능 모니터링 - crawl_article_with_newspaper3k: 실행시간=0.16초, 메모리변화=+0.0%, 현재메모리=76.6%
2025-09-11 22:39:48,667 - WARNING - __main__ - 콘텐츠가 너무 짧거나 없어서 수집을 건너뜁니다: https://news.cpbc.co.kr/article/1166916?division=NAVER
2025-09-11 22:39:49,134 - INFO - app.core.collectors - 기사 크롤링 완료: 2개 이미지 추출 - https://www.news2day.co.kr/article/20250911500269
2025-09-11 22:39:49,135 - INFO - app.core.monitoring - 성능 모니터링 - crawl_article_with_newspaper3k: 실행시간=0.47초, 메모리변화=+0.0%, 현재메모리=76.6%
2025-09-11 22:39:49,138 - INFO - __main__ - --- 1단계: 신규 기사 수집 완료 ---

2025-09-11 22:39:49,139 - INFO - __main__ - --- 2단계: 총 1개의 기사 처리 시작 ---
2025-09-11 22:39:49,146 - INFO - app.core.services - 기사 ID 34의 상태를 PROCESSING(으)로 업데이트.
2025-09-11 22:39:57,220 - INFO - httpx - HTTP Request: POST https://api.openai.com/v1/chat/completions "HTTP/1.1 200 OK"
2025-09-11 22:39:57,227 - INFO - app.core.processors - LLM 분석 데이터 수신 및 파싱 성공
2025-09-11 22:39:57,227 - WARNING - app.core.monitoring - 성능 모니터링 - analyze_article_with_llm: 실행시간=8.08초, 메모리변화=+0.2%, 현재메모리=76.7%
2025-09-11 22:39:57,227 - INFO - __main__ - 기사 ID 34: LLM이 관련 지표 ['kr.gdp.q']를 식별했습니다. 시계열 데이터를 조회합니다.
2025-09-11 22:39:57,242 - INFO - app.core.services - 기사 ID 34의 분석 결과 및 통계 데이터 저장 완료
2025-09-11 22:39:57,242 - INFO - __main__ - 기사 ID 34 처리 성공.
2025-09-11 22:39:57,243 - INFO - __main__ - --- 2단계: 기사 처리 완료 ---
2025-09-11 23:02:56,816 - INFO - __main__ - 
--- 1단계: 신규 기사 수집 시작 ---
2025-09-11 23:02:57,023 - INFO - app.core.collectors - 네이버 API '주식' 키워드로 5개 기사 메타데이터 수신 성공.
2025-09-11 23:02:57,026 - INFO - app.core.monitoring - 성능 모니터링 - call_naver_api: 실행시간=0.20초, 메모리변화=+0.0%, 현재메모리=77.0%
2025-09-11 23:02:57,712 - INFO - app.core.collectors - 기사 크롤링 완료: 1개 이미지 추출 - http://www.biztribune.co.kr/news/articleView.html?idxno=340024
2025-09-11 23:02:57,714 - INFO - app.core.monitoring - 성능 모니터링 - crawl_article_with_newspaper3k: 실행시간=0.69초, 메모리변화=+0.0%, 현재메모리=77.0%
2025-09-11 23:02:57,825 - INFO - app.core.services - 신규 기사 저장 완료: (ID: 35) [주식] 코스피, 2거래일 연속 신고점 경신...반도체 업황에 실적 기대감까지 더해 강세 전망
2025-09-11 23:03:01,745 - INFO - app.core.collectors - 기사 크롤링 완료: 5개 이미지 추출 - https://www.tokenpost.kr/news/cryptocurrency/284932
2025-09-11 23:03:01,747 - INFO - app.core.monitoring - 성능 모니터링 - crawl_article_with_newspaper3k: 실행시간=3.92초, 메모리변화=+0.0%, 현재메모리=77.0%
2025-09-11 23:03:01,772 - INFO - app.core.services - 신규 기사 저장 완료: (ID: 36) 비트코인(BTC), '디지털 금'에서 '고위험 주식'으로 변신?
2025-09-11 23:03:02,471 - INFO - app.core.collectors - 기사 크롤링 완료: 2개 이미지 추출 - https://www.mhns.co.kr/news/articleView.html?idxno=724642
2025-09-11 23:03:02,474 - INFO - app.core.monitoring - 성능 모니터링 - crawl_article_with_newspaper3k: 실행시간=0.70초, 메모리변화=+0.0%, 현재메모리=77.0%
2025-09-11 23:03:02,497 - INFO - app.core.services - 신규 기사 저장 완료: (ID: 37) ‘가짜뉴스 징벌 배상’ 강조…이재명 대통령 “민주주의 훼손, 표현의 자유도 책임 수반해야”
2025-09-11 23:03:04,489 - INFO - app.core.collectors - 기사 크롤링 완료: 5개 이미지 추출 - https://www.segye.com/newsView/20250911517189?OutUrl=naver
2025-09-11 23:03:04,490 - INFO - app.core.monitoring - 성능 모니터링 - crawl_article_with_newspaper3k: 실행시간=1.99초, 메모리변화=+0.0%, 현재메모리=77.0%
2025-09-11 23:03:04,507 - INFO - app.core.services - 신규 기사 저장 완료: (ID: 38) [사설] ‘통합’ ‘성장’ 강조한 李, 반대 논리도 경청하며 성과 내길
2025-09-11 23:03:05,765 - INFO - app.core.collectors - 기사 크롤링 완료: 5개 이미지 추출 - https://www.topstarnews.net/news/articleView.html?idxno=15802523
2025-09-11 23:03:05,767 - INFO - app.core.monitoring - 성능 모니터링 - crawl_article_with_newspaper3k: 실행시간=1.26초, 메모리변화=+0.1%, 현재메모리=77.1%
2025-09-11 23:03:05,791 - INFO - app.core.services - 신규 기사 저장 완료: (ID: 39) 미국 8월 CPI 2.9%…연준 0.25% 인하 ‘유력’
2025-09-11 23:03:05,792 - INFO - __main__ - --- 1단계: 신규 기사 수집 완료 ---

2025-09-11 23:03:05,801 - INFO - __main__ - --- 2단계: 총 5개의 기사 처리 시작 ---
2025-09-11 23:03:05,813 - INFO - app.core.services - 기사 ID 35의 상태를 PROCESSING(으)로 업데이트.
2025-09-11 23:03:17,900 - INFO - httpx - HTTP Request: POST https://api.openai.com/v1/chat/completions "HTTP/1.1 200 OK"
2025-09-11 23:03:17,933 - INFO - app.core.processors - LLM 분석 데이터 수신 및 파싱 성공
2025-09-11 23:03:17,935 - WARNING - app.core.monitoring - 성능 모니터링 - analyze_article_with_llm: 실행시간=12.12초, 메모리변화=+0.1%, 현재메모리=77.2%
2025-09-11 23:03:17,935 - INFO - __main__ - 기사 ID 35: LLM이 관련 지표 ['kr.kospi.d', 'fx.usdkrw.m']를 식별했습니다. 시계열 데이터를 조회합니다.
2025-09-11 23:03:17,977 - INFO - app.core.services - 기사 ID 35의 분석 결과 및 통계 데이터 저장 완료
2025-09-11 23:03:17,977 - INFO - __main__ - 기사 ID 35 처리 성공.
2025-09-11 23:03:17,984 - INFO - app.core.services - 기사 ID 36의 상태를 PROCESSING(으)로 업데이트.
2025-09-11 23:03:28,777 - INFO - httpx - HTTP Request: POST https://api.openai.com/v1/chat/completions "HTTP/1.1 200 OK"
2025-09-11 23:03:28,781 - INFO - app.core.processors - LLM 분석 데이터 수신 및 파싱 성공
2025-09-11 23:03:28,782 - WARNING - app.core.monitoring - 성능 모니터링 - analyze_article_with_llm: 실행시간=10.79초, 메모리변화=+0.0%, 현재메모리=77.2%
2025-09-11 23:03:28,782 - INFO - __main__ - 기사 ID 36: LLM이 관련 지표 ['kr.kospi.d']를 식별했습니다. 시계열 데이터를 조회합니다.
2025-09-11 23:03:28,814 - INFO - app.core.services - 기사 ID 36의 분석 결과 및 통계 데이터 저장 완료
2025-09-11 23:03:28,814 - INFO - __main__ - 기사 ID 36 처리 성공.
2025-09-11 23:03:28,821 - INFO - app.core.services - 기사 ID 37의 상태를 PROCESSING(으)로 업데이트.
2025-09-11 23:03:39,533 - INFO - httpx - HTTP Request: POST https://api.openai.com/v1/chat/completions "HTTP/1.1 200 OK"
2025-09-11 23:03:39,536 - INFO - app.core.processors - LLM 분석 데이터 수신 및 파싱 성공
2025-09-11 23:03:39,536 - WARNING - app.core.monitoring - 성능 모니터링 - analyze_article_with_llm: 실행시간=10.71초, 메모리변화=+0.0%, 현재메모리=77.2%
2025-09-11 23:03:39,537 - INFO - __main__ - 기사 ID 37: LLM이 관련 지표 ['kr.kospi.d']를 식별했습니다. 시계열 데이터를 조회합니다.
2025-09-11 23:03:39,565 - INFO - app.core.services - 기사 ID 37의 분석 결과 및 통계 데이터 저장 완료
2025-09-11 23:03:39,566 - INFO - __main__ - 기사 ID 37 처리 성공.
2025-09-11 23:03:39,580 - INFO - app.core.services - 기사 ID 38의 상태를 PROCESSING(으)로 업데이트.
2025-09-11 23:03:51,822 - INFO - httpx - HTTP Request: POST https://api.openai.com/v1/chat/completions "HTTP/1.1 200 OK"
2025-09-11 23:03:51,826 - INFO - app.core.processors - LLM 분석 데이터 수신 및 파싱 성공
2025-09-11 23:03:51,827 - WARNING - app.core.monitoring - 성능 모니터링 - analyze_article_with_llm: 실행시간=12.24초, 메모리변화=+0.0%, 현재메모리=77.2%
2025-09-11 23:03:51,827 - INFO - __main__ - 기사 ID 38: LLM이 관련 지표 ['kr.gdp.q', 'kr.base.rate.d']를 식별했습니다. 시계열 데이터를 조회합니다.
2025-09-11 23:03:51,876 - INFO - app.core.services - 기사 ID 38의 분석 결과 및 통계 데이터 저장 완료
2025-09-11 23:03:51,876 - INFO - __main__ - 기사 ID 38 처리 성공.
2025-09-11 23:03:51,882 - INFO - app.core.services - 기사 ID 39의 상태를 PROCESSING(으)로 업데이트.
2025-09-11 23:04:01,659 - INFO - httpx - HTTP Request: POST https://api.openai.com/v1/chat/completions "HTTP/1.1 200 OK"
2025-09-11 23:04:01,662 - INFO - app.core.processors - LLM 분석 데이터 수신 및 파싱 성공
2025-09-11 23:04:01,662 - WARNING - app.core.monitoring - 성능 모니터링 - analyze_article_with_llm: 실행시간=9.78초, 메모리변화=+0.0%, 현재메모리=77.2%
2025-09-11 23:04:01,663 - INFO - __main__ - 기사 ID 39: LLM이 관련 지표 ['kr.cpi.headline.m', 'kr.base.rate.d']를 식별했습니다. 시계열 데이터를 조회합니다.
2025-09-11 23:04:01,690 - INFO - app.core.services - 기사 ID 39의 분석 결과 및 통계 데이터 저장 완료
2025-09-11 23:04:01,690 - INFO - __main__ - 기사 ID 39 처리 성공.
2025-09-11 23:04:01,691 - INFO - __main__ - --- 2단계: 기사 처리 완료 ---
2025-09-14 20:34:25,022 - INFO - __main__ - 
--- 1단계: 신규 기사 수집 시작 ---
2025-09-14 20:34:25,210 - INFO - app.core.collectors - 네이버 API '주식' 키워드로 5개 기사 메타데이터 수신 성공.
2025-09-14 20:34:25,211 - INFO - app.core.monitoring - 성능 모니터링 - call_naver_api: 실행시간=0.18초, 메모리변화=+0.0%, 현재메모리=86.1%
2025-09-14 20:34:25,965 - INFO - app.core.collectors - 기사 크롤링 완료: 3개 이미지 추출 - http://www.ikpnews.net/news/articleView.html?idxno=68268
2025-09-14 20:34:25,966 - INFO - app.core.monitoring - 성능 모니터링 - crawl_article_with_newspaper3k: 실행시간=0.75초, 메모리변화=+0.1%, 현재메모리=86.2%
2025-09-14 20:34:26,011 - INFO - app.core.services - 신규 기사 저장 완료: (ID: 40) ‘국가 책임수매, 특단 소비대책’ 없인 국산 밀 미래 어두워
2025-09-14 20:34:26,570 - INFO - app.core.collectors - 기사 크롤링 완료: 2개 이미지 추출 - https://www.kyeonggi.com/article/20250914580372
2025-09-14 20:34:26,571 - INFO - app.core.monitoring - 성능 모니터링 - crawl_article_with_newspaper3k: 실행시간=0.56초, 메모리변화=+0.0%, 현재메모리=86.2%
2025-09-14 20:34:26,580 - INFO - app.core.services - 신규 기사 저장 완료: (ID: 41) 김동연 “여당 도지사 3개월째, 남은 임기 잘할 것…李 대통령 100일은 A+”
2025-09-14 20:34:26,928 - INFO - app.core.collectors - 기사 크롤링 완료: 2개 이미지 추출 - http://www.inews24.com/view/1886797
2025-09-14 20:34:26,928 - INFO - app.core.monitoring - 성능 모니터링 - crawl_article_with_newspaper3k: 실행시간=0.35초, 메모리변화=+0.0%, 현재메모리=86.2%
2025-09-14 20:34:26,934 - INFO - app.core.services - 신규 기사 저장 완료: (ID: 42) "남현희, 전청조 '재벌3세'라고 진짜 믿었다"…'공범' 누명 벗어
2025-09-14 20:34:27,094 - INFO - app.core.collectors - 기사 본문 길이 부족으로 건너뜀: 13자 (최소 200자 필요) - https://www.gnnews.co.kr/news/articleView.html?idxno=618758
2025-09-14 20:34:27,095 - INFO - app.core.monitoring - 성능 모니터링 - crawl_article_with_newspaper3k: 실행시간=0.16초, 메모리변화=+0.0%, 현재메모리=86.2%
2025-09-14 20:34:27,096 - WARNING - __main__ - 콘텐츠가 너무 짧거나 없어서 수집을 건너뜁니다: https://www.gnnews.co.kr/news/articleView.html?idxno=618758
2025-09-14 20:34:28,612 - INFO - app.core.collectors - 기사 크롤링 완료: 5개 이미지 추출 - https://www.tokenpost.kr/news/blockchain/285566
2025-09-14 20:34:28,613 - INFO - app.core.monitoring - 성능 모니터링 - crawl_article_with_newspaper3k: 실행시간=1.52초, 메모리변화=+0.0%, 현재메모리=86.2%
2025-09-14 20:34:28,622 - INFO - app.core.services - 신규 기사 저장 완료: (ID: 43) 캐피털그룹, 보수 가치투자 철학 지키며 비트코인 관련주로 8조 원 수익
2025-09-14 20:34:28,623 - INFO - __main__ - --- 1단계: 신규 기사 수집 완료 ---

2025-09-14 20:34:28,626 - INFO - __main__ - --- 2단계: 총 4개의 기사 처리 시작 ---
2025-09-14 20:34:28,634 - INFO - app.core.services - 기사 ID 40의 상태를 PROCESSING(으)로 업데이트.
2025-09-14 20:34:35,716 - INFO - httpx - HTTP Request: POST https://api.openai.com/v1/chat/completions "HTTP/1.1 200 OK"
2025-09-14 20:34:35,732 - INFO - app.core.processors - LLM 분석 데이터 수신 및 파싱 성공
2025-09-14 20:34:35,732 - WARNING - app.core.monitoring - 성능 모니터링 - analyze_article_with_llm: 실행시간=7.10초, 메모리변화=+0.1%, 현재메모리=86.3%
2025-09-14 20:34:35,733 - INFO - __main__ - 기사 ID 40: LLM이 관련 지표 ['kr.cpi.headline.m', 'kr.gdp.q']를 식별했습니다. 시계열 데이터를 조회합니다.
2025-09-14 20:34:35,751 - INFO - app.core.services - 기사 ID 40의 분석 결과 및 통계 데이터 저장 완료
2025-09-14 20:34:35,752 - INFO - __main__ - 기사 ID 40 처리 성공.
2025-09-14 20:34:35,756 - INFO - app.core.services - 기사 ID 41의 상태를 PROCESSING(으)로 업데이트.
2025-09-14 20:34:40,883 - INFO - httpx - HTTP Request: POST https://api.openai.com/v1/chat/completions "HTTP/1.1 200 OK"
2025-09-14 20:34:40,908 - INFO - app.core.processors - LLM 분석 데이터 수신 및 파싱 성공
2025-09-14 20:34:40,908 - WARNING - app.core.monitoring - 성능 모니터링 - analyze_article_with_llm: 실행시간=5.15초, 메모리변화=+0.0%, 현재메모리=86.3%
2025-09-14 20:34:40,909 - INFO - __main__ - 기사 ID 41: LLM이 관련 지표 ['kr.kospi.d']를 식별했습니다. 시계열 데이터를 조회합니다.
2025-09-14 20:34:40,918 - INFO - app.core.services - 기사 ID 41의 분석 결과 및 통계 데이터 저장 완료
2025-09-14 20:34:40,918 - INFO - __main__ - 기사 ID 41 처리 성공.
2025-09-14 20:34:40,923 - INFO - app.core.services - 기사 ID 42의 상태를 PROCESSING(으)로 업데이트.
2025-09-14 20:34:45,556 - INFO - httpx - HTTP Request: POST https://api.openai.com/v1/chat/completions "HTTP/1.1 200 OK"
2025-09-14 20:34:45,564 - INFO - app.core.processors - LLM 분석 데이터 수신 및 파싱 성공
2025-09-14 20:34:45,565 - INFO - app.core.monitoring - 성능 모니터링 - analyze_article_with_llm: 실행시간=4.64초, 메모리변화=+0.0%, 현재메모리=86.3%
2025-09-14 20:34:45,572 - INFO - app.core.services - 기사 ID 42의 분석 결과 및 통계 데이터 저장 완료
2025-09-14 20:34:45,572 - INFO - __main__ - 기사 ID 42 처리 성공.
2025-09-14 20:34:45,577 - INFO - app.core.services - 기사 ID 43의 상태를 PROCESSING(으)로 업데이트.
2025-09-14 20:34:51,427 - INFO - httpx - HTTP Request: POST https://api.openai.com/v1/chat/completions "HTTP/1.1 200 OK"
2025-09-14 20:34:51,430 - INFO - app.core.processors - LLM 분석 데이터 수신 및 파싱 성공
2025-09-14 20:34:51,430 - WARNING - app.core.monitoring - 성능 모니터링 - analyze_article_with_llm: 실행시간=5.85초, 메모리변화=+0.0%, 현재메모리=86.3%
2025-09-14 20:34:51,430 - INFO - __main__ - 기사 ID 43: LLM이 관련 지표 ['kr.kospi.d']를 식별했습니다. 시계열 데이터를 조회합니다.
2025-09-14 20:34:51,447 - INFO - app.core.services - 기사 ID 43의 분석 결과 및 통계 데이터 저장 완료
2025-09-14 20:34:51,447 - INFO - __main__ - 기사 ID 43 처리 성공.
2025-09-14 20:34:51,448 - INFO - __main__ - --- 2단계: 기사 처리 완료 ---
2025-09-14 20:56:57,737 - INFO - __main__ - 
--- 1단계: 신규 기사 수집 시작 ---
2025-09-14 20:56:57,875 - INFO - app.core.collectors - 네이버 API '금리' 키워드로 5개 기사 메타데이터 수신 성공.
2025-09-14 20:56:57,877 - INFO - app.core.monitoring - 성능 모니터링 - call_naver_api: 실행시간=0.13초, 메모리변화=+0.0%, 현재메모리=88.2%
2025-09-14 20:56:58,388 - INFO - app.core.collectors - 기사 크롤링 완료: 5개 이미지 추출 - https://www.mk.co.kr/article/11419268
2025-09-14 20:56:58,389 - INFO - app.core.monitoring - 성능 모니터링 - crawl_article_with_newspaper3k: 실행시간=0.51초, 메모리변화=+0.1%, 현재메모리=88.3%
2025-09-14 20:56:58,433 - INFO - app.core.services - 신규 기사 저장 완료: (ID: 44) “일반 회사보다 못믿을 프랑스 국채, 금리 치솟아”...신용등급 강등에 거센 후폭풍
2025-09-14 20:56:58,960 - INFO - app.core.collectors - 기사 크롤링 완료: 5개 이미지 추출 - https://www.mk.co.kr/article/11419265
2025-09-14 20:56:58,961 - INFO - app.core.monitoring - 성능 모니터링 - crawl_article_with_newspaper3k: 실행시간=0.53초, 메모리변화=+0.0%, 현재메모리=88.3%
2025-09-14 20:56:58,966 - INFO - app.core.services - 신규 기사 저장 완료: (ID: 45) 佛 국채금리 빨간불 회사채보다 높아져
2025-09-14 20:56:59,716 - INFO - app.core.collectors - 기사 크롤링 완료: 5개 이미지 추출 - https://www.inthenews.co.kr/news/article.html?no=76891
2025-09-14 20:56:59,716 - INFO - app.core.monitoring - 성능 모니터링 - crawl_article_with_newspaper3k: 실행시간=0.75초, 메모리변화=+0.0%, 현재메모리=88.3%
2025-09-14 20:56:59,722 - INFO - app.core.services - 신규 기사 저장 완료: (ID: 46) [iN The Scene] 양종희 KB금융 회장 “중소·중견기업 위한 생산적금융 더 확대하겠습니다!”
2025-09-14 20:57:01,351 - INFO - app.core.collectors - 기사 크롤링 완료: 5개 이미지 추출 - https://sports.donga.com/economy/article/all/20250914/132381445/1
2025-09-14 20:57:01,352 - INFO - app.core.monitoring - 성능 모니터링 - crawl_article_with_newspaper3k: 실행시간=1.63초, 메모리변화=+0.0%, 현재메모리=88.3%
2025-09-14 20:57:01,359 - INFO - app.core.services - 신규 기사 저장 완료: (ID: 47) “베트남 투자설명회+라이징 리더 300” 중견·중소기업과 동반성장 나선 우리은행
2025-09-14 20:57:02,074 - INFO - app.core.collectors - 기사 크롤링 완료: 4개 이미지 추출 - https://www.inthenews.co.kr/news/article.html?no=76893
2025-09-14 20:57:02,075 - INFO - app.core.monitoring - 성능 모니터링 - crawl_article_with_newspaper3k: 실행시간=0.72초, 메모리변화=+0.0%, 현재메모리=88.3%
2025-09-14 20:57:02,082 - INFO - app.core.services - 신규 기사 저장 완료: (ID: 48) [iN The Scene] KB국민은행 “K-비즈니스 CEO 여러분 모두 파이팅!”
2025-09-14 20:57:02,207 - INFO - app.core.collectors - 네이버 API '주식' 키워드로 5개 기사 메타데이터 수신 성공.
2025-09-14 20:57:02,209 - INFO - app.core.monitoring - 성능 모니터링 - call_naver_api: 실행시간=0.13초, 메모리변화=+0.0%, 현재메모리=88.3%
2025-09-14 20:57:02,728 - INFO - app.core.collectors - 기사 크롤링 완료: 5개 이미지 추출 - https://www.cstimes.com/news/articleView.html?idxno=666992
2025-09-14 20:57:02,729 - INFO - app.core.monitoring - 성능 모니터링 - crawl_article_with_newspaper3k: 실행시간=0.52초, 메모리변화=+0.0%, 현재메모리=88.3%
2025-09-14 20:57:02,734 - INFO - app.core.services - 신규 기사 저장 완료: (ID: 49) 동성제약 경영권 다툼, '반쪽 승리'로 장기전 불가피
2025-09-14 20:57:03,277 - INFO - app.core.collectors - 기사 크롤링 완료: 2개 이미지 추출 - https://www.ksmnews.co.kr/news/view.php?idx=563186
2025-09-14 20:57:03,278 - INFO - app.core.monitoring - 성능 모니터링 - crawl_article_with_newspaper3k: 실행시간=0.54초, 메모리변화=+0.1%, 현재메모리=88.4%
2025-09-14 20:57:03,284 - INFO - app.core.services - 신규 기사 저장 완료: (ID: 50) 경기도 공공배달앱 배달특급 ‘청춘 할인’ 소비자 이벤트
2025-09-14 20:57:03,439 - INFO - app.core.collectors - 기사 크롤링 완료: 1개 이미지 추출 - https://www.nextdaily.co.kr/news/articleView.html?idxno=242298
2025-09-14 20:57:03,440 - INFO - app.core.monitoring - 성능 모니터링 - crawl_article_with_newspaper3k: 실행시간=0.16초, 메모리변화=+0.0%, 현재메모리=88.4%
2025-09-14 20:57:03,446 - INFO - app.core.services - 신규 기사 저장 완료: (ID: 51) 우리은행, 국민연금 수탁은행에 4회 연속 재선정 - 넥스트데일리
2025-09-14 20:57:03,961 - INFO - app.core.collectors - 기사 크롤링 완료: 3개 이미지 추출 - http://www.ikpnews.net/news/articleView.html?idxno=68268
2025-09-14 20:57:03,962 - INFO - app.core.monitoring - 성능 모니터링 - crawl_article_with_newspaper3k: 실행시간=0.52초, 메모리변화=+0.0%, 현재메모리=88.4%
2025-09-14 20:57:04,501 - INFO - app.core.collectors - 기사 크롤링 완료: 2개 이미지 추출 - https://www.kyeonggi.com/article/20250914580372
2025-09-14 20:57:04,502 - INFO - app.core.monitoring - 성능 모니터링 - crawl_article_with_newspaper3k: 실행시간=0.54초, 메모리변화=+0.0%, 현재메모리=88.4%
2025-09-14 20:57:04,650 - INFO - app.core.collectors - 네이버 API '부동산' 키워드로 5개 기사 메타데이터 수신 성공.
2025-09-14 20:57:04,652 - INFO - app.core.monitoring - 성능 모니터링 - call_naver_api: 실행시간=0.15초, 메모리변화=+0.0%, 현재메모리=88.4%
2025-09-14 20:57:05,175 - INFO - app.core.collectors - 기사 크롤링 완료: 2개 이미지 추출 - https://www.ksmnews.co.kr/news/view.php?idx=563137
2025-09-14 20:57:05,176 - INFO - app.core.monitoring - 성능 모니터링 - crawl_article_with_newspaper3k: 실행시간=0.52초, 메모리변화=+0.0%, 현재메모리=88.4%
2025-09-14 20:57:05,182 - INFO - app.core.services - 신규 기사 저장 완료: (ID: 52) 대구 서구, 9월 재산세 271억 부과
2025-09-14 20:57:05,715 - INFO - app.core.collectors - 기사 크롤링 완료: 1개 이미지 추출 - https://www.ksmnews.co.kr/news/view.php?idx=563203
2025-09-14 20:57:05,716 - INFO - app.core.monitoring - 성능 모니터링 - crawl_article_with_newspaper3k: 실행시간=0.53초, 메모리변화=+0.0%, 현재메모리=88.4%
2025-09-14 20:57:05,722 - INFO - app.core.services - 신규 기사 저장 완료: (ID: 53) 유영두 부위원장, `지방 세수 결손에도 선심성 예산 편성...결국 피해는 도민이 본다`
2025-09-14 20:57:06,260 - INFO - app.core.collectors - 기사 크롤링 완료: 1개 이미지 추출 - https://www.ksmnews.co.kr/news/view.php?idx=563323
2025-09-14 20:57:06,261 - INFO - app.core.monitoring - 성능 모니터링 - crawl_article_with_newspaper3k: 실행시간=0.54초, 메모리변화=+0.0%, 현재메모리=88.4%
2025-09-14 20:57:06,268 - INFO - app.core.services - 신규 기사 저장 완료: (ID: 54) 대구시, 청년과 시장이 함께 만든 변화, `소소디 시즌5` 성공적 마무리
2025-09-14 20:57:06,787 - INFO - app.core.collectors - 기사 크롤링 완료: 1개 이미지 추출 - https://www.ksmnews.co.kr/news/view.php?idx=563148
2025-09-14 20:57:06,788 - INFO - app.core.monitoring - 성능 모니터링 - crawl_article_with_newspaper3k: 실행시간=0.52초, 메모리변화=+0.0%, 현재메모리=88.4%
2025-09-14 20:57:06,797 - INFO - app.core.services - 신규 기사 저장 완료: (ID: 55) 최승용 의원, GH 사장 후보자 전문성ㆍ중립성 우려 제기
2025-09-14 20:57:07,311 - INFO - app.core.collectors - 기사 크롤링 완료: 1개 이미지 추출 - https://www.ksmnews.co.kr/news/view.php?idx=563165
2025-09-14 20:57:07,312 - INFO - app.core.monitoring - 성능 모니터링 - crawl_article_with_newspaper3k: 실행시간=0.51초, 메모리변화=-1.5%, 현재메모리=86.9%
2025-09-14 20:57:07,318 - INFO - app.core.services - 신규 기사 저장 완료: (ID: 56) 김시용 도시환경위원장, 전세보증금 반환보증 지원 축소 재검토 필요해
2025-09-14 20:57:07,452 - INFO - app.core.collectors - 네이버 API '채권' 키워드로 5개 기사 메타데이터 수신 성공.
2025-09-14 20:57:07,453 - INFO - app.core.monitoring - 성능 모니터링 - call_naver_api: 실행시간=0.13초, 메모리변화=+0.0%, 현재메모리=86.9%
2025-09-14 20:57:07,941 - INFO - app.core.collectors - 기사 크롤링 완료: 5개 이미지 추출 - https://www.mk.co.kr/article/11419268
2025-09-14 20:57:07,942 - INFO - app.core.monitoring - 성능 모니터링 - crawl_article_with_newspaper3k: 실행시간=0.49초, 메모리변화=+0.0%, 현재메모리=86.9%
2025-09-14 20:57:08,472 - INFO - app.core.collectors - 기사 크롤링 완료: 5개 이미지 추출 - https://www.mk.co.kr/article/11419265
2025-09-14 20:57:08,473 - INFO - app.core.monitoring - 성능 모니터링 - crawl_article_with_newspaper3k: 실행시간=0.53초, 메모리변화=+0.0%, 현재메모리=86.9%
2025-09-14 20:57:08,615 - INFO - app.core.collectors - 기사 크롤링 완료: 1개 이미지 추출 - https://www.nextdaily.co.kr/news/articleView.html?idxno=242298
2025-09-14 20:57:08,616 - INFO - app.core.monitoring - 성능 모니터링 - crawl_article_with_newspaper3k: 실행시간=0.14초, 메모리변화=+0.0%, 현재메모리=86.9%
2025-09-14 20:57:09,466 - INFO - app.core.collectors - 기사 크롤링 완료: 1개 이미지 추출 - https://www.seoul.co.kr/news/society/2025/09/15/20250915010003?wlog_tag3=naver
2025-09-14 20:57:09,467 - INFO - app.core.monitoring - 성능 모니터링 - crawl_article_with_newspaper3k: 실행시간=0.85초, 메모리변화=+0.0%, 현재메모리=86.9%
2025-09-14 20:57:09,473 - INFO - app.core.services - 신규 기사 저장 완료: (ID: 57) 죽어서도 갈 곳 없는 전두환, 연희동 자택 마당에 묻힐까
2025-09-14 20:57:09,644 - INFO - app.core.collectors - 기사 본문 길이 부족으로 건너뜀: 13자 (최소 200자 필요) - https://www.gnnews.co.kr/news/articleView.html?idxno=618877
2025-09-14 20:57:09,645 - INFO - app.core.monitoring - 성능 모니터링 - crawl_article_with_newspaper3k: 실행시간=0.17초, 메모리변화=+0.0%, 현재메모리=86.9%
2025-09-14 20:57:09,645 - WARNING - __main__ - 콘텐츠가 너무 짧거나 없어서 수집을 건너뜁니다: https://www.gnnews.co.kr/news/articleView.html?idxno=618877
2025-09-14 20:57:09,784 - INFO - app.core.collectors - 네이버 API '물가' 키워드로 5개 기사 메타데이터 수신 성공.
2025-09-14 20:57:09,786 - INFO - app.core.monitoring - 성능 모니터링 - call_naver_api: 실행시간=0.14초, 메모리변화=+0.0%, 현재메모리=86.9%
2025-09-14 20:57:10,428 - INFO - app.core.collectors - 기사 크롤링 완료: 5개 이미지 추출 - https://www.khan.co.kr/article/202509142051015
2025-09-14 20:57:10,430 - INFO - app.core.monitoring - 성능 모니터링 - crawl_article_with_newspaper3k: 실행시간=0.64초, 메모리변화=+0.0%, 현재메모리=86.9%
2025-09-14 20:57:10,436 - INFO - app.core.services - 신규 기사 저장 완료: (ID: 58) 서산 가로림만 점박이물범 여섯 마리 관찰
2025-09-14 20:57:15,642 - INFO - app.core.collectors - 기사 크롤링 완료: 2개 이미지 추출 - http://www.ikpnews.net/news/articleView.html?idxno=68270
2025-09-14 20:57:15,642 - WARNING - app.core.monitoring - 성능 모니터링 - crawl_article_with_newspaper3k: 실행시간=5.21초, 메모리변화=+0.0%, 현재메모리=86.9%
2025-09-14 20:57:15,650 - INFO - app.core.services - 신규 기사 저장 완료: (ID: 59) [농정춘추] 농민 편향적인 정부를 기대하며
2025-09-14 20:57:15,929 - INFO - app.core.monitoring - 성능 모니터링 - crawl_article_with_newspaper3k: 실행시간=0.28초, 메모리변화=+0.1%, 현재메모리=87.0%
2025-09-14 20:57:15,929 - WARNING - __main__ - 콘텐츠가 너무 짧거나 없어서 수집을 건너뜁니다: http://www.mbn.co.kr/pages/news/newsView.php?news_seq_no=5141026
2025-09-14 20:57:17,181 - INFO - app.core.collectors - 기사 크롤링 완료: 4개 이미지 추출 - http://www.mygoyang.com/news/articleView.html?idxno=85617
2025-09-14 20:57:17,182 - INFO - app.core.monitoring - 성능 모니터링 - crawl_article_with_newspaper3k: 실행시간=1.25초, 메모리변화=+0.0%, 현재메모리=87.0%
2025-09-14 20:57:17,189 - INFO - app.core.services - 신규 기사 저장 완료: (ID: 60) 노르웨이 총선, 청년층 정치참여 증가... 노동당 재집권
2025-09-14 20:57:17,356 - INFO - app.core.monitoring - 성능 모니터링 - crawl_article_with_newspaper3k: 실행시간=0.17초, 메모리변화=+0.0%, 현재메모리=87.0%
2025-09-14 20:57:17,356 - WARNING - __main__ - 콘텐츠가 너무 짧거나 없어서 수집을 건너뜁니다: https://www.sportschosun.com/entertainment/2025-09-14/202509140100102230014759
2025-09-14 20:57:17,503 - INFO - app.core.collectors - 네이버 API '환율' 키워드로 5개 기사 메타데이터 수신 성공.
2025-09-14 20:57:17,505 - INFO - app.core.monitoring - 성능 모니터링 - call_naver_api: 실행시간=0.15초, 메모리변화=+0.0%, 현재메모리=87.0%
2025-09-14 20:57:17,988 - INFO - app.core.collectors - 기사 크롤링 완료: 4개 이미지 추출 - https://www.mk.co.kr/article/11419267
2025-09-14 20:57:17,989 - INFO - app.core.monitoring - 성능 모니터링 - crawl_article_with_newspaper3k: 실행시간=0.48초, 메모리변화=+0.0%, 현재메모리=87.0%
2025-09-14 20:57:17,995 - INFO - app.core.services - 신규 기사 저장 완료: (ID: 61) “미국과 통화스왑 없이 달러 보내면 환율 2000원 직행”...‘달러 마통’ 왜 요구했나
2025-09-14 20:57:19,512 - INFO - app.core.collectors - 기사 크롤링 완료: 1개 이미지 추출 - http://news.mt.co.kr/mtview.php?no=2025091419563864638
2025-09-14 20:57:19,513 - INFO - app.core.monitoring - 성능 모니터링 - crawl_article_with_newspaper3k: 실행시간=1.52초, 메모리변화=+0.0%, 현재메모리=87.0%
2025-09-14 20:57:19,519 - INFO - app.core.services - 신규 기사 저장 완료: (ID: 62) 韓, 미국 정부에 무제한 통화스와프 요청
2025-09-14 20:57:19,829 - INFO - app.core.collectors - 기사 크롤링 완료: 1개 이미지 추출 - http://www.fnnews.com/news/202509142034105086
2025-09-14 20:57:19,829 - INFO - app.core.monitoring - 성능 모니터링 - crawl_article_with_newspaper3k: 실행시간=0.31초, 메모리변화=+0.0%, 현재메모리=87.0%
2025-09-14 20:57:19,835 - INFO - app.core.services - 신규 기사 저장 완료: (ID: 63) 정부, 미국에 통화스와프 요청
2025-09-14 20:57:20,381 - INFO - app.core.collectors - 기사 크롤링 완료: 5개 이미지 추출 - https://www.mk.co.kr/article/11419255
2025-09-14 20:57:20,381 - INFO - app.core.monitoring - 성능 모니터링 - crawl_article_with_newspaper3k: 실행시간=0.55초, 메모리변화=+0.0%, 현재메모리=87.0%
2025-09-14 20:57:20,388 - INFO - app.core.services - 신규 기사 저장 완료: (ID: 64) [단독] 韓, 미국에 무제한 통화스왑 요청
2025-09-14 20:57:20,724 - INFO - app.core.collectors - 기사 크롤링 완료: 1개 이미지 추출 - http://www.biztribune.co.kr/news/articleView.html?idxno=340095
2025-09-14 20:57:20,725 - INFO - app.core.monitoring - 성능 모니터링 - crawl_article_with_newspaper3k: 실행시간=0.34초, 메모리변화=+0.0%, 현재메모리=87.0%
2025-09-14 20:57:20,732 - INFO - app.core.services - 신규 기사 저장 완료: (ID: 65) 하나은행, 관세 피해 협력업체 대상 수출금융 지원 나서
2025-09-14 20:57:20,892 - INFO - app.core.collectors - 네이버 API '경제성장률' 키워드로 5개 기사 메타데이터 수신 성공.
2025-09-14 20:57:20,893 - INFO - app.core.monitoring - 성능 모니터링 - call_naver_api: 실행시간=0.16초, 메모리변화=+0.0%, 현재메모리=87.0%
2025-09-14 20:57:21,404 - INFO - app.core.collectors - 기사 크롤링 완료: 1개 이미지 추출 - https://www.ksmnews.co.kr/news/view.php?idx=563203
2025-09-14 20:57:21,406 - INFO - app.core.monitoring - 성능 모니터링 - crawl_article_with_newspaper3k: 실행시간=0.51초, 메모리변화=+0.0%, 현재메모리=87.0%
2025-09-14 20:57:21,690 - INFO - app.core.monitoring - 성능 모니터링 - crawl_article_with_newspaper3k: 실행시간=0.28초, 메모리변화=+0.0%, 현재메모리=87.0%
2025-09-14 20:57:21,690 - WARNING - __main__ - 콘텐츠가 너무 짧거나 없어서 수집을 건너뜁니다: http://www.mbn.co.kr/pages/news/newsView.php?news_seq_no=5141026
2025-09-14 20:57:21,870 - INFO - app.core.collectors - 기사 크롤링 완료: 0개 이미지 추출 - http://www.dynews.co.kr/news/articleView.html?idxno=820113
2025-09-14 20:57:21,871 - INFO - app.core.monitoring - 성능 모니터링 - crawl_article_with_newspaper3k: 실행시간=0.18초, 메모리변화=+0.0%, 현재메모리=87.0%
2025-09-14 20:57:21,877 - INFO - app.core.services - 신규 기사 저장 완료: (ID: 66) '이재명 효과'… 코스피 연일 상승 대기업 웃음꽃
2025-09-14 20:57:22,306 - INFO - app.core.collectors - 기사 크롤링 완료: 5개 이미지 추출 - http://www.kookje.co.kr/news2011/asp/newsbody.asp?code=0200&key=20250915.22013003966
2025-09-14 20:57:22,307 - INFO - app.core.monitoring - 성능 모니터링 - crawl_article_with_newspaper3k: 실행시간=0.43초, 메모리변화=+0.0%, 현재메모리=87.0%
2025-09-14 20:57:22,313 - INFO - app.core.services - 신규 기사 저장 완료: (ID: 67) 반도체·K-콘텐츠·방산株 투자펀드
2025-09-14 20:57:22,528 - INFO - app.core.collectors - 기사 크롤링 완료: 1개 이미지 추출 - http://www.fnnews.com/news/202509141828130304
2025-09-14 20:57:22,529 - INFO - app.core.monitoring - 성능 모니터링 - crawl_article_with_newspaper3k: 실행시간=0.22초, 메모리변화=+0.0%, 현재메모리=87.0%
2025-09-14 20:57:22,536 - INFO - app.core.services - 신규 기사 저장 완료: (ID: 68) 폐업 그림자 짙어진 지역 골목상권 "소비쿠폰이 유일한 희망"
2025-09-14 20:57:22,694 - INFO - app.core.collectors - 네이버 API '수출' 키워드로 5개 기사 메타데이터 수신 성공.
2025-09-14 20:57:22,695 - INFO - app.core.monitoring - 성능 모니터링 - call_naver_api: 실행시간=0.16초, 메모리변화=+0.0%, 현재메모리=87.0%
2025-09-14 20:57:23,113 - INFO - app.core.collectors - 기사 크롤링 완료: 5개 이미지 추출 - http://www.kookje.co.kr/news2011/asp/newsbody.asp?code=0200&key=20250914.99099004400
2025-09-14 20:57:23,115 - INFO - app.core.monitoring - 성능 모니터링 - crawl_article_with_newspaper3k: 실행시간=0.42초, 메모리변화=+0.0%, 현재메모리=87.0%
2025-09-14 20:57:23,122 - INFO - app.core.services - 신규 기사 저장 완료: (ID: 69) 부산 기업 ‘젤텍’, 쌀 영양 높인 ‘강화립’(强化粒)으로 국제무대 진출
2025-09-14 20:57:23,673 - INFO - app.core.collectors - 기사 크롤링 완료: 5개 이미지 추출 - https://www.khan.co.kr/article/202509142054005
2025-09-14 20:57:23,675 - INFO - app.core.monitoring - 성능 모니터링 - crawl_article_with_newspaper3k: 실행시간=0.55초, 메모리변화=+0.0%, 현재메모리=87.0%
2025-09-14 20:57:23,680 - INFO - app.core.services - 신규 기사 저장 완료: (ID: 70) 안동소주, ‘케데헌’ 열풍 타고 세계로
2025-09-14 20:57:24,215 - INFO - app.core.collectors - 기사 크롤링 완료: 2개 이미지 추출 - https://www.ksmnews.co.kr/news/view.php?idx=563379
2025-09-14 20:57:24,216 - INFO - app.core.monitoring - 성능 모니터링 - crawl_article_with_newspaper3k: 실행시간=0.54초, 메모리변화=+0.0%, 현재메모리=87.0%
2025-09-14 20:57:24,223 - INFO - app.core.services - 신규 기사 저장 완료: (ID: 71) 정부 “국익 우선”…한미 관세협상 난항
2025-09-14 20:57:25,752 - INFO - app.core.collectors - 기사 크롤링 완료: 1개 이미지 추출 - https://www.ksmnews.co.kr/news/view.php?idx=563212
2025-09-14 20:57:25,754 - INFO - app.core.monitoring - 성능 모니터링 - crawl_article_with_newspaper3k: 실행시간=1.53초, 메모리변화=+0.0%, 현재메모리=87.0%
2025-09-14 20:57:25,765 - INFO - app.core.services - 신규 기사 저장 완료: (ID: 72) DYETEC연구원, 중남미 섬유산업 공급망 확보 마스터플랜 구축 역량강화 초청 연수’
2025-09-14 20:57:26,222 - INFO - app.core.collectors - 기사 크롤링 완료: 3개 이미지 추출 - https://www.pressian.com/pages/articles/2025091419360179301?utm_source=naver&utm_medium=search
2025-09-14 20:57:26,224 - INFO - app.core.monitoring - 성능 모니터링 - crawl_article_with_newspaper3k: 실행시간=0.46초, 메모리변화=+0.0%, 현재메모리=87.0%
2025-09-14 20:57:26,230 - INFO - app.core.services - 신규 기사 저장 완료: (ID: 73) 안동소주, 경북도지사 품질인증 입고 일본 시장 공략
2025-09-14 20:57:26,230 - INFO - __main__ - --- 1단계: 신규 기사 수집 완료 ---

2025-09-14 20:57:26,233 - INFO - __main__ - --- 2단계: 총 30개의 기사 처리 시작 ---
2025-09-14 20:57:26,242 - INFO - app.core.services - 기사 ID 45의 상태를 PROCESSING(으)로 업데이트.
2025-09-14 20:57:35,677 - INFO - httpx - HTTP Request: POST https://api.openai.com/v1/chat/completions "HTTP/1.1 200 OK"
2025-09-14 20:57:35,688 - INFO - app.core.processors - LLM 분석 데이터 수신 및 파싱 성공
2025-09-14 20:57:35,688 - WARNING - app.core.monitoring - 성능 모니터링 - analyze_article_with_llm: 실행시간=9.44초, 메모리변화=+0.1%, 현재메모리=87.1%
2025-09-14 20:57:35,696 - INFO - app.core.services - 기사 ID 45의 분석 결과 및 통계 데이터 저장 완료
2025-09-14 20:57:35,696 - INFO - __main__ - 기사 ID 45 처리 성공.
2025-09-14 20:57:35,701 - INFO - app.core.services - 기사 ID 46의 상태를 PROCESSING(으)로 업데이트.
2025-09-14 20:57:51,132 - INFO - httpx - HTTP Request: POST https://api.openai.com/v1/chat/completions "HTTP/1.1 200 OK"
2025-09-14 20:57:51,132 - INFO - app.core.processors - LLM 분석 데이터 수신 및 파싱 성공
2025-09-14 20:57:51,133 - WARNING - app.core.monitoring - 성능 모니터링 - analyze_article_with_llm: 실행시간=15.43초, 메모리변화=+0.1%, 현재메모리=87.2%
2025-09-14 20:57:51,133 - INFO - __main__ - 기사 ID 46: LLM이 관련 지표 ['kr.kospi.d', 'kr.base.rate.d']를 식별했습니다. 시계열 데이터를 조회합니다.
2025-09-14 20:57:51,145 - INFO - app.core.services - 기사 ID 46의 분석 결과 및 통계 데이터 저장 완료
2025-09-14 20:57:51,145 - INFO - __main__ - 기사 ID 46 처리 성공.
2025-09-14 20:57:51,150 - INFO - app.core.services - 기사 ID 47의 상태를 PROCESSING(으)로 업데이트.
2025-09-14 20:57:58,698 - INFO - httpx - HTTP Request: POST https://api.openai.com/v1/chat/completions "HTTP/1.1 200 OK"
2025-09-14 20:57:58,705 - INFO - app.core.processors - LLM 분석 데이터 수신 및 파싱 성공
2025-09-14 20:57:58,705 - WARNING - app.core.monitoring - 성능 모니터링 - analyze_article_with_llm: 실행시간=7.55초, 메모리변화=+0.0%, 현재메모리=87.2%
2025-09-14 20:57:58,705 - INFO - __main__ - 기사 ID 47: LLM이 관련 지표 ['kr.base.rate.d', 'kr.gdp.q']를 식별했습니다. 시계열 데이터를 조회합니다.
2025-09-14 20:57:58,714 - INFO - app.core.services - 기사 ID 47의 분석 결과 및 통계 데이터 저장 완료
2025-09-14 20:57:58,715 - INFO - __main__ - 기사 ID 47 처리 성공.
2025-09-14 20:57:58,720 - INFO - app.core.services - 기사 ID 48의 상태를 PROCESSING(으)로 업데이트.
2025-09-14 20:58:09,037 - INFO - httpx - HTTP Request: POST https://api.openai.com/v1/chat/completions "HTTP/1.1 200 OK"
2025-09-14 20:58:09,038 - INFO - app.core.processors - LLM 분석 데이터 수신 및 파싱 성공
2025-09-14 20:58:09,038 - WARNING - app.core.monitoring - 성능 모니터링 - analyze_article_with_llm: 실행시간=10.32초, 메모리변화=+0.0%, 현재메모리=87.2%
2025-09-14 20:58:09,038 - INFO - __main__ - 기사 ID 48: LLM이 관련 지표 ['kr.kospi.d', 'kr.base.rate.d']를 식별했습니다. 시계열 데이터를 조회합니다.
2025-09-14 20:58:09,049 - INFO - app.core.services - 기사 ID 48의 분석 결과 및 통계 데이터 저장 완료
2025-09-14 20:58:09,049 - INFO - __main__ - 기사 ID 48 처리 성공.
2025-09-14 20:58:09,054 - INFO - app.core.services - 기사 ID 44의 상태를 PROCESSING(으)로 업데이트.
2025-09-14 20:58:16,919 - INFO - httpx - HTTP Request: POST https://api.openai.com/v1/chat/completions "HTTP/1.1 200 OK"
2025-09-14 20:58:16,920 - INFO - app.core.processors - LLM 분석 데이터 수신 및 파싱 성공
2025-09-14 20:58:16,920 - WARNING - app.core.monitoring - 성능 모니터링 - analyze_article_with_llm: 실행시간=7.87초, 메모리변화=+0.1%, 현재메모리=87.3%
2025-09-14 20:58:16,920 - INFO - __main__ - 기사 ID 44: LLM이 관련 지표 ['kr.gdp.q', 'kr.current.account.m']를 식별했습니다. 시계열 데이터를 조회합니다.
2025-09-14 20:58:16,929 - INFO - app.core.services - 기사 ID 44의 분석 결과 및 통계 데이터 저장 완료
2025-09-14 20:58:16,929 - INFO - __main__ - 기사 ID 44 처리 성공.
2025-09-14 20:58:16,934 - INFO - app.core.services - 기사 ID 49의 상태를 PROCESSING(으)로 업데이트.
2025-09-14 20:58:26,094 - INFO - httpx - HTTP Request: POST https://api.openai.com/v1/chat/completions "HTTP/1.1 200 OK"
2025-09-14 20:58:26,108 - INFO - app.core.processors - LLM 분석 데이터 수신 및 파싱 성공
2025-09-14 20:58:26,109 - WARNING - app.core.monitoring - 성능 모니터링 - analyze_article_with_llm: 실행시간=9.17초, 메모리변화=-0.1%, 현재메모리=87.2%
2025-09-14 20:58:26,109 - INFO - __main__ - 기사 ID 49: LLM이 관련 지표 ['kr.kospi.d']를 식별했습니다. 시계열 데이터를 조회합니다.
2025-09-14 20:58:26,118 - INFO - app.core.services - 기사 ID 49의 분석 결과 및 통계 데이터 저장 완료
2025-09-14 20:58:26,118 - INFO - __main__ - 기사 ID 49 처리 성공.
2025-09-14 20:58:26,122 - INFO - app.core.services - 기사 ID 50의 상태를 PROCESSING(으)로 업데이트.
2025-09-14 20:58:33,831 - INFO - httpx - HTTP Request: POST https://api.openai.com/v1/chat/completions "HTTP/1.1 200 OK"
2025-09-14 20:58:33,844 - INFO - app.core.processors - LLM 분석 데이터 수신 및 파싱 성공
2025-09-14 20:58:33,845 - WARNING - app.core.monitoring - 성능 모니터링 - analyze_article_with_llm: 실행시간=7.72초, 메모리변화=+0.0%, 현재메모리=87.2%
2025-09-14 20:58:33,845 - INFO - __main__ - 기사 ID 50: LLM이 관련 지표 ['kr.gdp.q']를 식별했습니다. 시계열 데이터를 조회합니다.
2025-09-14 20:58:33,853 - INFO - app.core.services - 기사 ID 50의 분석 결과 및 통계 데이터 저장 완료
2025-09-14 20:58:33,853 - INFO - __main__ - 기사 ID 50 처리 성공.
2025-09-14 20:58:33,856 - INFO - app.core.services - 기사 ID 51의 상태를 PROCESSING(으)로 업데이트.
2025-09-14 20:58:42,832 - INFO - httpx - HTTP Request: POST https://api.openai.com/v1/chat/completions "HTTP/1.1 200 OK"
2025-09-14 20:58:42,833 - INFO - app.core.processors - LLM 분석 데이터 수신 및 파싱 성공
2025-09-14 20:58:42,833 - WARNING - app.core.monitoring - 성능 모니터링 - analyze_article_with_llm: 실행시간=8.98초, 메모리변화=+0.0%, 현재메모리=87.2%
2025-09-14 20:58:42,833 - INFO - __main__ - 기사 ID 51: LLM이 관련 지표 ['kr.gdp.q']를 식별했습니다. 시계열 데이터를 조회합니다.
2025-09-14 20:58:42,839 - INFO - app.core.services - 기사 ID 51의 분석 결과 및 통계 데이터 저장 완료
2025-09-14 20:58:42,839 - INFO - __main__ - 기사 ID 51 처리 성공.
2025-09-14 20:58:42,843 - INFO - app.core.services - 기사 ID 52의 상태를 PROCESSING(으)로 업데이트.
2025-09-14 20:58:57,264 - INFO - httpx - HTTP Request: POST https://api.openai.com/v1/chat/completions "HTTP/1.1 200 OK"
2025-09-14 20:58:57,265 - INFO - app.core.processors - LLM 분석 데이터 수신 및 파싱 성공
2025-09-14 20:58:57,265 - WARNING - app.core.monitoring - 성능 모니터링 - analyze_article_with_llm: 실행시간=14.42초, 메모리변화=+0.0%, 현재메모리=87.2%
2025-09-14 20:58:57,265 - INFO - __main__ - 기사 ID 52: LLM이 관련 지표 ['kr.gdp.q']를 식별했습니다. 시계열 데이터를 조회합니다.
2025-09-14 20:58:57,271 - INFO - app.core.services - 기사 ID 52의 분석 결과 및 통계 데이터 저장 완료
2025-09-14 20:58:57,271 - INFO - __main__ - 기사 ID 52 처리 성공.
2025-09-14 20:58:57,277 - INFO - app.core.services - 기사 ID 53의 상태를 PROCESSING(으)로 업데이트.
2025-09-14 20:59:04,959 - INFO - httpx - HTTP Request: POST https://api.openai.com/v1/chat/completions "HTTP/1.1 200 OK"
2025-09-14 20:59:04,960 - INFO - app.core.processors - LLM 분석 데이터 수신 및 파싱 성공
2025-09-14 20:59:04,960 - WARNING - app.core.monitoring - 성능 모니터링 - analyze_article_with_llm: 실행시간=7.68초, 메모리변화=+0.1%, 현재메모리=87.3%
2025-09-14 20:59:04,960 - INFO - __main__ - 기사 ID 53: LLM이 관련 지표 ['kr.gdp.q', 'kr.current.account.m']를 식별했습니다. 시계열 데이터를 조회합니다.
2025-09-14 20:59:04,968 - INFO - app.core.services - 기사 ID 53의 분석 결과 및 통계 데이터 저장 완료
2025-09-14 20:59:04,968 - INFO - __main__ - 기사 ID 53 처리 성공.
2025-09-14 20:59:04,973 - INFO - app.core.services - 기사 ID 54의 상태를 PROCESSING(으)로 업데이트.
2025-09-14 20:59:15,132 - INFO - httpx - HTTP Request: POST https://api.openai.com/v1/chat/completions "HTTP/1.1 200 OK"
2025-09-14 20:59:15,133 - INFO - app.core.processors - LLM 분석 데이터 수신 및 파싱 성공
2025-09-14 20:59:15,134 - WARNING - app.core.monitoring - 성능 모니터링 - analyze_article_with_llm: 실행시간=10.16초, 메모리변화=+0.0%, 현재메모리=87.2%
2025-09-14 20:59:15,134 - INFO - __main__ - 기사 ID 54: LLM이 관련 지표 ['kr.gdp.q', 'kr.current.account.m']를 식별했습니다. 시계열 데이터를 조회합니다.
2025-09-14 20:59:15,141 - INFO - app.core.services - 기사 ID 54의 분석 결과 및 통계 데이터 저장 완료
2025-09-14 20:59:15,141 - INFO - __main__ - 기사 ID 54 처리 성공.
2025-09-14 20:59:15,145 - INFO - app.core.services - 기사 ID 55의 상태를 PROCESSING(으)로 업데이트.
2025-09-14 20:59:22,389 - INFO - httpx - HTTP Request: POST https://api.openai.com/v1/chat/completions "HTTP/1.1 200 OK"
2025-09-14 20:59:22,396 - INFO - app.core.processors - LLM 분석 데이터 수신 및 파싱 성공
2025-09-14 20:59:22,397 - WARNING - app.core.monitoring - 성능 모니터링 - analyze_article_with_llm: 실행시간=7.25초, 메모리변화=+0.0%, 현재메모리=87.2%
2025-09-14 20:59:22,397 - INFO - __main__ - 기사 ID 55: LLM이 관련 지표 ['kr.gdp.q', 'kr.cpi.headline.m']를 식별했습니다. 시계열 데이터를 조회합니다.
2025-09-14 20:59:22,453 - INFO - app.core.services - 기사 ID 55의 분석 결과 및 통계 데이터 저장 완료
2025-09-14 20:59:22,453 - INFO - __main__ - 기사 ID 55 처리 성공.
2025-09-14 20:59:22,459 - INFO - app.core.services - 기사 ID 56의 상태를 PROCESSING(으)로 업데이트.
2025-09-14 20:59:29,605 - INFO - httpx - HTTP Request: POST https://api.openai.com/v1/chat/completions "HTTP/1.1 200 OK"
2025-09-14 20:59:29,609 - INFO - app.core.processors - LLM 분석 데이터 수신 및 파싱 성공
2025-09-14 20:59:29,609 - WARNING - app.core.monitoring - 성능 모니터링 - analyze_article_with_llm: 실행시간=7.15초, 메모리변화=+0.0%, 현재메모리=87.2%
2025-09-14 20:59:29,609 - INFO - __main__ - 기사 ID 56: LLM이 관련 지표 ['kr.gdp.q', 'kr.cpi.headline.m']를 식별했습니다. 시계열 데이터를 조회합니다.
2025-09-14 20:59:29,643 - INFO - app.core.services - 기사 ID 56의 분석 결과 및 통계 데이터 저장 완료
2025-09-14 20:59:29,644 - INFO - __main__ - 기사 ID 56 처리 성공.
2025-09-14 20:59:29,649 - INFO - app.core.services - 기사 ID 57의 상태를 PROCESSING(으)로 업데이트.
2025-09-14 20:59:34,826 - INFO - httpx - HTTP Request: POST https://api.openai.com/v1/chat/completions "HTTP/1.1 200 OK"
2025-09-14 20:59:34,828 - INFO - app.core.processors - LLM 분석 데이터 수신 및 파싱 성공
2025-09-14 20:59:34,828 - WARNING - app.core.monitoring - 성능 모니터링 - analyze_article_with_llm: 실행시간=5.18초, 메모리변화=+0.0%, 현재메모리=87.2%
2025-09-14 20:59:34,833 - INFO - app.core.services - 기사 ID 57의 분석 결과 및 통계 데이터 저장 완료
2025-09-14 20:59:34,834 - INFO - __main__ - 기사 ID 57 처리 성공.
2025-09-14 20:59:34,838 - INFO - app.core.services - 기사 ID 58의 상태를 PROCESSING(으)로 업데이트.
2025-09-14 20:59:42,124 - INFO - httpx - HTTP Request: POST https://api.openai.com/v1/chat/completions "HTTP/1.1 200 OK"
2025-09-14 20:59:42,149 - INFO - app.core.processors - LLM 분석 데이터 수신 및 파싱 성공
2025-09-14 20:59:42,149 - WARNING - app.core.monitoring - 성능 모니터링 - analyze_article_with_llm: 실행시간=7.31초, 메모리변화=+0.0%, 현재메모리=87.2%
2025-09-14 20:59:42,149 - INFO - __main__ - 기사 ID 58: LLM이 관련 지표 ['kr.current.account.m']를 식별했습니다. 시계열 데이터를 조회합니다.
2025-09-14 20:59:42,166 - INFO - app.core.services - 기사 ID 58의 분석 결과 및 통계 데이터 저장 완료
2025-09-14 20:59:42,166 - INFO - __main__ - 기사 ID 58 처리 성공.
2025-09-14 20:59:42,175 - INFO - app.core.services - 기사 ID 59의 상태를 PROCESSING(으)로 업데이트.
2025-09-14 20:59:52,338 - INFO - httpx - HTTP Request: POST https://api.openai.com/v1/chat/completions "HTTP/1.1 200 OK"
2025-09-14 20:59:52,349 - INFO - app.core.processors - LLM 분석 데이터 수신 및 파싱 성공
2025-09-14 20:59:52,352 - WARNING - app.core.monitoring - 성능 모니터링 - analyze_article_with_llm: 실행시간=10.17초, 메모리변화=+0.0%, 현재메모리=87.2%
2025-09-14 20:59:52,353 - INFO - __main__ - 기사 ID 59: LLM이 관련 지표 ['kr.cpi.headline.m', 'kr.gdp.q']를 식별했습니다. 시계열 데이터를 조회합니다.
2025-09-14 20:59:52,394 - INFO - app.core.services - 기사 ID 59의 분석 결과 및 통계 데이터 저장 완료
2025-09-14 20:59:52,394 - INFO - __main__ - 기사 ID 59 처리 성공.
2025-09-14 20:59:52,402 - INFO - app.core.services - 기사 ID 60의 상태를 PROCESSING(으)로 업데이트.
2025-09-14 21:00:03,805 - INFO - httpx - HTTP Request: POST https://api.openai.com/v1/chat/completions "HTTP/1.1 200 OK"
2025-09-14 21:00:03,815 - INFO - app.core.processors - LLM 분석 데이터 수신 및 파싱 성공
2025-09-14 21:00:03,816 - WARNING - app.core.monitoring - 성능 모니터링 - analyze_article_with_llm: 실행시간=11.41초, 메모리변화=+0.0%, 현재메모리=87.2%
2025-09-14 21:00:03,829 - INFO - app.core.services - 기사 ID 60의 분석 결과 및 통계 데이터 저장 완료
2025-09-14 21:00:03,829 - INFO - __main__ - 기사 ID 60 처리 성공.
2025-09-14 21:00:03,840 - INFO - app.core.services - 기사 ID 61의 상태를 PROCESSING(으)로 업데이트.
2025-09-14 21:00:17,737 - INFO - httpx - HTTP Request: POST https://api.openai.com/v1/chat/completions "HTTP/1.1 200 OK"
2025-09-14 21:00:17,749 - INFO - app.core.processors - LLM 분석 데이터 수신 및 파싱 성공
2025-09-14 21:00:17,750 - WARNING - app.core.monitoring - 성능 모니터링 - analyze_article_with_llm: 실행시간=13.91초, 메모리변화=+0.0%, 현재메모리=87.2%
2025-09-14 21:00:17,750 - INFO - __main__ - 기사 ID 61: LLM이 관련 지표 ['kr.current.account.m', 'kr.base.rate.d']를 식별했습니다. 시계열 데이터를 조회합니다.
2025-09-14 21:00:17,777 - INFO - app.core.services - 기사 ID 61의 분석 결과 및 통계 데이터 저장 완료
2025-09-14 21:00:17,778 - INFO - __main__ - 기사 ID 61 처리 성공.
2025-09-14 21:00:17,792 - INFO - app.core.services - 기사 ID 62의 상태를 PROCESSING(으)로 업데이트.
2025-09-14 21:00:25,934 - INFO - httpx - HTTP Request: POST https://api.openai.com/v1/chat/completions "HTTP/1.1 200 OK"
2025-09-14 21:00:25,936 - INFO - app.core.processors - LLM 분석 데이터 수신 및 파싱 성공
2025-09-14 21:00:25,937 - WARNING - app.core.monitoring - 성능 모니터링 - analyze_article_with_llm: 실행시간=8.14초, 메모리변화=+0.0%, 현재메모리=87.2%
2025-09-14 21:00:25,937 - INFO - __main__ - 기사 ID 62: LLM이 관련 지표 ['kr.current.account.m', 'kr.fx.usdkrw.m']를 식별했습니다. 시계열 데이터를 조회합니다.
2025-09-14 21:00:25,942 - WARNING - app.core.services - ID 'kr.fx.usdkrw.m'에 해당하는 지표를 DB에서 찾을 수 없습니다.
2025-09-14 21:00:25,951 - INFO - app.core.services - 기사 ID 62의 분석 결과 및 통계 데이터 저장 완료
2025-09-14 21:00:25,951 - INFO - __main__ - 기사 ID 62 처리 성공.
2025-09-14 21:00:25,959 - INFO - app.core.services - 기사 ID 63의 상태를 PROCESSING(으)로 업데이트.
2025-09-14 21:00:40,566 - INFO - httpx - HTTP Request: POST https://api.openai.com/v1/chat/completions "HTTP/1.1 200 OK"
2025-09-14 21:00:40,569 - INFO - app.core.processors - LLM 분석 데이터 수신 및 파싱 성공
2025-09-14 21:00:40,570 - WARNING - app.core.monitoring - 성능 모니터링 - analyze_article_with_llm: 실행시간=14.61초, 메모리변화=+0.0%, 현재메모리=87.2%
2025-09-14 21:00:40,570 - INFO - __main__ - 기사 ID 63: LLM이 관련 지표 ['kr.current.account.m', 'kr.fx.usdkrw.m']를 식별했습니다. 시계열 데이터를 조회합니다.
2025-09-14 21:00:40,575 - WARNING - app.core.services - ID 'kr.fx.usdkrw.m'에 해당하는 지표를 DB에서 찾을 수 없습니다.
2025-09-14 21:00:40,587 - INFO - app.core.services - 기사 ID 63의 분석 결과 및 통계 데이터 저장 완료
2025-09-14 21:00:40,588 - INFO - __main__ - 기사 ID 63 처리 성공.
2025-09-14 21:00:40,595 - INFO - app.core.services - 기사 ID 64의 상태를 PROCESSING(으)로 업데이트.
2025-09-14 21:00:50,952 - INFO - httpx - HTTP Request: POST https://api.openai.com/v1/chat/completions "HTTP/1.1 200 OK"
2025-09-14 21:00:50,968 - INFO - app.core.processors - LLM 분석 데이터 수신 및 파싱 성공
2025-09-14 21:00:50,968 - WARNING - app.core.monitoring - 성능 모니터링 - analyze_article_with_llm: 실행시간=10.37초, 메모리변화=+0.0%, 현재메모리=87.2%
2025-09-14 21:00:50,969 - INFO - __main__ - 기사 ID 64: LLM이 관련 지표 ['kr.current.account.m']를 식별했습니다. 시계열 데이터를 조회합니다.
2025-09-14 21:00:50,988 - INFO - app.core.services - 기사 ID 64의 분석 결과 및 통계 데이터 저장 완료
2025-09-14 21:00:50,988 - INFO - __main__ - 기사 ID 64 처리 성공.
2025-09-14 21:00:50,994 - INFO - app.core.services - 기사 ID 65의 상태를 PROCESSING(으)로 업데이트.
2025-09-14 21:01:04,220 - INFO - httpx - HTTP Request: POST https://api.openai.com/v1/chat/completions "HTTP/1.1 200 OK"
2025-09-14 21:01:04,222 - INFO - app.core.processors - LLM 분석 데이터 수신 및 파싱 성공
2025-09-14 21:01:04,223 - WARNING - app.core.monitoring - 성능 모니터링 - analyze_article_with_llm: 실행시간=13.23초, 메모리변화=+0.0%, 현재메모리=87.2%
2025-09-14 21:01:04,223 - INFO - __main__ - 기사 ID 65: LLM이 관련 지표 ['kr.gdp.q', 'kr.current.account.m']를 식별했습니다. 시계열 데이터를 조회합니다.
2025-09-14 21:01:04,244 - INFO - app.core.services - 기사 ID 65의 분석 결과 및 통계 데이터 저장 완료
2025-09-14 21:01:04,245 - INFO - __main__ - 기사 ID 65 처리 성공.
2025-09-14 21:01:04,260 - INFO - app.core.services - 기사 ID 66의 상태를 PROCESSING(으)로 업데이트.
2025-09-14 21:01:14,140 - INFO - httpx - HTTP Request: POST https://api.openai.com/v1/chat/completions "HTTP/1.1 200 OK"
2025-09-14 21:01:14,153 - INFO - app.core.processors - LLM 분석 데이터 수신 및 파싱 성공
2025-09-14 21:01:14,154 - WARNING - app.core.monitoring - 성능 모니터링 - analyze_article_with_llm: 실행시간=9.89초, 메모리변화=+0.0%, 현재메모리=87.2%
2025-09-14 21:01:14,154 - INFO - __main__ - 기사 ID 66: LLM이 관련 지표 ['kr.kospi.d', 'kr.gdp.q']를 식별했습니다. 시계열 데이터를 조회합니다.
2025-09-14 21:01:14,177 - INFO - app.core.services - 기사 ID 66의 분석 결과 및 통계 데이터 저장 완료
2025-09-14 21:01:14,177 - INFO - __main__ - 기사 ID 66 처리 성공.
2025-09-14 21:01:14,184 - INFO - app.core.services - 기사 ID 67의 상태를 PROCESSING(으)로 업데이트.
2025-09-14 21:01:25,639 - INFO - httpx - HTTP Request: POST https://api.openai.com/v1/chat/completions "HTTP/1.1 200 OK"
2025-09-14 21:01:25,644 - INFO - app.core.processors - LLM 분석 데이터 수신 및 파싱 성공
2025-09-14 21:01:25,644 - WARNING - app.core.monitoring - 성능 모니터링 - analyze_article_with_llm: 실행시간=11.46초, 메모리변화=+0.0%, 현재메모리=87.2%
2025-09-14 21:01:25,645 - INFO - __main__ - 기사 ID 67: LLM이 관련 지표 ['kr.gdp.q']를 식별했습니다. 시계열 데이터를 조회합니다.
2025-09-14 21:01:25,659 - INFO - app.core.services - 기사 ID 67의 분석 결과 및 통계 데이터 저장 완료
2025-09-14 21:01:25,659 - INFO - __main__ - 기사 ID 67 처리 성공.
2025-09-14 21:01:25,666 - INFO - app.core.services - 기사 ID 68의 상태를 PROCESSING(으)로 업데이트.
2025-09-14 21:01:33,990 - INFO - httpx - HTTP Request: POST https://api.openai.com/v1/chat/completions "HTTP/1.1 200 OK"
2025-09-14 21:01:33,997 - INFO - app.core.processors - LLM 분석 데이터 수신 및 파싱 성공
2025-09-14 21:01:33,997 - WARNING - app.core.monitoring - 성능 모니터링 - analyze_article_with_llm: 실행시간=8.33초, 메모리변화=+0.0%, 현재메모리=87.2%
2025-09-14 21:01:33,998 - INFO - __main__ - 기사 ID 68: LLM이 관련 지표 ['kr.gdp.q', 'kr.cpi.headline.m']를 식별했습니다. 시계열 데이터를 조회합니다.
2025-09-14 21:01:34,015 - INFO - app.core.services - 기사 ID 68의 분석 결과 및 통계 데이터 저장 완료
2025-09-14 21:01:34,015 - INFO - __main__ - 기사 ID 68 처리 성공.
2025-09-14 21:01:34,026 - INFO - app.core.services - 기사 ID 69의 상태를 PROCESSING(으)로 업데이트.
2025-09-14 21:01:40,778 - INFO - httpx - HTTP Request: POST https://api.openai.com/v1/chat/completions "HTTP/1.1 200 OK"
2025-09-14 21:01:40,782 - INFO - app.core.processors - LLM 분석 데이터 수신 및 파싱 성공
2025-09-14 21:01:40,783 - WARNING - app.core.monitoring - 성능 모니터링 - analyze_article_with_llm: 실행시간=6.75초, 메모리변화=+0.0%, 현재메모리=87.2%
2025-09-14 21:01:40,783 - INFO - __main__ - 기사 ID 69: LLM이 관련 지표 ['kr.gdp.q']를 식별했습니다. 시계열 데이터를 조회합니다.
2025-09-14 21:01:40,802 - INFO - app.core.services - 기사 ID 69의 분석 결과 및 통계 데이터 저장 완료
2025-09-14 21:01:40,802 - INFO - __main__ - 기사 ID 69 처리 성공.
2025-09-14 21:01:40,813 - INFO - app.core.services - 기사 ID 70의 상태를 PROCESSING(으)로 업데이트.
2025-09-14 21:01:47,206 - INFO - httpx - HTTP Request: POST https://api.openai.com/v1/chat/completions "HTTP/1.1 200 OK"
2025-09-14 21:01:47,208 - INFO - app.core.processors - LLM 분석 데이터 수신 및 파싱 성공
2025-09-14 21:01:47,209 - WARNING - app.core.monitoring - 성능 모니터링 - analyze_article_with_llm: 실행시간=6.39초, 메모리변화=+0.0%, 현재메모리=87.2%
2025-09-14 21:01:47,209 - INFO - __main__ - 기사 ID 70: LLM이 관련 지표 ['kr.gdp.q', 'kr.current.account.m']를 식별했습니다. 시계열 데이터를 조회합니다.
2025-09-14 21:01:47,235 - INFO - app.core.services - 기사 ID 70의 분석 결과 및 통계 데이터 저장 완료
2025-09-14 21:01:47,235 - INFO - __main__ - 기사 ID 70 처리 성공.
2025-09-14 21:01:47,243 - INFO - app.core.services - 기사 ID 71의 상태를 PROCESSING(으)로 업데이트.
2025-09-14 21:01:53,668 - INFO - httpx - HTTP Request: POST https://api.openai.com/v1/chat/completions "HTTP/1.1 200 OK"
2025-09-14 21:01:53,672 - INFO - app.core.processors - LLM 분석 데이터 수신 및 파싱 성공
2025-09-14 21:01:53,672 - WARNING - app.core.monitoring - 성능 모니터링 - analyze_article_with_llm: 실행시간=6.43초, 메모리변화=+0.0%, 현재메모리=87.2%
2025-09-14 21:01:53,672 - INFO - __main__ - 기사 ID 71: LLM이 관련 지표 ['kr.current.account.m']를 식별했습니다. 시계열 데이터를 조회합니다.
2025-09-14 21:01:53,696 - INFO - app.core.services - 기사 ID 71의 분석 결과 및 통계 데이터 저장 완료
2025-09-14 21:01:53,696 - INFO - __main__ - 기사 ID 71 처리 성공.
2025-09-14 21:01:53,707 - INFO - app.core.services - 기사 ID 72의 상태를 PROCESSING(으)로 업데이트.
2025-09-14 21:01:59,074 - INFO - httpx - HTTP Request: POST https://api.openai.com/v1/chat/completions "HTTP/1.1 200 OK"
2025-09-14 21:01:59,077 - INFO - app.core.processors - LLM 분석 데이터 수신 및 파싱 성공
2025-09-14 21:01:59,078 - WARNING - app.core.monitoring - 성능 모니터링 - analyze_article_with_llm: 실행시간=5.37초, 메모리변화=+0.0%, 현재메모리=87.2%
2025-09-14 21:01:59,090 - INFO - app.core.services - 기사 ID 72의 분석 결과 및 통계 데이터 저장 완료
2025-09-14 21:01:59,090 - INFO - __main__ - 기사 ID 72 처리 성공.
2025-09-14 21:01:59,097 - INFO - app.core.services - 기사 ID 73의 상태를 PROCESSING(으)로 업데이트.
2025-09-14 21:02:05,985 - INFO - httpx - HTTP Request: POST https://api.openai.com/v1/chat/completions "HTTP/1.1 200 OK"
2025-09-14 21:02:05,989 - INFO - app.core.processors - LLM 분석 데이터 수신 및 파싱 성공
2025-09-14 21:02:05,990 - WARNING - app.core.monitoring - 성능 모니터링 - analyze_article_with_llm: 실행시간=6.89초, 메모리변화=+0.0%, 현재메모리=87.2%
2025-09-14 21:02:05,990 - INFO - __main__ - 기사 ID 73: LLM이 관련 지표 ['kr.gdp.q']를 식별했습니다. 시계열 데이터를 조회합니다.
2025-09-14 21:02:06,030 - INFO - app.core.services - 기사 ID 73의 분석 결과 및 통계 데이터 저장 완료
2025-09-14 21:02:06,030 - INFO - __main__ - 기사 ID 73 처리 성공.
2025-09-14 21:02:06,032 - INFO - __main__ - --- 2단계: 기사 처리 완료 ---
2025-09-17 01:27:09,425 - INFO - __main__ - Inspecting statistics schema…
2025-09-17 03:06:30,763 - INFO - __main__ - Clearing statistics data with mode=truncate …
2025-09-17 03:06:30,999 - INFO - __main__ - Statistics data cleared successfully.
2025-09-17 03:09:31,984 - INFO - __main__ - Inspecting statistics schema…
2025-09-17 03:19:12,295 - INFO - __main__ - '/home/asd1702/fin_sight_server/data/catalog_core15.json'에서 지표 메타데이터를 로드합니다.
2025-09-17 03:19:12,424 - INFO - __main__ - 지표 메타데이터 저장 완료.
2025-09-17 03:19:12,424 - INFO - __main__ - '/home/asd1702/fin_sight_server/data/observations_core15.jsonl'에서 시계열 데이터를 로드하여 저장합니다.
2025-09-17 03:19:12,621 - CRITICAL - __main__ - DB 구축 중 예상치 못한 오류 발생: (psycopg2.errors.ForeignKeyViolation) insert or update on table "observations" violates foreign key constraint "observations_indicator_id_fkey"
DETAIL:  Key (indicator_id)=(kr.cpi.core.m) is not present in table "indicators".

[SQL: INSERT INTO statistics.observations (indicator_id, date, value) VALUES (%(indicator_id_m0)s, %(date_m0)s, %(value_m0)s), (%(indicator_id_m1)s, %(date_m1)s, %(value_m1)s), (%(indicator_id_m2)s, %(date_m2)s, %(value_m2)s), (%(indicator_id_m3)s, %(date_m3)s, %(value_m3)s), (%(indicator_id_m4)s, %(date_m4)s, %(value_m4)s), (%(indicator_id_m5)s, %(date_m5)s, %(value_m5)s), (%(indicator_id_m6)s, %(date_m6)s, %(value_m6)s), (%(indicator_id_m7)s, %(date_m7)s, %(value_m7)s), (%(indicator_id_m8)s, %(date_m8)s, %(value_m8)s), (%(indicator_id_m9)s, %(date_m9)s, %(value_m9)s), (%(indicator_id_m10)s, %(date_m10)s, %(value_m10)s), (%(indicator_id_m11)s, %(date_m11)s, %(value_m11)s), (%(indicator_id_m12)s, %(date_m12)s, %(value_m12)s), (%(indicator_id_m13)s, %(date_m13)s, %(value_m13)s), (%(indicator_id_m14)s, %(date_m14)s, %(value_m14)s), (%(indicator_id_m15)s, %(date_m15)s, %(value_m15)s), (%(indicator_id_m16)s, %(date_m16)s, %(value_m16)s), (%(indicator_id_m17)s, %(date_m17)s, %(value_m17)s), (%(indicator_id_m18)s, %(date_m18)s, %(value_m18)s), (%(indicator_id_m19)s, %(date_m19)s, %(value_m19)s), (%(indicator_id_m20)s, %(date_m20)s, %(value_m20)s), (%(indicator_id_m21)s, %(date_m21)s, %(value_m21)s), (%(indicator_id_m22)s, %(date_m22)s, %(value_m22)s), (%(indicator_id_m23)s, %(date_m23)s, %(value_m23)s), (%(indicator_id_m24)s, %(date_m24)s, %(value_m24)s), (%(indicator_id_m25)s, %(date_m25)s, %(value_m25)s), (%(indicator_id_m26)s, %(date_m26)s, %(value_m26)s), (%(indicator_id_m27)s, %(date_m27)s, %(value_m27)s), (%(indicator_id_m28)s, %(date_m28)s, %(value_m28)s), (%(indicator_id_m29)s, %(date_m29)s, %(value_m29)s), (%(indicator_id_m30)s, %(date_m30)s, %(value_m30)s), (%(indicator_id_m31)s, %(date_m31)s, %(value_m31)s), (%(indicator_id_m32)s, %(date_m32)s, %(value_m32)s), (%(indicator_id_m33)s, %(date_m33)s, %(value_m33)s), (%(indicator_id_m34)s, %(date_m34)s, %(value_m34)s), (%(indicator_id_m35)s, %(date_m35)s, %(value_m35)s), (%(indicator_id_m36)s, %(date_m36)s, %(value_m36)s), (%(indicator_id_m37)s, %(date_m37)s, %(value_m37)s), (%(indicator_id_m38)s, %(date_m38)s, %(value_m38)s), (%(indicator_id_m39)s, %(date_m39)s, %(value_m39)s), (%(indicator_id_m40)s, %(date_m40)s, %(value_m40)s), (%(indicator_id_m41)s, %(date_m41)s, %(value_m41)s), (%(indicator_id_m42)s, %(date_m42)s, %(value_m42)s), (%(indicator_id_m43)s, %(date_m43)s, %(value_m43)s), (%(indicator_id_m44)s, %(date_m44)s, %(value_m44)s), (%(indicator_id_m45)s, %(date_m45)s, %(value_m45)s), (%(indicator_id_m46)s, %(date_m46)s, %(value_m46)s), (%(indicator_id_m47)s, %(date_m47)s, %(value_m47)s), (%(indicator_id_m48)s, %(date_m48)s, %(value_m48)s), (%(indicator_id_m49)s, %(date_m49)s, %(value_m49)s), (%(indicator_id_m50)s, %(date_m50)s, %(value_m50)s), (%(indicator_id_m51)s, %(date_m51)s, %(value_m51)s), (%(indicator_id_m52)s, %(date_m52)s, %(value_m52)s), (%(indicator_id_m53)s, %(date_m53)s, %(value_m53)s), (%(indicator_id_m54)s, %(date_m54)s, %(value_m54)s), (%(indicator_id_m55)s, %(date_m55)s, %(value_m55)s), (%(indicator_id_m56)s, %(date_m56)s, %(value_m56)s), (%(indicator_id_m57)s, %(date_m57)s, %(value_m57)s), (%(indicator_id_m58)s, %(date_m58)s, %(value_m58)s), (%(indicator_id_m59)s, %(date_m59)s, %(value_m59)s), (%(indicator_id_m60)s, %(date_m60)s, %(value_m60)s), (%(indicator_id_m61)s, %(date_m61)s, %(value_m61)s), (%(indicator_id_m62)s, %(date_m62)s, %(value_m62)s), (%(indicator_id_m63)s, %(date_m63)s, %(value_m63)s), (%(indicator_id_m64)s, %(date_m64)s, %(value_m64)s), (%(indicator_id_m65)s, %(date_m65)s, %(value_m65)s), (%(indicator_id_m66)s, %(date_m66)s, %(value_m66)s), (%(indicator_id_m67)s, %(date_m67)s, %(value_m67)s), (%(indicator_id_m68)s, %(date_m68)s, %(value_m68)s), (%(indicator_id_m69)s, %(date_m69)s, %(value_m69)s), (%(indicator_id_m70)s, %(date_m70)s, %(value_m70)s), (%(indicator_id_m71)s, %(date_m71)s, %(value_m71)s), (%(indicator_id_m72)s, %(date_m72)s, %(value_m72)s), (%(indicator_id_m73)s, %(date_m73)s, %(value_m73)s), (%(indicator_id_m74)s, %(date_m74)s, %(value_m74)s), (%(indicator_id_m75)s, %(date_m75)s, %(value_m75)s), (%(indicator_id_m76)s, %(date_m76)s, %(value_m76)s), (%(indicator_id_m77)s, %(date_m77)s, %(value_m77)s), (%(indicator_id_m78)s, %(date_m78)s, %(value_m78)s), (%(indicator_id_m79)s, %(date_m79)s, %(value_m79)s), (%(indicator_id_m80)s, %(date_m80)s, %(value_m80)s), (%(indicator_id_m81)s, %(date_m81)s, %(value_m81)s), (%(indicator_id_m82)s, %(date_m82)s, %(value_m82)s), (%(indicator_id_m83)s, %(date_m83)s, %(value_m83)s), (%(indicator_id_m84)s, %(date_m84)s, %(value_m84)s), (%(indicator_id_m85)s, %(date_m85)s, %(value_m85)s), (%(indicator_id_m86)s, %(date_m86)s, %(value_m86)s), (%(indicator_id_m87)s, %(date_m87)s, %(value_m87)s), (%(indicator_id_m88)s, %(date_m88)s, %(value_m88)s), (%(indicator_id_m89)s, %(date_m89)s, %(value_m89)s), (%(indicator_id_m90)s, %(date_m90)s, %(value_m90)s), (%(indicator_id_m91)s, %(date_m91)s, %(value_m91)s), (%(indicator_id_m92)s, %(date_m92)s, %(value_m92)s), (%(indicator_id_m93)s, %(date_m93)s, %(value_m93)s), (%(indicator_id_m94)s, %(date_m94)s, %(value_m94)s), (%(indicator_id_m95)s, %(date_m95)s, %(value_m95)s), (%(indicator_id_m96)s, %(date_m96)s, %(value_m96)s), (%(indicator_id_m97)s, %(date_m97)s, %(value_m97)s), (%(indicator_id_m98)s, %(date_m98)s, %(value_m98)s), (%(indicator_id_m99)s, %(date_m99)s, %(value_m99)s), (%(indicator_id_m100)s, %(date_m100)s, %(value_m100)s), (%(indicator_id_m101)s, %(date_m101)s, %(value_m101)s), (%(indicator_id_m102)s, %(date_m102)s, %(value_m102)s), (%(indicator_id_m103)s, %(date_m103)s, %(value_m103)s), (%(indicator_id_m104)s, %(date_m104)s, %(value_m104)s), (%(indicator_id_m105)s, %(date_m105)s, %(value_m105)s), (%(indicator_id_m106)s, %(date_m106)s, %(value_m106)s), (%(indicator_id_m107)s, %(date_m107)s, %(value_m107)s), (%(indicator_id_m108)s, %(date_m108)s, %(value_m108)s), (%(indicator_id_m109)s, %(date_m109)s, %(value_m109)s), (%(indicator_id_m110)s, %(date_m110)s, %(value_m110)s), (%(indicator_id_m111)s, %(date_m111)s, %(value_m111)s), (%(indicator_id_m112)s, %(date_m112)s, %(value_m112)s), (%(indicator_id_m113)s, %(date_m113)s, %(value_m113)s), (%(indicator_id_m114)s, %(date_m114)s, %(value_m114)s), (%(indicator_id_m115)s, %(date_m115)s, %(value_m115)s), (%(indicator_id_m116)s, %(date_m116)s, %(value_m116)s), (%(indicator_id_m117)s, %(date_m117)s, %(value_m117)s), (%(indicator_id_m118)s, %(date_m118)s, %(value_m118)s), (%(indicator_id_m119)s, %(date_m119)s, %(value_m119)s), (%(indicator_id_m120)s, %(date_m120)s, %(value_m120)s), (%(indicator_id_m121)s, %(date_m121)s, %(value_m121)s), (%(indicator_id_m122)s, %(date_m122)s, %(value_m122)s), (%(indicator_id_m123)s, %(date_m123)s, %(value_m123)s), (%(indicator_id_m124)s, %(date_m124)s, %(value_m124)s), (%(indicator_id_m125)s, %(date_m125)s, %(value_m125)s), (%(indicator_id_m126)s, %(date_m126)s, %(value_m126)s), (%(indicator_id_m127)s, %(date_m127)s, %(value_m127)s), (%(indicator_id_m128)s, %(date_m128)s, %(value_m128)s), (%(indicator_id_m129)s, %(date_m129)s, %(value_m129)s), (%(indicator_id_m130)s, %(date_m130)s, %(value_m130)s), (%(indicator_id_m131)s, %(date_m131)s, %(value_m131)s), (%(indicator_id_m132)s, %(date_m132)s, %(value_m132)s), (%(indicator_id_m133)s, %(date_m133)s, %(value_m133)s), (%(indicator_id_m134)s, %(date_m134)s, %(value_m134)s), (%(indicator_id_m135)s, %(date_m135)s, %(value_m135)s), (%(indicator_id_m136)s, %(date_m136)s, %(value_m136)s), (%(indicator_id_m137)s, %(date_m137)s, %(value_m137)s), (%(indicator_id_m138)s, %(date_m138)s, %(value_m138)s), (%(indicator_id_m139)s, %(date_m139)s, %(value_m139)s), (%(indicator_id_m140)s, %(date_m140)s, %(value_m140)s), (%(indicator_id_m141)s, %(date_m141)s, %(value_m141)s), (%(indicator_id_m142)s, %(date_m142)s, %(value_m142)s), (%(indicator_id_m143)s, %(date_m143)s, %(value_m143)s), (%(indicator_id_m144)s, %(date_m144)s, %(value_m144)s), (%(indicator_id_m145)s, %(date_m145)s, %(value_m145)s), (%(indicator_id_m146)s, %(date_m146)s, %(value_m146)s), (%(indicator_id_m147)s, %(date_m147)s, %(value_m147)s), (%(indicator_id_m148)s, %(date_m148)s, %(value_m148)s), (%(indicator_id_m149)s, %(date_m149)s, %(value_m149)s), (%(indicator_id_m150)s, %(date_m150)s, %(value_m150)s), (%(indicator_id_m151)s, %(date_m151)s, %(value_m151)s), (%(indicator_id_m152)s, %(date_m152)s, %(value_m152)s), (%(indicator_id_m153)s, %(date_m153)s, %(value_m153)s), (%(indicator_id_m154)s, %(date_m154)s, %(value_m154)s), (%(indicator_id_m155)s, %(date_m155)s, %(value_m155)s), (%(indicator_id_m156)s, %(date_m156)s, %(value_m156)s), (%(indicator_id_m157)s, %(date_m157)s, %(value_m157)s), (%(indicator_id_m158)s, %(date_m158)s, %(value_m158)s), (%(indicator_id_m159)s, %(date_m159)s, %(value_m159)s), (%(indicator_id_m160)s, %(date_m160)s, %(value_m160)s), (%(indicator_id_m161)s, %(date_m161)s, %(value_m161)s), (%(indicator_id_m162)s, %(date_m162)s, %(value_m162)s), (%(indicator_id_m163)s, %(date_m163)s, %(value_m163)s), (%(indicator_id_m164)s, %(date_m164)s, %(value_m164)s), (%(indicator_id_m165)s, %(date_m165)s, %(value_m165)s), (%(indicator_id_m166)s, %(date_m166)s, %(value_m166)s), (%(indicator_id_m167)s, %(date_m167)s, %(value_m167)s), (%(indicator_id_m168)s, %(date_m168)s, %(value_m168)s), (%(indicator_id_m169)s, %(date_m169)s, %(value_m169)s), (%(indicator_id_m170)s, %(date_m170)s, %(value_m170)s), (%(indicator_id_m171)s, %(date_m171)s, %(value_m171)s), (%(indicator_id_m172)s, %(date_m172)s, %(value_m172)s), (%(indicator_id_m173)s, %(date_m173)s, %(value_m173)s), (%(indicator_id_m174)s, %(date_m174)s, %(value_m174)s), (%(indicator_id_m175)s, %(date_m175)s, %(value_m175)s), (%(indicator_id_m176)s, %(date_m176)s, %(value_m176)s), (%(indicator_id_m177)s, %(date_m177)s, %(value_m177)s), (%(indicator_id_m178)s, %(date_m178)s, %(value_m178)s), (%(indicator_id_m179)s, %(date_m179)s, %(value_m179)s), (%(indicator_id_m180)s, %(date_m180)s, %(value_m180)s), (%(indicator_id_m181)s, %(date_m181)s, %(value_m181)s), (%(indicator_id_m182)s, %(date_m182)s, %(value_m182)s), (%(indicator_id_m183)s, %(date_m183)s, %(value_m183)s), (%(indicator_id_m184)s, %(date_m184)s, %(value_m184)s), (%(indicator_id_m185)s, %(date_m185)s, %(value_m185)s), (%(indicator_id_m186)s, %(date_m186)s, %(value_m186)s), (%(indicator_id_m187)s, %(date_m187)s, %(value_m187)s), (%(indicator_id_m188)s, %(date_m188)s, %(value_m188)s), (%(indicator_id_m189)s, %(date_m189)s, %(value_m189)s), (%(indicator_id_m190)s, %(date_m190)s, %(value_m190)s), (%(indicator_id_m191)s, %(date_m191)s, %(value_m191)s), (%(indicator_id_m192)s, %(date_m192)s, %(value_m192)s), (%(indicator_id_m193)s, %(date_m193)s, %(value_m193)s), (%(indicator_id_m194)s, %(date_m194)s, %(value_m194)s), (%(indicator_id_m195)s, %(date_m195)s, %(value_m195)s), (%(indicator_id_m196)s, %(date_m196)s, %(value_m196)s), (%(indicator_id_m197)s, %(date_m197)s, %(value_m197)s), (%(indicator_id_m198)s, %(date_m198)s, %(value_m198)s), (%(indicator_id_m199)s, %(date_m199)s, %(value_m199)s), (%(indicator_id_m200)s, %(date_m200)s, %(value_m200)s), (%(indicator_id_m201)s, %(date_m201)s, %(value_m201)s), (%(indicator_id_m202)s, %(date_m202)s, %(value_m202)s), (%(indicator_id_m203)s, %(date_m203)s, %(value_m203)s), (%(indicator_id_m204)s, %(date_m204)s, %(value_m204)s), (%(indicator_id_m205)s, %(date_m205)s, %(value_m205)s), (%(indicator_id_m206)s, %(date_m206)s, %(value_m206)s), (%(indicator_id_m207)s, %(date_m207)s, %(value_m207)s), (%(indicator_id_m208)s, %(date_m208)s, %(value_m208)s), (%(indicator_id_m209)s, %(date_m209)s, %(value_m209)s), (%(indicator_id_m210)s, %(date_m210)s, %(value_m210)s), (%(indicator_id_m211)s, %(date_m211)s, %(value_m211)s), (%(indicator_id_m212)s, %(date_m212)s, %(value_m212)s), (%(indicator_id_m213)s, %(date_m213)s, %(value_m213)s), (%(indicator_id_m214)s, %(date_m214)s, %(value_m214)s), (%(indicator_id_m215)s, %(date_m215)s, %(value_m215)s), (%(indicator_id_m216)s, %(date_m216)s, %(value_m216)s), (%(indicator_id_m217)s, %(date_m217)s, %(value_m217)s), (%(indicator_id_m218)s, %(date_m218)s, %(value_m218)s), (%(indicator_id_m219)s, %(date_m219)s, %(value_m219)s), (%(indicator_id_m220)s, %(date_m220)s, %(value_m220)s), (%(indicator_id_m221)s, %(date_m221)s, %(value_m221)s), (%(indicator_id_m222)s, %(date_m222)s, %(value_m222)s), (%(indicator_id_m223)s, %(date_m223)s, %(value_m223)s), (%(indicator_id_m224)s, %(date_m224)s, %(value_m224)s), (%(indicator_id_m225)s, %(date_m225)s, %(value_m225)s), (%(indicator_id_m226)s, %(date_m226)s, %(value_m226)s), (%(indicator_id_m227)s, %(date_m227)s, %(value_m227)s), (%(indicator_id_m228)s, %(date_m228)s, %(value_m228)s), (%(indicator_id_m229)s, %(date_m229)s, %(value_m229)s), (%(indicator_id_m230)s, %(date_m230)s, %(value_m230)s), (%(indicator_id_m231)s, %(date_m231)s, %(value_m231)s), (%(indicator_id_m232)s, %(date_m232)s, %(value_m232)s), (%(indicator_id_m233)s, %(date_m233)s, %(value_m233)s), (%(indicator_id_m234)s, %(date_m234)s, %(value_m234)s), (%(indicator_id_m235)s, %(date_m235)s, %(value_m235)s), (%(indicator_id_m236)s, %(date_m236)s, %(value_m236)s), (%(indicator_id_m237)s, %(date_m237)s, %(value_m237)s), (%(indicator_id_m238)s, %(date_m238)s, %(value_m238)s), (%(indicator_id_m239)s, %(date_m239)s, %(value_m239)s), (%(indicator_id_m240)s, %(date_m240)s, %(value_m240)s), (%(indicator_id_m241)s, %(date_m241)s, %(value_m241)s), (%(indicator_id_m242)s, %(date_m242)s, %(value_m242)s), (%(indicator_id_m243)s, %(date_m243)s, %(value_m243)s), (%(indicator_id_m244)s, %(date_m244)s, %(value_m244)s), (%(indicator_id_m245)s, %(date_m245)s, %(value_m245)s), (%(indicator_id_m246)s, %(date_m246)s, %(value_m246)s), (%(indicator_id_m247)s, %(date_m247)s, %(value_m247)s), (%(indicator_id_m248)s, %(date_m248)s, %(value_m248)s), (%(indicator_id_m249)s, %(date_m249)s, %(value_m249)s), (%(indicator_id_m250)s, %(date_m250)s, %(value_m250)s), (%(indicator_id_m251)s, %(date_m251)s, %(value_m251)s), (%(indicator_id_m252)s, %(date_m252)s, %(value_m252)s), (%(indicator_id_m253)s, %(date_m253)s, %(value_m253)s), (%(indicator_id_m254)s, %(date_m254)s, %(value_m254)s), (%(indicator_id_m255)s, %(date_m255)s, %(value_m255)s), (%(indicator_id_m256)s, %(date_m256)s, %(value_m256)s), (%(indicator_id_m257)s, %(date_m257)s, %(value_m257)s), (%(indicator_id_m258)s, %(date_m258)s, %(value_m258)s), (%(indicator_id_m259)s, %(date_m259)s, %(value_m259)s), (%(indicator_id_m260)s, %(date_m260)s, %(value_m260)s), (%(indicator_id_m261)s, %(date_m261)s, %(value_m261)s), (%(indicator_id_m262)s, %(date_m262)s, %(value_m262)s), (%(indicator_id_m263)s, %(date_m263)s, %(value_m263)s), (%(indicator_id_m264)s, %(date_m264)s, %(value_m264)s), (%(indicator_id_m265)s, %(date_m265)s, %(value_m265)s), (%(indicator_id_m266)s, %(date_m266)s, %(value_m266)s), (%(indicator_id_m267)s, %(date_m267)s, %(value_m267)s), (%(indicator_id_m268)s, %(date_m268)s, %(value_m268)s), (%(indicator_id_m269)s, %(date_m269)s, %(value_m269)s), (%(indicator_id_m270)s, %(date_m270)s, %(value_m270)s), (%(indicator_id_m271)s, %(date_m271)s, %(value_m271)s), (%(indicator_id_m272)s, %(date_m272)s, %(value_m272)s), (%(indicator_id_m273)s, %(date_m273)s, %(value_m273)s), (%(indicator_id_m274)s, %(date_m274)s, %(value_m274)s), (%(indicator_id_m275)s, %(date_m275)s, %(value_m275)s), (%(indicator_id_m276)s, %(date_m276)s, %(value_m276)s), (%(indicator_id_m277)s, %(date_m277)s, %(value_m277)s), (%(indicator_id_m278)s, %(date_m278)s, %(value_m278)s), (%(indicator_id_m279)s, %(date_m279)s, %(value_m279)s), (%(indicator_id_m280)s, %(date_m280)s, %(value_m280)s), (%(indicator_id_m281)s, %(date_m281)s, %(value_m281)s), (%(indicator_id_m282)s, %(date_m282)s, %(value_m282)s), (%(indicator_id_m283)s, %(date_m283)s, %(value_m283)s), (%(indicator_id_m284)s, %(date_m284)s, %(value_m284)s), (%(indicator_id_m285)s, %(date_m285)s, %(value_m285)s), (%(indicator_id_m286)s, %(date_m286)s, %(value_m286)s), (%(indicator_id_m287)s, %(date_m287)s, %(value_m287)s), (%(indicator_id_m288)s, %(date_m288)s, %(value_m288)s), (%(indicator_id_m289)s, %(date_m289)s, %(value_m289)s), (%(indicator_id_m290)s, %(date_m290)s, %(value_m290)s), (%(indicator_id_m291)s, %(date_m291)s, %(value_m291)s), (%(indicator_id_m292)s, %(date_m292)s, %(value_m292)s), (%(indicator_id_m293)s, %(date_m293)s, %(value_m293)s), (%(indicator_id_m294)s, %(date_m294)s, %(value_m294)s), (%(indicator_id_m295)s, %(date_m295)s, %(value_m295)s), (%(indicator_id_m296)s, %(date_m296)s, %(value_m296)s), (%(indicator_id_m297)s, %(date_m297)s, %(value_m297)s), (%(indicator_id_m298)s, %(date_m298)s, %(value_m298)s), (%(indicator_id_m299)s, %(date_m299)s, %(value_m299)s), (%(indicator_id_m300)s, %(date_m300)s, %(value_m300)s), (%(indicator_id_m301)s, %(date_m301)s, %(value_m301)s), (%(indicator_id_m302)s, %(date_m302)s, %(value_m302)s), (%(indicator_id_m303)s, %(date_m303)s, %(value_m303)s), (%(indicator_id_m304)s, %(date_m304)s, %(value_m304)s), (%(indicator_id_m305)s, %(date_m305)s, %(value_m305)s), (%(indicator_id_m306)s, %(date_m306)s, %(value_m306)s), (%(indicator_id_m307)s, %(date_m307)s, %(value_m307)s), (%(indicator_id_m308)s, %(date_m308)s, %(value_m308)s), (%(indicator_id_m309)s, %(date_m309)s, %(value_m309)s), (%(indicator_id_m310)s, %(date_m310)s, %(value_m310)s), (%(indicator_id_m311)s, %(date_m311)s, %(value_m311)s), (%(indicator_id_m312)s, %(date_m312)s, %(value_m312)s), (%(indicator_id_m313)s, %(date_m313)s, %(value_m313)s), (%(indicator_id_m314)s, %(date_m314)s, %(value_m314)s), (%(indicator_id_m315)s, %(date_m315)s, %(value_m315)s), (%(indicator_id_m316)s, %(date_m316)s, %(value_m316)s), (%(indicator_id_m317)s, %(date_m317)s, %(value_m317)s), (%(indicator_id_m318)s, %(date_m318)s, %(value_m318)s), (%(indicator_id_m319)s, %(date_m319)s, %(value_m319)s), (%(indicator_id_m320)s, %(date_m320)s, %(value_m320)s), (%(indicator_id_m321)s, %(date_m321)s, %(value_m321)s), (%(indicator_id_m322)s, %(date_m322)s, %(value_m322)s), (%(indicator_id_m323)s, %(date_m323)s, %(value_m323)s), (%(indicator_id_m324)s, %(date_m324)s, %(value_m324)s), (%(indicator_id_m325)s, %(date_m325)s, %(value_m325)s), (%(indicator_id_m326)s, %(date_m326)s, %(value_m326)s), (%(indicator_id_m327)s, %(date_m327)s, %(value_m327)s), (%(indicator_id_m328)s, %(date_m328)s, %(value_m328)s), (%(indicator_id_m329)s, %(date_m329)s, %(value_m329)s), (%(indicator_id_m330)s, %(date_m330)s, %(value_m330)s), (%(indicator_id_m331)s, %(date_m331)s, %(value_m331)s), (%(indicator_id_m332)s, %(date_m332)s, %(value_m332)s), (%(indicator_id_m333)s, %(date_m333)s, %(value_m333)s), (%(indicator_id_m334)s, %(date_m334)s, %(value_m334)s), (%(indicator_id_m335)s, %(date_m335)s, %(value_m335)s), (%(indicator_id_m336)s, %(date_m336)s, %(value_m336)s), (%(indicator_id_m337)s, %(date_m337)s, %(value_m337)s), (%(indicator_id_m338)s, %(date_m338)s, %(value_m338)s), (%(indicator_id_m339)s, %(date_m339)s, %(value_m339)s), (%(indicator_id_m340)s, %(date_m340)s, %(value_m340)s), (%(indicator_id_m341)s, %(date_m341)s, %(value_m341)s), (%(indicator_id_m342)s, %(date_m342)s, %(value_m342)s), (%(indicator_id_m343)s, %(date_m343)s, %(value_m343)s), (%(indicator_id_m344)s, %(date_m344)s, %(value_m344)s), (%(indicator_id_m345)s, %(date_m345)s, %(value_m345)s), (%(indicator_id_m346)s, %(date_m346)s, %(value_m346)s), (%(indicator_id_m347)s, %(date_m347)s, %(value_m347)s), (%(indicator_id_m348)s, %(date_m348)s, %(value_m348)s), (%(indicator_id_m349)s, %(date_m349)s, %(value_m349)s), (%(indicator_id_m350)s, %(date_m350)s, %(value_m350)s), (%(indicator_id_m351)s, %(date_m351)s, %(value_m351)s), (%(indicator_id_m352)s, %(date_m352)s, %(value_m352)s), (%(indicator_id_m353)s, %(date_m353)s, %(value_m353)s), (%(indicator_id_m354)s, %(date_m354)s, %(value_m354)s), (%(indicator_id_m355)s, %(date_m355)s, %(value_m355)s), (%(indicator_id_m356)s, %(date_m356)s, %(value_m356)s), (%(indicator_id_m357)s, %(date_m357)s, %(value_m357)s), (%(indicator_id_m358)s, %(date_m358)s, %(value_m358)s), (%(indicator_id_m359)s, %(date_m359)s, %(value_m359)s), (%(indicator_id_m360)s, %(date_m360)s, %(value_m360)s), (%(indicator_id_m361)s, %(date_m361)s, %(value_m361)s), (%(indicator_id_m362)s, %(date_m362)s, %(value_m362)s), (%(indicator_id_m363)s, %(date_m363)s, %(value_m363)s), (%(indicator_id_m364)s, %(date_m364)s, %(value_m364)s), (%(indicator_id_m365)s, %(date_m365)s, %(value_m365)s), (%(indicator_id_m366)s, %(date_m366)s, %(value_m366)s), (%(indicator_id_m367)s, %(date_m367)s, %(value_m367)s), (%(indicator_id_m368)s, %(date_m368)s, %(value_m368)s), (%(indicator_id_m369)s, %(date_m369)s, %(value_m369)s), (%(indicator_id_m370)s, %(date_m370)s, %(value_m370)s), (%(indicator_id_m371)s, %(date_m371)s, %(value_m371)s), (%(indicator_id_m372)s, %(date_m372)s, %(value_m372)s), (%(indicator_id_m373)s, %(date_m373)s, %(value_m373)s), (%(indicator_id_m374)s, %(date_m374)s, %(value_m374)s), (%(indicator_id_m375)s, %(date_m375)s, %(value_m375)s), (%(indicator_id_m376)s, %(date_m376)s, %(value_m376)s), (%(indicator_id_m377)s, %(date_m377)s, %(value_m377)s), (%(indicator_id_m378)s, %(date_m378)s, %(value_m378)s), (%(indicator_id_m379)s, %(date_m379)s, %(value_m379)s), (%(indicator_id_m380)s, %(date_m380)s, %(value_m380)s), (%(indicator_id_m381)s, %(date_m381)s, %(value_m381)s), (%(indicator_id_m382)s, %(date_m382)s, %(value_m382)s), (%(indicator_id_m383)s, %(date_m383)s, %(value_m383)s), (%(indicator_id_m384)s, %(date_m384)s, %(value_m384)s), (%(indicator_id_m385)s, %(date_m385)s, %(value_m385)s), (%(indicator_id_m386)s, %(date_m386)s, %(value_m386)s), (%(indicator_id_m387)s, %(date_m387)s, %(value_m387)s), (%(indicator_id_m388)s, %(date_m388)s, %(value_m388)s), (%(indicator_id_m389)s, %(date_m389)s, %(value_m389)s), (%(indicator_id_m390)s, %(date_m390)s, %(value_m390)s), (%(indicator_id_m391)s, %(date_m391)s, %(value_m391)s), (%(indicator_id_m392)s, %(date_m392)s, %(value_m392)s), (%(indicator_id_m393)s, %(date_m393)s, %(value_m393)s), (%(indicator_id_m394)s, %(date_m394)s, %(value_m394)s), (%(indicator_id_m395)s, %(date_m395)s, %(value_m395)s), (%(indicator_id_m396)s, %(date_m396)s, %(value_m396)s), (%(indicator_id_m397)s, %(date_m397)s, %(value_m397)s), (%(indicator_id_m398)s, %(date_m398)s, %(value_m398)s), (%(indicator_id_m399)s, %(date_m399)s, %(value_m399)s), (%(indicator_id_m400)s, %(date_m400)s, %(value_m400)s), (%(indicator_id_m401)s, %(date_m401)s, %(value_m401)s), (%(indicator_id_m402)s, %(date_m402)s, %(value_m402)s), (%(indicator_id_m403)s, %(date_m403)s, %(value_m403)s), (%(indicator_id_m404)s, %(date_m404)s, %(value_m404)s), (%(indicator_id_m405)s, %(date_m405)s, %(value_m405)s), (%(indicator_id_m406)s, %(date_m406)s, %(value_m406)s), (%(indicator_id_m407)s, %(date_m407)s, %(value_m407)s), (%(indicator_id_m408)s, %(date_m408)s, %(value_m408)s), (%(indicator_id_m409)s, %(date_m409)s, %(value_m409)s), (%(indicator_id_m410)s, %(date_m410)s, %(value_m410)s), (%(indicator_id_m411)s, %(date_m411)s, %(value_m411)s), (%(indicator_id_m412)s, %(date_m412)s, %(value_m412)s), (%(indicator_id_m413)s, %(date_m413)s, %(value_m413)s), (%(indicator_id_m414)s, %(date_m414)s, %(value_m414)s), (%(indicator_id_m415)s, %(date_m415)s, %(value_m415)s), (%(indicator_id_m416)s, %(date_m416)s, %(value_m416)s), (%(indicator_id_m417)s, %(date_m417)s, %(value_m417)s), (%(indicator_id_m418)s, %(date_m418)s, %(value_m418)s), (%(indicator_id_m419)s, %(date_m419)s, %(value_m419)s), (%(indicator_id_m420)s, %(date_m420)s, %(value_m420)s), (%(indicator_id_m421)s, %(date_m421)s, %(value_m421)s), (%(indicator_id_m422)s, %(date_m422)s, %(value_m422)s), (%(indicator_id_m423)s, %(date_m423)s, %(value_m423)s), (%(indicator_id_m424)s, %(date_m424)s, %(value_m424)s), (%(indicator_id_m425)s, %(date_m425)s, %(value_m425)s), (%(indicator_id_m426)s, %(date_m426)s, %(value_m426)s), (%(indicator_id_m427)s, %(date_m427)s, %(value_m427)s), (%(indicator_id_m428)s, %(date_m428)s, %(value_m428)s), (%(indicator_id_m429)s, %(date_m429)s, %(value_m429)s), (%(indicator_id_m430)s, %(date_m430)s, %(value_m430)s), (%(indicator_id_m431)s, %(date_m431)s, %(value_m431)s), (%(indicator_id_m432)s, %(date_m432)s, %(value_m432)s), (%(indicator_id_m433)s, %(date_m433)s, %(value_m433)s), (%(indicator_id_m434)s, %(date_m434)s, %(value_m434)s), (%(indicator_id_m435)s, %(date_m435)s, %(value_m435)s), (%(indicator_id_m436)s, %(date_m436)s, %(value_m436)s), (%(indicator_id_m437)s, %(date_m437)s, %(value_m437)s), (%(indicator_id_m438)s, %(date_m438)s, %(value_m438)s), (%(indicator_id_m439)s, %(date_m439)s, %(value_m439)s), (%(indicator_id_m440)s, %(date_m440)s, %(value_m440)s), (%(indicator_id_m441)s, %(date_m441)s, %(value_m441)s), (%(indicator_id_m442)s, %(date_m442)s, %(value_m442)s), (%(indicator_id_m443)s, %(date_m443)s, %(value_m443)s), (%(indicator_id_m444)s, %(date_m444)s, %(value_m444)s), (%(indicator_id_m445)s, %(date_m445)s, %(value_m445)s), (%(indicator_id_m446)s, %(date_m446)s, %(value_m446)s), (%(indicator_id_m447)s, %(date_m447)s, %(value_m447)s), (%(indicator_id_m448)s, %(date_m448)s, %(value_m448)s), (%(indicator_id_m449)s, %(date_m449)s, %(value_m449)s), (%(indicator_id_m450)s, %(date_m450)s, %(value_m450)s), (%(indicator_id_m451)s, %(date_m451)s, %(value_m451)s), (%(indicator_id_m452)s, %(date_m452)s, %(value_m452)s), (%(indicator_id_m453)s, %(date_m453)s, %(value_m453)s), (%(indicator_id_m454)s, %(date_m454)s, %(value_m454)s), (%(indicator_id_m455)s, %(date_m455)s, %(value_m455)s), (%(indicator_id_m456)s, %(date_m456)s, %(value_m456)s), (%(indicator_id_m457)s, %(date_m457)s, %(value_m457)s), (%(indicator_id_m458)s, %(date_m458)s, %(value_m458)s), (%(indicator_id_m459)s, %(date_m459)s, %(value_m459)s), (%(indicator_id_m460)s, %(date_m460)s, %(value_m460)s), (%(indicator_id_m461)s, %(date_m461)s, %(value_m461)s), (%(indicator_id_m462)s, %(date_m462)s, %(value_m462)s), (%(indicator_id_m463)s, %(date_m463)s, %(value_m463)s), (%(indicator_id_m464)s, %(date_m464)s, %(value_m464)s), (%(indicator_id_m465)s, %(date_m465)s, %(value_m465)s), (%(indicator_id_m466)s, %(date_m466)s, %(value_m466)s), (%(indicator_id_m467)s, %(date_m467)s, %(value_m467)s), (%(indicator_id_m468)s, %(date_m468)s, %(value_m468)s), (%(indicator_id_m469)s, %(date_m469)s, %(value_m469)s), (%(indicator_id_m470)s, %(date_m470)s, %(value_m470)s), (%(indicator_id_m471)s, %(date_m471)s, %(value_m471)s), (%(indicator_id_m472)s, %(date_m472)s, %(value_m472)s), (%(indicator_id_m473)s, %(date_m473)s, %(value_m473)s), (%(indicator_id_m474)s, %(date_m474)s, %(value_m474)s), (%(indicator_id_m475)s, %(date_m475)s, %(value_m475)s), (%(indicator_id_m476)s, %(date_m476)s, %(value_m476)s), (%(indicator_id_m477)s, %(date_m477)s, %(value_m477)s), (%(indicator_id_m478)s, %(date_m478)s, %(value_m478)s), (%(indicator_id_m479)s, %(date_m479)s, %(value_m479)s), (%(indicator_id_m480)s, %(date_m480)s, %(value_m480)s), (%(indicator_id_m481)s, %(date_m481)s, %(value_m481)s), (%(indicator_id_m482)s, %(date_m482)s, %(value_m482)s), (%(indicator_id_m483)s, %(date_m483)s, %(value_m483)s), (%(indicator_id_m484)s, %(date_m484)s, %(value_m484)s), (%(indicator_id_m485)s, %(date_m485)s, %(value_m485)s), (%(indicator_id_m486)s, %(date_m486)s, %(value_m486)s), (%(indicator_id_m487)s, %(date_m487)s, %(value_m487)s), (%(indicator_id_m488)s, %(date_m488)s, %(value_m488)s), (%(indicator_id_m489)s, %(date_m489)s, %(value_m489)s), (%(indicator_id_m490)s, %(date_m490)s, %(value_m490)s), (%(indicator_id_m491)s, %(date_m491)s, %(value_m491)s), (%(indicator_id_m492)s, %(date_m492)s, %(value_m492)s), (%(indicator_id_m493)s, %(date_m493)s, %(value_m493)s), (%(indicator_id_m494)s, %(date_m494)s, %(value_m494)s), (%(indicator_id_m495)s, %(date_m495)s, %(value_m495)s), (%(indicator_id_m496)s, %(date_m496)s, %(value_m496)s), (%(indicator_id_m497)s, %(date_m497)s, %(value_m497)s), (%(indicator_id_m498)s, %(date_m498)s, %(value_m498)s), (%(indicator_id_m499)s, %(date_m499)s, %(value_m499)s), (%(indicator_id_m500)s, %(date_m500)s, %(value_m500)s), (%(indicator_id_m501)s, %(date_m501)s, %(value_m501)s), (%(indicator_id_m502)s, %(date_m502)s, %(value_m502)s), (%(indicator_id_m503)s, %(date_m503)s, %(value_m503)s), (%(indicator_id_m504)s, %(date_m504)s, %(value_m504)s), (%(indicator_id_m505)s, %(date_m505)s, %(value_m505)s), (%(indicator_id_m506)s, %(date_m506)s, %(value_m506)s), (%(indicator_id_m507)s, %(date_m507)s, %(value_m507)s), (%(indicator_id_m508)s, %(date_m508)s, %(value_m508)s), (%(indicator_id_m509)s, %(date_m509)s, %(value_m509)s), (%(indicator_id_m510)s, %(date_m510)s, %(value_m510)s), (%(indicator_id_m511)s, %(date_m511)s, %(value_m511)s), (%(indicator_id_m512)s, %(date_m512)s, %(value_m512)s), (%(indicator_id_m513)s, %(date_m513)s, %(value_m513)s), (%(indicator_id_m514)s, %(date_m514)s, %(value_m514)s), (%(indicator_id_m515)s, %(date_m515)s, %(value_m515)s), (%(indicator_id_m516)s, %(date_m516)s, %(value_m516)s), (%(indicator_id_m517)s, %(date_m517)s, %(value_m517)s), (%(indicator_id_m518)s, %(date_m518)s, %(value_m518)s), (%(indicator_id_m519)s, %(date_m519)s, %(value_m519)s), (%(indicator_id_m520)s, %(date_m520)s, %(value_m520)s), (%(indicator_id_m521)s, %(date_m521)s, %(value_m521)s), (%(indicator_id_m522)s, %(date_m522)s, %(value_m522)s), (%(indicator_id_m523)s, %(date_m523)s, %(value_m523)s), (%(indicator_id_m524)s, %(date_m524)s, %(value_m524)s), (%(indicator_id_m525)s, %(date_m525)s, %(value_m525)s), (%(indicator_id_m526)s, %(date_m526)s, %(value_m526)s), (%(indicator_id_m527)s, %(date_m527)s, %(value_m527)s), (%(indicator_id_m528)s, %(date_m528)s, %(value_m528)s), (%(indicator_id_m529)s, %(date_m529)s, %(value_m529)s), (%(indicator_id_m530)s, %(date_m530)s, %(value_m530)s), (%(indicator_id_m531)s, %(date_m531)s, %(value_m531)s), (%(indicator_id_m532)s, %(date_m532)s, %(value_m532)s), (%(indicator_id_m533)s, %(date_m533)s, %(value_m533)s), (%(indicator_id_m534)s, %(date_m534)s, %(value_m534)s), (%(indicator_id_m535)s, %(date_m535)s, %(value_m535)s), (%(indicator_id_m536)s, %(date_m536)s, %(value_m536)s), (%(indicator_id_m537)s, %(date_m537)s, %(value_m537)s), (%(indicator_id_m538)s, %(date_m538)s, %(value_m538)s), (%(indicator_id_m539)s, %(date_m539)s, %(value_m539)s), (%(indicator_id_m540)s, %(date_m540)s, %(value_m540)s), (%(indicator_id_m541)s, %(date_m541)s, %(value_m541)s), (%(indicator_id_m542)s, %(date_m542)s, %(value_m542)s), (%(indicator_id_m543)s, %(date_m543)s, %(value_m543)s), (%(indicator_id_m544)s, %(date_m544)s, %(value_m544)s), (%(indicator_id_m545)s, %(date_m545)s, %(value_m545)s), (%(indicator_id_m546)s, %(date_m546)s, %(value_m546)s), (%(indicator_id_m547)s, %(date_m547)s, %(value_m547)s), (%(indicator_id_m548)s, %(date_m548)s, %(value_m548)s), (%(indicator_id_m549)s, %(date_m549)s, %(value_m549)s), (%(indicator_id_m550)s, %(date_m550)s, %(value_m550)s), (%(indicator_id_m551)s, %(date_m551)s, %(value_m551)s), (%(indicator_id_m552)s, %(date_m552)s, %(value_m552)s), (%(indicator_id_m553)s, %(date_m553)s, %(value_m553)s), (%(indicator_id_m554)s, %(date_m554)s, %(value_m554)s), (%(indicator_id_m555)s, %(date_m555)s, %(value_m555)s), (%(indicator_id_m556)s, %(date_m556)s, %(value_m556)s), (%(indicator_id_m557)s, %(date_m557)s, %(value_m557)s), (%(indicator_id_m558)s, %(date_m558)s, %(value_m558)s), (%(indicator_id_m559)s, %(date_m559)s, %(value_m559)s), (%(indicator_id_m560)s, %(date_m560)s, %(value_m560)s), (%(indicator_id_m561)s, %(date_m561)s, %(value_m561)s), (%(indicator_id_m562)s, %(date_m562)s, %(value_m562)s), (%(indicator_id_m563)s, %(date_m563)s, %(value_m563)s), (%(indicator_id_m564)s, %(date_m564)s, %(value_m564)s), (%(indicator_id_m565)s, %(date_m565)s, %(value_m565)s), (%(indicator_id_m566)s, %(date_m566)s, %(value_m566)s), (%(indicator_id_m567)s, %(date_m567)s, %(value_m567)s), (%(indicator_id_m568)s, %(date_m568)s, %(value_m568)s), (%(indicator_id_m569)s, %(date_m569)s, %(value_m569)s), (%(indicator_id_m570)s, %(date_m570)s, %(value_m570)s), (%(indicator_id_m571)s, %(date_m571)s, %(value_m571)s), (%(indicator_id_m572)s, %(date_m572)s, %(value_m572)s), (%(indicator_id_m573)s, %(date_m573)s, %(value_m573)s), (%(indicator_id_m574)s, %(date_m574)s, %(value_m574)s), (%(indicator_id_m575)s, %(date_m575)s, %(value_m575)s), (%(indicator_id_m576)s, %(date_m576)s, %(value_m576)s), (%(indicator_id_m577)s, %(date_m577)s, %(value_m577)s), (%(indicator_id_m578)s, %(date_m578)s, %(value_m578)s), (%(indicator_id_m579)s, %(date_m579)s, %(value_m579)s), (%(indicator_id_m580)s, %(date_m580)s, %(value_m580)s), (%(indicator_id_m581)s, %(date_m581)s, %(value_m581)s), (%(indicator_id_m582)s, %(date_m582)s, %(value_m582)s), (%(indicator_id_m583)s, %(date_m583)s, %(value_m583)s), (%(indicator_id_m584)s, %(date_m584)s, %(value_m584)s), (%(indicator_id_m585)s, %(date_m585)s, %(value_m585)s), (%(indicator_id_m586)s, %(date_m586)s, %(value_m586)s), (%(indicator_id_m587)s, %(date_m587)s, %(value_m587)s), (%(indicator_id_m588)s, %(date_m588)s, %(value_m588)s), (%(indicator_id_m589)s, %(date_m589)s, %(value_m589)s), (%(indicator_id_m590)s, %(date_m590)s, %(value_m590)s), (%(indicator_id_m591)s, %(date_m591)s, %(value_m591)s), (%(indicator_id_m592)s, %(date_m592)s, %(value_m592)s), (%(indicator_id_m593)s, %(date_m593)s, %(value_m593)s), (%(indicator_id_m594)s, %(date_m594)s, %(value_m594)s), (%(indicator_id_m595)s, %(date_m595)s, %(value_m595)s), (%(indicator_id_m596)s, %(date_m596)s, %(value_m596)s), (%(indicator_id_m597)s, %(date_m597)s, %(value_m597)s), (%(indicator_id_m598)s, %(date_m598)s, %(value_m598)s), (%(indicator_id_m599)s, %(date_m599)s, %(value_m599)s), (%(indicator_id_m600)s, %(date_m600)s, %(value_m600)s), (%(indicator_id_m601)s, %(date_m601)s, %(value_m601)s), (%(indicator_id_m602)s, %(date_m602)s, %(value_m602)s), (%(indicator_id_m603)s, %(date_m603)s, %(value_m603)s), (%(indicator_id_m604)s, %(date_m604)s, %(value_m604)s), (%(indicator_id_m605)s, %(date_m605)s, %(value_m605)s), (%(indicator_id_m606)s, %(date_m606)s, %(value_m606)s), (%(indicator_id_m607)s, %(date_m607)s, %(value_m607)s), (%(indicator_id_m608)s, %(date_m608)s, %(value_m608)s), (%(indicator_id_m609)s, %(date_m609)s, %(value_m609)s), (%(indicator_id_m610)s, %(date_m610)s, %(value_m610)s), (%(indicator_id_m611)s, %(date_m611)s, %(value_m611)s), (%(indicator_id_m612)s, %(date_m612)s, %(value_m612)s), (%(indicator_id_m613)s, %(date_m613)s, %(value_m613)s), (%(indicator_id_m614)s, %(date_m614)s, %(value_m614)s), (%(indicator_id_m615)s, %(date_m615)s, %(value_m615)s), (%(indicator_id_m616)s, %(date_m616)s, %(value_m616)s), (%(indicator_id_m617)s, %(date_m617)s, %(value_m617)s), (%(indicator_id_m618)s, %(date_m618)s, %(value_m618)s), (%(indicator_id_m619)s, %(date_m619)s, %(value_m619)s), (%(indicator_id_m620)s, %(date_m620)s, %(value_m620)s), (%(indicator_id_m621)s, %(date_m621)s, %(value_m621)s), (%(indicator_id_m622)s, %(date_m622)s, %(value_m622)s), (%(indicator_id_m623)s, %(date_m623)s, %(value_m623)s), (%(indicator_id_m624)s, %(date_m624)s, %(value_m624)s), (%(indicator_id_m625)s, %(date_m625)s, %(value_m625)s), (%(indicator_id_m626)s, %(date_m626)s, %(value_m626)s), (%(indicator_id_m627)s, %(date_m627)s, %(value_m627)s), (%(indicator_id_m628)s, %(date_m628)s, %(value_m628)s), (%(indicator_id_m629)s, %(date_m629)s, %(value_m629)s), (%(indicator_id_m630)s, %(date_m630)s, %(value_m630)s), (%(indicator_id_m631)s, %(date_m631)s, %(value_m631)s), (%(indicator_id_m632)s, %(date_m632)s, %(value_m632)s), (%(indicator_id_m633)s, %(date_m633)s, %(value_m633)s), (%(indicator_id_m634)s, %(date_m634)s, %(value_m634)s), (%(indicator_id_m635)s, %(date_m635)s, %(value_m635)s), (%(indicator_id_m636)s, %(date_m636)s, %(value_m636)s), (%(indicator_id_m637)s, %(date_m637)s, %(value_m637)s), (%(indicator_id_m638)s, %(date_m638)s, %(value_m638)s), (%(indicator_id_m639)s, %(date_m639)s, %(value_m639)s), (%(indicator_id_m640)s, %(date_m640)s, %(value_m640)s), (%(indicator_id_m641)s, %(date_m641)s, %(value_m641)s), (%(indicator_id_m642)s, %(date_m642)s, %(value_m642)s), (%(indicator_id_m643)s, %(date_m643)s, %(value_m643)s), (%(indicator_id_m644)s, %(date_m644)s, %(value_m644)s), (%(indicator_id_m645)s, %(date_m645)s, %(value_m645)s), (%(indicator_id_m646)s, %(date_m646)s, %(value_m646)s), (%(indicator_id_m647)s, %(date_m647)s, %(value_m647)s), (%(indicator_id_m648)s, %(date_m648)s, %(value_m648)s), (%(indicator_id_m649)s, %(date_m649)s, %(value_m649)s), (%(indicator_id_m650)s, %(date_m650)s, %(value_m650)s), (%(indicator_id_m651)s, %(date_m651)s, %(value_m651)s), (%(indicator_id_m652)s, %(date_m652)s, %(value_m652)s), (%(indicator_id_m653)s, %(date_m653)s, %(value_m653)s), (%(indicator_id_m654)s, %(date_m654)s, %(value_m654)s), (%(indicator_id_m655)s, %(date_m655)s, %(value_m655)s), (%(indicator_id_m656)s, %(date_m656)s, %(value_m656)s), (%(indicator_id_m657)s, %(date_m657)s, %(value_m657)s), (%(indicator_id_m658)s, %(date_m658)s, %(value_m658)s), (%(indicator_id_m659)s, %(date_m659)s, %(value_m659)s), (%(indicator_id_m660)s, %(date_m660)s, %(value_m660)s), (%(indicator_id_m661)s, %(date_m661)s, %(value_m661)s), (%(indicator_id_m662)s, %(date_m662)s, %(value_m662)s), (%(indicator_id_m663)s, %(date_m663)s, %(value_m663)s), (%(indicator_id_m664)s, %(date_m664)s, %(value_m664)s), (%(indicator_id_m665)s, %(date_m665)s, %(value_m665)s), (%(indicator_id_m666)s, %(date_m666)s, %(value_m666)s), (%(indicator_id_m667)s, %(date_m667)s, %(value_m667)s), (%(indicator_id_m668)s, %(date_m668)s, %(value_m668)s), (%(indicator_id_m669)s, %(date_m669)s, %(value_m669)s), (%(indicator_id_m670)s, %(date_m670)s, %(value_m670)s), (%(indicator_id_m671)s, %(date_m671)s, %(value_m671)s), (%(indicator_id_m672)s, %(date_m672)s, %(value_m672)s), (%(indicator_id_m673)s, %(date_m673)s, %(value_m673)s), (%(indicator_id_m674)s, %(date_m674)s, %(value_m674)s), (%(indicator_id_m675)s, %(date_m675)s, %(value_m675)s), (%(indicator_id_m676)s, %(date_m676)s, %(value_m676)s), (%(indicator_id_m677)s, %(date_m677)s, %(value_m677)s), (%(indicator_id_m678)s, %(date_m678)s, %(value_m678)s), (%(indicator_id_m679)s, %(date_m679)s, %(value_m679)s), (%(indicator_id_m680)s, %(date_m680)s, %(value_m680)s), (%(indicator_id_m681)s, %(date_m681)s, %(value_m681)s), (%(indicator_id_m682)s, %(date_m682)s, %(value_m682)s), (%(indicator_id_m683)s, %(date_m683)s, %(value_m683)s), (%(indicator_id_m684)s, %(date_m684)s, %(value_m684)s), (%(indicator_id_m685)s, %(date_m685)s, %(value_m685)s), (%(indicator_id_m686)s, %(date_m686)s, %(value_m686)s), (%(indicator_id_m687)s, %(date_m687)s, %(value_m687)s), (%(indicator_id_m688)s, %(date_m688)s, %(value_m688)s), (%(indicator_id_m689)s, %(date_m689)s, %(value_m689)s), (%(indicator_id_m690)s, %(date_m690)s, %(value_m690)s), (%(indicator_id_m691)s, %(date_m691)s, %(value_m691)s), (%(indicator_id_m692)s, %(date_m692)s, %(value_m692)s), (%(indicator_id_m693)s, %(date_m693)s, %(value_m693)s), (%(indicator_id_m694)s, %(date_m694)s, %(value_m694)s), (%(indicator_id_m695)s, %(date_m695)s, %(value_m695)s), (%(indicator_id_m696)s, %(date_m696)s, %(value_m696)s), (%(indicator_id_m697)s, %(date_m697)s, %(value_m697)s), (%(indicator_id_m698)s, %(date_m698)s, %(value_m698)s), (%(indicator_id_m699)s, %(date_m699)s, %(value_m699)s), (%(indicator_id_m700)s, %(date_m700)s, %(value_m700)s), (%(indicator_id_m701)s, %(date_m701)s, %(value_m701)s), (%(indicator_id_m702)s, %(date_m702)s, %(value_m702)s), (%(indicator_id_m703)s, %(date_m703)s, %(value_m703)s), (%(indicator_id_m704)s, %(date_m704)s, %(value_m704)s), (%(indicator_id_m705)s, %(date_m705)s, %(value_m705)s), (%(indicator_id_m706)s, %(date_m706)s, %(value_m706)s), (%(indicator_id_m707)s, %(date_m707)s, %(value_m707)s), (%(indicator_id_m708)s, %(date_m708)s, %(value_m708)s), (%(indicator_id_m709)s, %(date_m709)s, %(value_m709)s), (%(indicator_id_m710)s, %(date_m710)s, %(value_m710)s), (%(indicator_id_m711)s, %(date_m711)s, %(value_m711)s), (%(indicator_id_m712)s, %(date_m712)s, %(value_m712)s), (%(indicator_id_m713)s, %(date_m713)s, %(value_m713)s), (%(indicator_id_m714)s, %(date_m714)s, %(value_m714)s), (%(indicator_id_m715)s, %(date_m715)s, %(value_m715)s), (%(indicator_id_m716)s, %(date_m716)s, %(value_m716)s), (%(indicator_id_m717)s, %(date_m717)s, %(value_m717)s), (%(indicator_id_m718)s, %(date_m718)s, %(value_m718)s), (%(indicator_id_m719)s, %(date_m719)s, %(value_m719)s), (%(indicator_id_m720)s, %(date_m720)s, %(value_m720)s), (%(indicator_id_m721)s, %(date_m721)s, %(value_m721)s), (%(indicator_id_m722)s, %(date_m722)s, %(value_m722)s), (%(indicator_id_m723)s, %(date_m723)s, %(value_m723)s), (%(indicator_id_m724)s, %(date_m724)s, %(value_m724)s), (%(indicator_id_m725)s, %(date_m725)s, %(value_m725)s), (%(indicator_id_m726)s, %(date_m726)s, %(value_m726)s), (%(indicator_id_m727)s, %(date_m727)s, %(value_m727)s), (%(indicator_id_m728)s, %(date_m728)s, %(value_m728)s), (%(indicator_id_m729)s, %(date_m729)s, %(value_m729)s), (%(indicator_id_m730)s, %(date_m730)s, %(value_m730)s), (%(indicator_id_m731)s, %(date_m731)s, %(value_m731)s), (%(indicator_id_m732)s, %(date_m732)s, %(value_m732)s), (%(indicator_id_m733)s, %(date_m733)s, %(value_m733)s), (%(indicator_id_m734)s, %(date_m734)s, %(value_m734)s), (%(indicator_id_m735)s, %(date_m735)s, %(value_m735)s), (%(indicator_id_m736)s, %(date_m736)s, %(value_m736)s), (%(indicator_id_m737)s, %(date_m737)s, %(value_m737)s), (%(indicator_id_m738)s, %(date_m738)s, %(value_m738)s), (%(indicator_id_m739)s, %(date_m739)s, %(value_m739)s), (%(indicator_id_m740)s, %(date_m740)s, %(value_m740)s), (%(indicator_id_m741)s, %(date_m741)s, %(value_m741)s), (%(indicator_id_m742)s, %(date_m742)s, %(value_m742)s), (%(indicator_id_m743)s, %(date_m743)s, %(value_m743)s), (%(indicator_id_m744)s, %(date_m744)s, %(value_m744)s), (%(indicator_id_m745)s, %(date_m745)s, %(value_m745)s), (%(indicator_id_m746)s, %(date_m746)s, %(value_m746)s), (%(indicator_id_m747)s, %(date_m747)s, %(value_m747)s), (%(indicator_id_m748)s, %(date_m748)s, %(value_m748)s), (%(indicator_id_m749)s, %(date_m749)s, %(value_m749)s), (%(indicator_id_m750)s, %(date_m750)s, %(value_m750)s), (%(indicator_id_m751)s, %(date_m751)s, %(value_m751)s), (%(indicator_id_m752)s, %(date_m752)s, %(value_m752)s), (%(indicator_id_m753)s, %(date_m753)s, %(value_m753)s), (%(indicator_id_m754)s, %(date_m754)s, %(value_m754)s), (%(indicator_id_m755)s, %(date_m755)s, %(value_m755)s), (%(indicator_id_m756)s, %(date_m756)s, %(value_m756)s), (%(indicator_id_m757)s, %(date_m757)s, %(value_m757)s), (%(indicator_id_m758)s, %(date_m758)s, %(value_m758)s), (%(indicator_id_m759)s, %(date_m759)s, %(value_m759)s), (%(indicator_id_m760)s, %(date_m760)s, %(value_m760)s), (%(indicator_id_m761)s, %(date_m761)s, %(value_m761)s), (%(indicator_id_m762)s, %(date_m762)s, %(value_m762)s), (%(indicator_id_m763)s, %(date_m763)s, %(value_m763)s), (%(indicator_id_m764)s, %(date_m764)s, %(value_m764)s), (%(indicator_id_m765)s, %(date_m765)s, %(value_m765)s), (%(indicator_id_m766)s, %(date_m766)s, %(value_m766)s), (%(indicator_id_m767)s, %(date_m767)s, %(value_m767)s), (%(indicator_id_m768)s, %(date_m768)s, %(value_m768)s), (%(indicator_id_m769)s, %(date_m769)s, %(value_m769)s), (%(indicator_id_m770)s, %(date_m770)s, %(value_m770)s), (%(indicator_id_m771)s, %(date_m771)s, %(value_m771)s), (%(indicator_id_m772)s, %(date_m772)s, %(value_m772)s), (%(indicator_id_m773)s, %(date_m773)s, %(value_m773)s), (%(indicator_id_m774)s, %(date_m774)s, %(value_m774)s), (%(indicator_id_m775)s, %(date_m775)s, %(value_m775)s), (%(indicator_id_m776)s, %(date_m776)s, %(value_m776)s), (%(indicator_id_m777)s, %(date_m777)s, %(value_m777)s), (%(indicator_id_m778)s, %(date_m778)s, %(value_m778)s), (%(indicator_id_m779)s, %(date_m779)s, %(value_m779)s), (%(indicator_id_m780)s, %(date_m780)s, %(value_m780)s), (%(indicator_id_m781)s, %(date_m781)s, %(value_m781)s), (%(indicator_id_m782)s, %(date_m782)s, %(value_m782)s), (%(indicator_id_m783)s, %(date_m783)s, %(value_m783)s), (%(indicator_id_m784)s, %(date_m784)s, %(value_m784)s), (%(indicator_id_m785)s, %(date_m785)s, %(value_m785)s), (%(indicator_id_m786)s, %(date_m786)s, %(value_m786)s), (%(indicator_id_m787)s, %(date_m787)s, %(value_m787)s), (%(indicator_id_m788)s, %(date_m788)s, %(value_m788)s), (%(indicator_id_m789)s, %(date_m789)s, %(value_m789)s), (%(indicator_id_m790)s, %(date_m790)s, %(value_m790)s), (%(indicator_id_m791)s, %(date_m791)s, %(value_m791)s), (%(indicator_id_m792)s, %(date_m792)s, %(value_m792)s), (%(indicator_id_m793)s, %(date_m793)s, %(value_m793)s), (%(indicator_id_m794)s, %(date_m794)s, %(value_m794)s), (%(indicator_id_m795)s, %(date_m795)s, %(value_m795)s), (%(indicator_id_m796)s, %(date_m796)s, %(value_m796)s), (%(indicator_id_m797)s, %(date_m797)s, %(value_m797)s), (%(indicator_id_m798)s, %(date_m798)s, %(value_m798)s), (%(indicator_id_m799)s, %(date_m799)s, %(value_m799)s), (%(indicator_id_m800)s, %(date_m800)s, %(value_m800)s), (%(indicator_id_m801)s, %(date_m801)s, %(value_m801)s), (%(indicator_id_m802)s, %(date_m802)s, %(value_m802)s), (%(indicator_id_m803)s, %(date_m803)s, %(value_m803)s), (%(indicator_id_m804)s, %(date_m804)s, %(value_m804)s), (%(indicator_id_m805)s, %(date_m805)s, %(value_m805)s), (%(indicator_id_m806)s, %(date_m806)s, %(value_m806)s), (%(indicator_id_m807)s, %(date_m807)s, %(value_m807)s), (%(indicator_id_m808)s, %(date_m808)s, %(value_m808)s), (%(indicator_id_m809)s, %(date_m809)s, %(value_m809)s), (%(indicator_id_m810)s, %(date_m810)s, %(value_m810)s), (%(indicator_id_m811)s, %(date_m811)s, %(value_m811)s), (%(indicator_id_m812)s, %(date_m812)s, %(value_m812)s), (%(indicator_id_m813)s, %(date_m813)s, %(value_m813)s), (%(indicator_id_m814)s, %(date_m814)s, %(value_m814)s), (%(indicator_id_m815)s, %(date_m815)s, %(value_m815)s), (%(indicator_id_m816)s, %(date_m816)s, %(value_m816)s), (%(indicator_id_m817)s, %(date_m817)s, %(value_m817)s), (%(indicator_id_m818)s, %(date_m818)s, %(value_m818)s), (%(indicator_id_m819)s, %(date_m819)s, %(value_m819)s), (%(indicator_id_m820)s, %(date_m820)s, %(value_m820)s), (%(indicator_id_m821)s, %(date_m821)s, %(value_m821)s), (%(indicator_id_m822)s, %(date_m822)s, %(value_m822)s), (%(indicator_id_m823)s, %(date_m823)s, %(value_m823)s), (%(indicator_id_m824)s, %(date_m824)s, %(value_m824)s), (%(indicator_id_m825)s, %(date_m825)s, %(value_m825)s), (%(indicator_id_m826)s, %(date_m826)s, %(value_m826)s), (%(indicator_id_m827)s, %(date_m827)s, %(value_m827)s), (%(indicator_id_m828)s, %(date_m828)s, %(value_m828)s), (%(indicator_id_m829)s, %(date_m829)s, %(value_m829)s), (%(indicator_id_m830)s, %(date_m830)s, %(value_m830)s), (%(indicator_id_m831)s, %(date_m831)s, %(value_m831)s), (%(indicator_id_m832)s, %(date_m832)s, %(value_m832)s), (%(indicator_id_m833)s, %(date_m833)s, %(value_m833)s), (%(indicator_id_m834)s, %(date_m834)s, %(value_m834)s), (%(indicator_id_m835)s, %(date_m835)s, %(value_m835)s), (%(indicator_id_m836)s, %(date_m836)s, %(value_m836)s), (%(indicator_id_m837)s, %(date_m837)s, %(value_m837)s), (%(indicator_id_m838)s, %(date_m838)s, %(value_m838)s), (%(indicator_id_m839)s, %(date_m839)s, %(value_m839)s), (%(indicator_id_m840)s, %(date_m840)s, %(value_m840)s), (%(indicator_id_m841)s, %(date_m841)s, %(value_m841)s), (%(indicator_id_m842)s, %(date_m842)s, %(value_m842)s), (%(indicator_id_m843)s, %(date_m843)s, %(value_m843)s), (%(indicator_id_m844)s, %(date_m844)s, %(value_m844)s), (%(indicator_id_m845)s, %(date_m845)s, %(value_m845)s), (%(indicator_id_m846)s, %(date_m846)s, %(value_m846)s), (%(indicator_id_m847)s, %(date_m847)s, %(value_m847)s), (%(indicator_id_m848)s, %(date_m848)s, %(value_m848)s), (%(indicator_id_m849)s, %(date_m849)s, %(value_m849)s), (%(indicator_id_m850)s, %(date_m850)s, %(value_m850)s), (%(indicator_id_m851)s, %(date_m851)s, %(value_m851)s), (%(indicator_id_m852)s, %(date_m852)s, %(value_m852)s), (%(indicator_id_m853)s, %(date_m853)s, %(value_m853)s), (%(indicator_id_m854)s, %(date_m854)s, %(value_m854)s), (%(indicator_id_m855)s, %(date_m855)s, %(value_m855)s), (%(indicator_id_m856)s, %(date_m856)s, %(value_m856)s), (%(indicator_id_m857)s, %(date_m857)s, %(value_m857)s), (%(indicator_id_m858)s, %(date_m858)s, %(value_m858)s), (%(indicator_id_m859)s, %(date_m859)s, %(value_m859)s), (%(indicator_id_m860)s, %(date_m860)s, %(value_m860)s), (%(indicator_id_m861)s, %(date_m861)s, %(value_m861)s), (%(indicator_id_m862)s, %(date_m862)s, %(value_m862)s), (%(indicator_id_m863)s, %(date_m863)s, %(value_m863)s), (%(indicator_id_m864)s, %(date_m864)s, %(value_m864)s), (%(indicator_id_m865)s, %(date_m865)s, %(value_m865)s), (%(indicator_id_m866)s, %(date_m866)s, %(value_m866)s), (%(indicator_id_m867)s, %(date_m867)s, %(value_m867)s), (%(indicator_id_m868)s, %(date_m868)s, %(value_m868)s), (%(indicator_id_m869)s, %(date_m869)s, %(value_m869)s), (%(indicator_id_m870)s, %(date_m870)s, %(value_m870)s), (%(indicator_id_m871)s, %(date_m871)s, %(value_m871)s), (%(indicator_id_m872)s, %(date_m872)s, %(value_m872)s), (%(indicator_id_m873)s, %(date_m873)s, %(value_m873)s), (%(indicator_id_m874)s, %(date_m874)s, %(value_m874)s), (%(indicator_id_m875)s, %(date_m875)s, %(value_m875)s), (%(indicator_id_m876)s, %(date_m876)s, %(value_m876)s), (%(indicator_id_m877)s, %(date_m877)s, %(value_m877)s), (%(indicator_id_m878)s, %(date_m878)s, %(value_m878)s), (%(indicator_id_m879)s, %(date_m879)s, %(value_m879)s), (%(indicator_id_m880)s, %(date_m880)s, %(value_m880)s), (%(indicator_id_m881)s, %(date_m881)s, %(value_m881)s), (%(indicator_id_m882)s, %(date_m882)s, %(value_m882)s), (%(indicator_id_m883)s, %(date_m883)s, %(value_m883)s), (%(indicator_id_m884)s, %(date_m884)s, %(value_m884)s), (%(indicator_id_m885)s, %(date_m885)s, %(value_m885)s), (%(indicator_id_m886)s, %(date_m886)s, %(value_m886)s), (%(indicator_id_m887)s, %(date_m887)s, %(value_m887)s), (%(indicator_id_m888)s, %(date_m888)s, %(value_m888)s), (%(indicator_id_m889)s, %(date_m889)s, %(value_m889)s), (%(indicator_id_m890)s, %(date_m890)s, %(value_m890)s), (%(indicator_id_m891)s, %(date_m891)s, %(value_m891)s), (%(indicator_id_m892)s, %(date_m892)s, %(value_m892)s), (%(indicator_id_m893)s, %(date_m893)s, %(value_m893)s), (%(indicator_id_m894)s, %(date_m894)s, %(value_m894)s), (%(indicator_id_m895)s, %(date_m895)s, %(value_m895)s), (%(indicator_id_m896)s, %(date_m896)s, %(value_m896)s), (%(indicator_id_m897)s, %(date_m897)s, %(value_m897)s), (%(indicator_id_m898)s, %(date_m898)s, %(value_m898)s), (%(indicator_id_m899)s, %(date_m899)s, %(value_m899)s), (%(indicator_id_m900)s, %(date_m900)s, %(value_m900)s), (%(indicator_id_m901)s, %(date_m901)s, %(value_m901)s), (%(indicator_id_m902)s, %(date_m902)s, %(value_m902)s), (%(indicator_id_m903)s, %(date_m903)s, %(value_m903)s), (%(indicator_id_m904)s, %(date_m904)s, %(value_m904)s), (%(indicator_id_m905)s, %(date_m905)s, %(value_m905)s), (%(indicator_id_m906)s, %(date_m906)s, %(value_m906)s), (%(indicator_id_m907)s, %(date_m907)s, %(value_m907)s), (%(indicator_id_m908)s, %(date_m908)s, %(value_m908)s), (%(indicator_id_m909)s, %(date_m909)s, %(value_m909)s), (%(indicator_id_m910)s, %(date_m910)s, %(value_m910)s), (%(indicator_id_m911)s, %(date_m911)s, %(value_m911)s), (%(indicator_id_m912)s, %(date_m912)s, %(value_m912)s), (%(indicator_id_m913)s, %(date_m913)s, %(value_m913)s), (%(indicator_id_m914)s, %(date_m914)s, %(value_m914)s), (%(indicator_id_m915)s, %(date_m915)s, %(value_m915)s), (%(indicator_id_m916)s, %(date_m916)s, %(value_m916)s), (%(indicator_id_m917)s, %(date_m917)s, %(value_m917)s), (%(indicator_id_m918)s, %(date_m918)s, %(value_m918)s), (%(indicator_id_m919)s, %(date_m919)s, %(value_m919)s), (%(indicator_id_m920)s, %(date_m920)s, %(value_m920)s), (%(indicator_id_m921)s, %(date_m921)s, %(value_m921)s), (%(indicator_id_m922)s, %(date_m922)s, %(value_m922)s), (%(indicator_id_m923)s, %(date_m923)s, %(value_m923)s), (%(indicator_id_m924)s, %(date_m924)s, %(value_m924)s), (%(indicator_id_m925)s, %(date_m925)s, %(value_m925)s), (%(indicator_id_m926)s, %(date_m926)s, %(value_m926)s), (%(indicator_id_m927)s, %(date_m927)s, %(value_m927)s), (%(indicator_id_m928)s, %(date_m928)s, %(value_m928)s), (%(indicator_id_m929)s, %(date_m929)s, %(value_m929)s), (%(indicator_id_m930)s, %(date_m930)s, %(value_m930)s), (%(indicator_id_m931)s, %(date_m931)s, %(value_m931)s), (%(indicator_id_m932)s, %(date_m932)s, %(value_m932)s), (%(indicator_id_m933)s, %(date_m933)s, %(value_m933)s), (%(indicator_id_m934)s, %(date_m934)s, %(value_m934)s), (%(indicator_id_m935)s, %(date_m935)s, %(value_m935)s), (%(indicator_id_m936)s, %(date_m936)s, %(value_m936)s), (%(indicator_id_m937)s, %(date_m937)s, %(value_m937)s), (%(indicator_id_m938)s, %(date_m938)s, %(value_m938)s), (%(indicator_id_m939)s, %(date_m939)s, %(value_m939)s), (%(indicator_id_m940)s, %(date_m940)s, %(value_m940)s), (%(indicator_id_m941)s, %(date_m941)s, %(value_m941)s), (%(indicator_id_m942)s, %(date_m942)s, %(value_m942)s), (%(indicator_id_m943)s, %(date_m943)s, %(value_m943)s), (%(indicator_id_m944)s, %(date_m944)s, %(value_m944)s), (%(indicator_id_m945)s, %(date_m945)s, %(value_m945)s), (%(indicator_id_m946)s, %(date_m946)s, %(value_m946)s), (%(indicator_id_m947)s, %(date_m947)s, %(value_m947)s), (%(indicator_id_m948)s, %(date_m948)s, %(value_m948)s), (%(indicator_id_m949)s, %(date_m949)s, %(value_m949)s), (%(indicator_id_m950)s, %(date_m950)s, %(value_m950)s), (%(indicator_id_m951)s, %(date_m951)s, %(value_m951)s), (%(indicator_id_m952)s, %(date_m952)s, %(value_m952)s), (%(indicator_id_m953)s, %(date_m953)s, %(value_m953)s), (%(indicator_id_m954)s, %(date_m954)s, %(value_m954)s), (%(indicator_id_m955)s, %(date_m955)s, %(value_m955)s), (%(indicator_id_m956)s, %(date_m956)s, %(value_m956)s), (%(indicator_id_m957)s, %(date_m957)s, %(value_m957)s), (%(indicator_id_m958)s, %(date_m958)s, %(value_m958)s), (%(indicator_id_m959)s, %(date_m959)s, %(value_m959)s), (%(indicator_id_m960)s, %(date_m960)s, %(value_m960)s), (%(indicator_id_m961)s, %(date_m961)s, %(value_m961)s), (%(indicator_id_m962)s, %(date_m962)s, %(value_m962)s), (%(indicator_id_m963)s, %(date_m963)s, %(value_m963)s), (%(indicator_id_m964)s, %(date_m964)s, %(value_m964)s), (%(indicator_id_m965)s, %(date_m965)s, %(value_m965)s), (%(indicator_id_m966)s, %(date_m966)s, %(value_m966)s), (%(indicator_id_m967)s, %(date_m967)s, %(value_m967)s), (%(indicator_id_m968)s, %(date_m968)s, %(value_m968)s), (%(indicator_id_m969)s, %(date_m969)s, %(value_m969)s), (%(indicator_id_m970)s, %(date_m970)s, %(value_m970)s), (%(indicator_id_m971)s, %(date_m971)s, %(value_m971)s), (%(indicator_id_m972)s, %(date_m972)s, %(value_m972)s), (%(indicator_id_m973)s, %(date_m973)s, %(value_m973)s), (%(indicator_id_m974)s, %(date_m974)s, %(value_m974)s), (%(indicator_id_m975)s, %(date_m975)s, %(value_m975)s), (%(indicator_id_m976)s, %(date_m976)s, %(value_m976)s), (%(indicator_id_m977)s, %(date_m977)s, %(value_m977)s), (%(indicator_id_m978)s, %(date_m978)s, %(value_m978)s), (%(indicator_id_m979)s, %(date_m979)s, %(value_m979)s), (%(indicator_id_m980)s, %(date_m980)s, %(value_m980)s), (%(indicator_id_m981)s, %(date_m981)s, %(value_m981)s), (%(indicator_id_m982)s, %(date_m982)s, %(value_m982)s), (%(indicator_id_m983)s, %(date_m983)s, %(value_m983)s), (%(indicator_id_m984)s, %(date_m984)s, %(value_m984)s), (%(indicator_id_m985)s, %(date_m985)s, %(value_m985)s), (%(indicator_id_m986)s, %(date_m986)s, %(value_m986)s), (%(indicator_id_m987)s, %(date_m987)s, %(value_m987)s), (%(indicator_id_m988)s, %(date_m988)s, %(value_m988)s), (%(indicator_id_m989)s, %(date_m989)s, %(value_m989)s), (%(indicator_id_m990)s, %(date_m990)s, %(value_m990)s), (%(indicator_id_m991)s, %(date_m991)s, %(value_m991)s), (%(indicator_id_m992)s, %(date_m992)s, %(value_m992)s), (%(indicator_id_m993)s, %(date_m993)s, %(value_m993)s), (%(indicator_id_m994)s, %(date_m994)s, %(value_m994)s), (%(indicator_id_m995)s, %(date_m995)s, %(value_m995)s), (%(indicator_id_m996)s, %(date_m996)s, %(value_m996)s), (%(indicator_id_m997)s, %(date_m997)s, %(value_m997)s), (%(indicator_id_m998)s, %(date_m998)s, %(value_m998)s), (%(indicator_id_m999)s, %(date_m999)s, %(value_m999)s), (%(indicator_id_m1000)s, %(date_m1000)s, %(value_m1000)s), (%(indicator_id_m1001)s, %(date_m1001)s, %(value_m1001)s), (%(indicator_id_m1002)s, %(date_m1002)s, %(value_m1002)s), (%(indicator_id_m1003)s, %(date_m1003)s, %(value_m1003)s), (%(indicator_id_m1004)s, %(date_m1004)s, %(value_m1004)s), (%(indicator_id_m1005)s, %(date_m1005)s, %(value_m1005)s), (%(indicator_id_m1006)s, %(date_m1006)s, %(value_m1006)s), (%(indicator_id_m1007)s, %(date_m1007)s, %(value_m1007)s), (%(indicator_id_m1008)s, %(date_m1008)s, %(value_m1008)s), (%(indicator_id_m1009)s, %(date_m1009)s, %(value_m1009)s), (%(indicator_id_m1010)s, %(date_m1010)s, %(value_m1010)s), (%(indicator_id_m1011)s, %(date_m1011)s, %(value_m1011)s), (%(indicator_id_m1012)s, %(date_m1012)s, %(value_m1012)s), (%(indicator_id_m1013)s, %(date_m1013)s, %(value_m1013)s), (%(indicator_id_m1014)s, %(date_m1014)s, %(value_m1014)s), (%(indicator_id_m1015)s, %(date_m1015)s, %(value_m1015)s), (%(indicator_id_m1016)s, %(date_m1016)s, %(value_m1016)s), (%(indicator_id_m1017)s, %(date_m1017)s, %(value_m1017)s), (%(indicator_id_m1018)s, %(date_m1018)s, %(value_m1018)s), (%(indicator_id_m1019)s, %(date_m1019)s, %(value_m1019)s), (%(indicator_id_m1020)s, %(date_m1020)s, %(value_m1020)s), (%(indicator_id_m1021)s, %(date_m1021)s, %(value_m1021)s), (%(indicator_id_m1022)s, %(date_m1022)s, %(value_m1022)s), (%(indicator_id_m1023)s, %(date_m1023)s, %(value_m1023)s), (%(indicator_id_m1024)s, %(date_m1024)s, %(value_m1024)s), (%(indicator_id_m1025)s, %(date_m1025)s, %(value_m1025)s), (%(indicator_id_m1026)s, %(date_m1026)s, %(value_m1026)s), (%(indicator_id_m1027)s, %(date_m1027)s, %(value_m1027)s), (%(indicator_id_m1028)s, %(date_m1028)s, %(value_m1028)s), (%(indicator_id_m1029)s, %(date_m1029)s, %(value_m1029)s), (%(indicator_id_m1030)s, %(date_m1030)s, %(value_m1030)s), (%(indicator_id_m1031)s, %(date_m1031)s, %(value_m1031)s), (%(indicator_id_m1032)s, %(date_m1032)s, %(value_m1032)s), (%(indicator_id_m1033)s, %(date_m1033)s, %(value_m1033)s), (%(indicator_id_m1034)s, %(date_m1034)s, %(value_m1034)s), (%(indicator_id_m1035)s, %(date_m1035)s, %(value_m1035)s), (%(indicator_id_m1036)s, %(date_m1036)s, %(value_m1036)s), (%(indicator_id_m1037)s, %(date_m1037)s, %(value_m1037)s), (%(indicator_id_m1038)s, %(date_m1038)s, %(value_m1038)s), (%(indicator_id_m1039)s, %(date_m1039)s, %(value_m1039)s), (%(indicator_id_m1040)s, %(date_m1040)s, %(value_m1040)s), (%(indicator_id_m1041)s, %(date_m1041)s, %(value_m1041)s), (%(indicator_id_m1042)s, %(date_m1042)s, %(value_m1042)s), (%(indicator_id_m1043)s, %(date_m1043)s, %(value_m1043)s), (%(indicator_id_m1044)s, %(date_m1044)s, %(value_m1044)s), (%(indicator_id_m1045)s, %(date_m1045)s, %(value_m1045)s), (%(indicator_id_m1046)s, %(date_m1046)s, %(value_m1046)s), (%(indicator_id_m1047)s, %(date_m1047)s, %(value_m1047)s), (%(indicator_id_m1048)s, %(date_m1048)s, %(value_m1048)s), (%(indicator_id_m1049)s, %(date_m1049)s, %(value_m1049)s), (%(indicator_id_m1050)s, %(date_m1050)s, %(value_m1050)s), (%(indicator_id_m1051)s, %(date_m1051)s, %(value_m1051)s), (%(indicator_id_m1052)s, %(date_m1052)s, %(value_m1052)s), (%(indicator_id_m1053)s, %(date_m1053)s, %(value_m1053)s), (%(indicator_id_m1054)s, %(date_m1054)s, %(value_m1054)s), (%(indicator_id_m1055)s, %(date_m1055)s, %(value_m1055)s), (%(indicator_id_m1056)s, %(date_m1056)s, %(value_m1056)s), (%(indicator_id_m1057)s, %(date_m1057)s, %(value_m1057)s), (%(indicator_id_m1058)s, %(date_m1058)s, %(value_m1058)s), (%(indicator_id_m1059)s, %(date_m1059)s, %(value_m1059)s), (%(indicator_id_m1060)s, %(date_m1060)s, %(value_m1060)s), (%(indicator_id_m1061)s, %(date_m1061)s, %(value_m1061)s), (%(indicator_id_m1062)s, %(date_m1062)s, %(value_m1062)s), (%(indicator_id_m1063)s, %(date_m1063)s, %(value_m1063)s), (%(indicator_id_m1064)s, %(date_m1064)s, %(value_m1064)s), (%(indicator_id_m1065)s, %(date_m1065)s, %(value_m1065)s), (%(indicator_id_m1066)s, %(date_m1066)s, %(value_m1066)s), (%(indicator_id_m1067)s, %(date_m1067)s, %(value_m1067)s), (%(indicator_id_m1068)s, %(date_m1068)s, %(value_m1068)s), (%(indicator_id_m1069)s, %(date_m1069)s, %(value_m1069)s), (%(indicator_id_m1070)s, %(date_m1070)s, %(value_m1070)s), (%(indicator_id_m1071)s, %(date_m1071)s, %(value_m1071)s), (%(indicator_id_m1072)s, %(date_m1072)s, %(value_m1072)s), (%(indicator_id_m1073)s, %(date_m1073)s, %(value_m1073)s), (%(indicator_id_m1074)s, %(date_m1074)s, %(value_m1074)s), (%(indicator_id_m1075)s, %(date_m1075)s, %(value_m1075)s), (%(indicator_id_m1076)s, %(date_m1076)s, %(value_m1076)s), (%(indicator_id_m1077)s, %(date_m1077)s, %(value_m1077)s), (%(indicator_id_m1078)s, %(date_m1078)s, %(value_m1078)s), (%(indicator_id_m1079)s, %(date_m1079)s, %(value_m1079)s), (%(indicator_id_m1080)s, %(date_m1080)s, %(value_m1080)s), (%(indicator_id_m1081)s, %(date_m1081)s, %(value_m1081)s), (%(indicator_id_m1082)s, %(date_m1082)s, %(value_m1082)s), (%(indicator_id_m1083)s, %(date_m1083)s, %(value_m1083)s), (%(indicator_id_m1084)s, %(date_m1084)s, %(value_m1084)s), (%(indicator_id_m1085)s, %(date_m1085)s, %(value_m1085)s), (%(indicator_id_m1086)s, %(date_m1086)s, %(value_m1086)s), (%(indicator_id_m1087)s, %(date_m1087)s, %(value_m1087)s), (%(indicator_id_m1088)s, %(date_m1088)s, %(value_m1088)s), (%(indicator_id_m1089)s, %(date_m1089)s, %(value_m1089)s), (%(indicator_id_m1090)s, %(date_m1090)s, %(value_m1090)s), (%(indicator_id_m1091)s, %(date_m1091)s, %(value_m1091)s), (%(indicator_id_m1092)s, %(date_m1092)s, %(value_m1092)s), (%(indicator_id_m1093)s, %(date_m1093)s, %(value_m1093)s), (%(indicator_id_m1094)s, %(date_m1094)s, %(value_m1094)s), (%(indicator_id_m1095)s, %(date_m1095)s, %(value_m1095)s), (%(indicator_id_m1096)s, %(date_m1096)s, %(value_m1096)s), (%(indicator_id_m1097)s, %(date_m1097)s, %(value_m1097)s), (%(indicator_id_m1098)s, %(date_m1098)s, %(value_m1098)s), (%(indicator_id_m1099)s, %(date_m1099)s, %(value_m1099)s), (%(indicator_id_m1100)s, %(date_m1100)s, %(value_m1100)s), (%(indicator_id_m1101)s, %(date_m1101)s, %(value_m1101)s), (%(indicator_id_m1102)s, %(date_m1102)s, %(value_m1102)s), (%(indicator_id_m1103)s, %(date_m1103)s, %(value_m1103)s), (%(indicator_id_m1104)s, %(date_m1104)s, %(value_m1104)s), (%(indicator_id_m1105)s, %(date_m1105)s, %(value_m1105)s), (%(indicator_id_m1106)s, %(date_m1106)s, %(value_m1106)s), (%(indicator_id_m1107)s, %(date_m1107)s, %(value_m1107)s), (%(indicator_id_m1108)s, %(date_m1108)s, %(value_m1108)s), (%(indicator_id_m1109)s, %(date_m1109)s, %(value_m1109)s), (%(indicator_id_m1110)s, %(date_m1110)s, %(value_m1110)s), (%(indicator_id_m1111)s, %(date_m1111)s, %(value_m1111)s), (%(indicator_id_m1112)s, %(date_m1112)s, %(value_m1112)s), (%(indicator_id_m1113)s, %(date_m1113)s, %(value_m1113)s), (%(indicator_id_m1114)s, %(date_m1114)s, %(value_m1114)s), (%(indicator_id_m1115)s, %(date_m1115)s, %(value_m1115)s), (%(indicator_id_m1116)s, %(date_m1116)s, %(value_m1116)s), (%(indicator_id_m1117)s, %(date_m1117)s, %(value_m1117)s), (%(indicator_id_m1118)s, %(date_m1118)s, %(value_m1118)s), (%(indicator_id_m1119)s, %(date_m1119)s, %(value_m1119)s), (%(indicator_id_m1120)s, %(date_m1120)s, %(value_m1120)s), (%(indicator_id_m1121)s, %(date_m1121)s, %(value_m1121)s), (%(indicator_id_m1122)s, %(date_m1122)s, %(value_m1122)s), (%(indicator_id_m1123)s, %(date_m1123)s, %(value_m1123)s), (%(indicator_id_m1124)s, %(date_m1124)s, %(value_m1124)s), (%(indicator_id_m1125)s, %(date_m1125)s, %(value_m1125)s), (%(indicator_id_m1126)s, %(date_m1126)s, %(value_m1126)s), (%(indicator_id_m1127)s, %(date_m1127)s, %(value_m1127)s), (%(indicator_id_m1128)s, %(date_m1128)s, %(value_m1128)s), (%(indicator_id_m1129)s, %(date_m1129)s, %(value_m1129)s), (%(indicator_id_m1130)s, %(date_m1130)s, %(value_m1130)s), (%(indicator_id_m1131)s, %(date_m1131)s, %(value_m1131)s), (%(indicator_id_m1132)s, %(date_m1132)s, %(value_m1132)s), (%(indicator_id_m1133)s, %(date_m1133)s, %(value_m1133)s), (%(indicator_id_m1134)s, %(date_m1134)s, %(value_m1134)s), (%(indicator_id_m1135)s, %(date_m1135)s, %(value_m1135)s), (%(indicator_id_m1136)s, %(date_m1136)s, %(value_m1136)s), (%(indicator_id_m1137)s, %(date_m1137)s, %(value_m1137)s), (%(indicator_id_m1138)s, %(date_m1138)s, %(value_m1138)s), (%(indicator_id_m1139)s, %(date_m1139)s, %(value_m1139)s), (%(indicator_id_m1140)s, %(date_m1140)s, %(value_m1140)s), (%(indicator_id_m1141)s, %(date_m1141)s, %(value_m1141)s), (%(indicator_id_m1142)s, %(date_m1142)s, %(value_m1142)s), (%(indicator_id_m1143)s, %(date_m1143)s, %(value_m1143)s), (%(indicator_id_m1144)s, %(date_m1144)s, %(value_m1144)s), (%(indicator_id_m1145)s, %(date_m1145)s, %(value_m1145)s), (%(indicator_id_m1146)s, %(date_m1146)s, %(value_m1146)s), (%(indicator_id_m1147)s, %(date_m1147)s, %(value_m1147)s), (%(indicator_id_m1148)s, %(date_m1148)s, %(value_m1148)s), (%(indicator_id_m1149)s, %(date_m1149)s, %(value_m1149)s), (%(indicator_id_m1150)s, %(date_m1150)s, %(value_m1150)s), (%(indicator_id_m1151)s, %(date_m1151)s, %(value_m1151)s), (%(indicator_id_m1152)s, %(date_m1152)s, %(value_m1152)s), (%(indicator_id_m1153)s, %(date_m1153)s, %(value_m1153)s), (%(indicator_id_m1154)s, %(date_m1154)s, %(value_m1154)s), (%(indicator_id_m1155)s, %(date_m1155)s, %(value_m1155)s), (%(indicator_id_m1156)s, %(date_m1156)s, %(value_m1156)s), (%(indicator_id_m1157)s, %(date_m1157)s, %(value_m1157)s), (%(indicator_id_m1158)s, %(date_m1158)s, %(value_m1158)s), (%(indicator_id_m1159)s, %(date_m1159)s, %(value_m1159)s), (%(indicator_id_m1160)s, %(date_m1160)s, %(value_m1160)s), (%(indicator_id_m1161)s, %(date_m1161)s, %(value_m1161)s), (%(indicator_id_m1162)s, %(date_m1162)s, %(value_m1162)s), (%(indicator_id_m1163)s, %(date_m1163)s, %(value_m1163)s), (%(indicator_id_m1164)s, %(date_m1164)s, %(value_m1164)s), (%(indicator_id_m1165)s, %(date_m1165)s, %(value_m1165)s), (%(indicator_id_m1166)s, %(date_m1166)s, %(value_m1166)s), (%(indicator_id_m1167)s, %(date_m1167)s, %(value_m1167)s), (%(indicator_id_m1168)s, %(date_m1168)s, %(value_m1168)s), (%(indicator_id_m1169)s, %(date_m1169)s, %(value_m1169)s), (%(indicator_id_m1170)s, %(date_m1170)s, %(value_m1170)s), (%(indicator_id_m1171)s, %(date_m1171)s, %(value_m1171)s), (%(indicator_id_m1172)s, %(date_m1172)s, %(value_m1172)s), (%(indicator_id_m1173)s, %(date_m1173)s, %(value_m1173)s), (%(indicator_id_m1174)s, %(date_m1174)s, %(value_m1174)s), (%(indicator_id_m1175)s, %(date_m1175)s, %(value_m1175)s), (%(indicator_id_m1176)s, %(date_m1176)s, %(value_m1176)s), (%(indicator_id_m1177)s, %(date_m1177)s, %(value_m1177)s), (%(indicator_id_m1178)s, %(date_m1178)s, %(value_m1178)s), (%(indicator_id_m1179)s, %(date_m1179)s, %(value_m1179)s), (%(indicator_id_m1180)s, %(date_m1180)s, %(value_m1180)s), (%(indicator_id_m1181)s, %(date_m1181)s, %(value_m1181)s), (%(indicator_id_m1182)s, %(date_m1182)s, %(value_m1182)s), (%(indicator_id_m1183)s, %(date_m1183)s, %(value_m1183)s), (%(indicator_id_m1184)s, %(date_m1184)s, %(value_m1184)s), (%(indicator_id_m1185)s, %(date_m1185)s, %(value_m1185)s), (%(indicator_id_m1186)s, %(date_m1186)s, %(value_m1186)s), (%(indicator_id_m1187)s, %(date_m1187)s, %(value_m1187)s), (%(indicator_id_m1188)s, %(date_m1188)s, %(value_m1188)s), (%(indicator_id_m1189)s, %(date_m1189)s, %(value_m1189)s), (%(indicator_id_m1190)s, %(date_m1190)s, %(value_m1190)s), (%(indicator_id_m1191)s, %(date_m1191)s, %(value_m1191)s), (%(indicator_id_m1192)s, %(date_m1192)s, %(value_m1192)s), (%(indicator_id_m1193)s, %(date_m1193)s, %(value_m1193)s), (%(indicator_id_m1194)s, %(date_m1194)s, %(value_m1194)s), (%(indicator_id_m1195)s, %(date_m1195)s, %(value_m1195)s), (%(indicator_id_m1196)s, %(date_m1196)s, %(value_m1196)s), (%(indicator_id_m1197)s, %(date_m1197)s, %(value_m1197)s), (%(indicator_id_m1198)s, %(date_m1198)s, %(value_m1198)s), (%(indicator_id_m1199)s, %(date_m1199)s, %(value_m1199)s), (%(indicator_id_m1200)s, %(date_m1200)s, %(value_m1200)s), (%(indicator_id_m1201)s, %(date_m1201)s, %(value_m1201)s), (%(indicator_id_m1202)s, %(date_m1202)s, %(value_m1202)s), (%(indicator_id_m1203)s, %(date_m1203)s, %(value_m1203)s), (%(indicator_id_m1204)s, %(date_m1204)s, %(value_m1204)s), (%(indicator_id_m1205)s, %(date_m1205)s, %(value_m1205)s), (%(indicator_id_m1206)s, %(date_m1206)s, %(value_m1206)s), (%(indicator_id_m1207)s, %(date_m1207)s, %(value_m1207)s), (%(indicator_id_m1208)s, %(date_m1208)s, %(value_m1208)s), (%(indicator_id_m1209)s, %(date_m1209)s, %(value_m1209)s), (%(indicator_id_m1210)s, %(date_m1210)s, %(value_m1210)s), (%(indicator_id_m1211)s, %(date_m1211)s, %(value_m1211)s), (%(indicator_id_m1212)s, %(date_m1212)s, %(value_m1212)s), (%(indicator_id_m1213)s, %(date_m1213)s, %(value_m1213)s), (%(indicator_id_m1214)s, %(date_m1214)s, %(value_m1214)s), (%(indicator_id_m1215)s, %(date_m1215)s, %(value_m1215)s), (%(indicator_id_m1216)s, %(date_m1216)s, %(value_m1216)s), (%(indicator_id_m1217)s, %(date_m1217)s, %(value_m1217)s), (%(indicator_id_m1218)s, %(date_m1218)s, %(value_m1218)s), (%(indicator_id_m1219)s, %(date_m1219)s, %(value_m1219)s), (%(indicator_id_m1220)s, %(date_m1220)s, %(value_m1220)s), (%(indicator_id_m1221)s, %(date_m1221)s, %(value_m1221)s), (%(indicator_id_m1222)s, %(date_m1222)s, %(value_m1222)s), (%(indicator_id_m1223)s, %(date_m1223)s, %(value_m1223)s), (%(indicator_id_m1224)s, %(date_m1224)s, %(value_m1224)s), (%(indicator_id_m1225)s, %(date_m1225)s, %(value_m1225)s), (%(indicator_id_m1226)s, %(date_m1226)s, %(value_m1226)s), (%(indicator_id_m1227)s, %(date_m1227)s, %(value_m1227)s), (%(indicator_id_m1228)s, %(date_m1228)s, %(value_m1228)s), (%(indicator_id_m1229)s, %(date_m1229)s, %(value_m1229)s), (%(indicator_id_m1230)s, %(date_m1230)s, %(value_m1230)s), (%(indicator_id_m1231)s, %(date_m1231)s, %(value_m1231)s), (%(indicator_id_m1232)s, %(date_m1232)s, %(value_m1232)s), (%(indicator_id_m1233)s, %(date_m1233)s, %(value_m1233)s), (%(indicator_id_m1234)s, %(date_m1234)s, %(value_m1234)s), (%(indicator_id_m1235)s, %(date_m1235)s, %(value_m1235)s), (%(indicator_id_m1236)s, %(date_m1236)s, %(value_m1236)s), (%(indicator_id_m1237)s, %(date_m1237)s, %(value_m1237)s), (%(indicator_id_m1238)s, %(date_m1238)s, %(value_m1238)s), (%(indicator_id_m1239)s, %(date_m1239)s, %(value_m1239)s), (%(indicator_id_m1240)s, %(date_m1240)s, %(value_m1240)s), (%(indicator_id_m1241)s, %(date_m1241)s, %(value_m1241)s), (%(indicator_id_m1242)s, %(date_m1242)s, %(value_m1242)s), (%(indicator_id_m1243)s, %(date_m1243)s, %(value_m1243)s), (%(indicator_id_m1244)s, %(date_m1244)s, %(value_m1244)s), (%(indicator_id_m1245)s, %(date_m1245)s, %(value_m1245)s), (%(indicator_id_m1246)s, %(date_m1246)s, %(value_m1246)s), (%(indicator_id_m1247)s, %(date_m1247)s, %(value_m1247)s), (%(indicator_id_m1248)s, %(date_m1248)s, %(value_m1248)s), (%(indicator_id_m1249)s, %(date_m1249)s, %(value_m1249)s), (%(indicator_id_m1250)s, %(date_m1250)s, %(value_m1250)s), (%(indicator_id_m1251)s, %(date_m1251)s, %(value_m1251)s), (%(indicator_id_m1252)s, %(date_m1252)s, %(value_m1252)s), (%(indicator_id_m1253)s, %(date_m1253)s, %(value_m1253)s), (%(indicator_id_m1254)s, %(date_m1254)s, %(value_m1254)s), (%(indicator_id_m1255)s, %(date_m1255)s, %(value_m1255)s), (%(indicator_id_m1256)s, %(date_m1256)s, %(value_m1256)s), (%(indicator_id_m1257)s, %(date_m1257)s, %(value_m1257)s), (%(indicator_id_m1258)s, %(date_m1258)s, %(value_m1258)s), (%(indicator_id_m1259)s, %(date_m1259)s, %(value_m1259)s), (%(indicator_id_m1260)s, %(date_m1260)s, %(value_m1260)s), (%(indicator_id_m1261)s, %(date_m1261)s, %(value_m1261)s), (%(indicator_id_m1262)s, %(date_m1262)s, %(value_m1262)s), (%(indicator_id_m1263)s, %(date_m1263)s, %(value_m1263)s), (%(indicator_id_m1264)s, %(date_m1264)s, %(value_m1264)s), (%(indicator_id_m1265)s, %(date_m1265)s, %(value_m1265)s), (%(indicator_id_m1266)s, %(date_m1266)s, %(value_m1266)s), (%(indicator_id_m1267)s, %(date_m1267)s, %(value_m1267)s), (%(indicator_id_m1268)s, %(date_m1268)s, %(value_m1268)s), (%(indicator_id_m1269)s, %(date_m1269)s, %(value_m1269)s), (%(indicator_id_m1270)s, %(date_m1270)s, %(value_m1270)s), (%(indicator_id_m1271)s, %(date_m1271)s, %(value_m1271)s), (%(indicator_id_m1272)s, %(date_m1272)s, %(value_m1272)s), (%(indicator_id_m1273)s, %(date_m1273)s, %(value_m1273)s), (%(indicator_id_m1274)s, %(date_m1274)s, %(value_m1274)s), (%(indicator_id_m1275)s, %(date_m1275)s, %(value_m1275)s), (%(indicator_id_m1276)s, %(date_m1276)s, %(value_m1276)s), (%(indicator_id_m1277)s, %(date_m1277)s, %(value_m1277)s), (%(indicator_id_m1278)s, %(date_m1278)s, %(value_m1278)s), (%(indicator_id_m1279)s, %(date_m1279)s, %(value_m1279)s), (%(indicator_id_m1280)s, %(date_m1280)s, %(value_m1280)s), (%(indicator_id_m1281)s, %(date_m1281)s, %(value_m1281)s), (%(indicator_id_m1282)s, %(date_m1282)s, %(value_m1282)s), (%(indicator_id_m1283)s, %(date_m1283)s, %(value_m1283)s), (%(indicator_id_m1284)s, %(date_m1284)s, %(value_m1284)s), (%(indicator_id_m1285)s, %(date_m1285)s, %(value_m1285)s), (%(indicator_id_m1286)s, %(date_m1286)s, %(value_m1286)s), (%(indicator_id_m1287)s, %(date_m1287)s, %(value_m1287)s), (%(indicator_id_m1288)s, %(date_m1288)s, %(value_m1288)s), (%(indicator_id_m1289)s, %(date_m1289)s, %(value_m1289)s), (%(indicator_id_m1290)s, %(date_m1290)s, %(value_m1290)s), (%(indicator_id_m1291)s, %(date_m1291)s, %(value_m1291)s), (%(indicator_id_m1292)s, %(date_m1292)s, %(value_m1292)s), (%(indicator_id_m1293)s, %(date_m1293)s, %(value_m1293)s), (%(indicator_id_m1294)s, %(date_m1294)s, %(value_m1294)s), (%(indicator_id_m1295)s, %(date_m1295)s, %(value_m1295)s), (%(indicator_id_m1296)s, %(date_m1296)s, %(value_m1296)s), (%(indicator_id_m1297)s, %(date_m1297)s, %(value_m1297)s), (%(indicator_id_m1298)s, %(date_m1298)s, %(value_m1298)s), (%(indicator_id_m1299)s, %(date_m1299)s, %(value_m1299)s), (%(indicator_id_m1300)s, %(date_m1300)s, %(value_m1300)s), (%(indicator_id_m1301)s, %(date_m1301)s, %(value_m1301)s), (%(indicator_id_m1302)s, %(date_m1302)s, %(value_m1302)s), (%(indicator_id_m1303)s, %(date_m1303)s, %(value_m1303)s), (%(indicator_id_m1304)s, %(date_m1304)s, %(value_m1304)s), (%(indicator_id_m1305)s, %(date_m1305)s, %(value_m1305)s), (%(indicator_id_m1306)s, %(date_m1306)s, %(value_m1306)s), (%(indicator_id_m1307)s, %(date_m1307)s, %(value_m1307)s), (%(indicator_id_m1308)s, %(date_m1308)s, %(value_m1308)s), (%(indicator_id_m1309)s, %(date_m1309)s, %(value_m1309)s), (%(indicator_id_m1310)s, %(date_m1310)s, %(value_m1310)s), (%(indicator_id_m1311)s, %(date_m1311)s, %(value_m1311)s), (%(indicator_id_m1312)s, %(date_m1312)s, %(value_m1312)s), (%(indicator_id_m1313)s, %(date_m1313)s, %(value_m1313)s), (%(indicator_id_m1314)s, %(date_m1314)s, %(value_m1314)s), (%(indicator_id_m1315)s, %(date_m1315)s, %(value_m1315)s), (%(indicator_id_m1316)s, %(date_m1316)s, %(value_m1316)s), (%(indicator_id_m1317)s, %(date_m1317)s, %(value_m1317)s), (%(indicator_id_m1318)s, %(date_m1318)s, %(value_m1318)s), (%(indicator_id_m1319)s, %(date_m1319)s, %(value_m1319)s), (%(indicator_id_m1320)s, %(date_m1320)s, %(value_m1320)s), (%(indicator_id_m1321)s, %(date_m1321)s, %(value_m1321)s), (%(indicator_id_m1322)s, %(date_m1322)s, %(value_m1322)s), (%(indicator_id_m1323)s, %(date_m1323)s, %(value_m1323)s), (%(indicator_id_m1324)s, %(date_m1324)s, %(value_m1324)s), (%(indicator_id_m1325)s, %(date_m1325)s, %(value_m1325)s), (%(indicator_id_m1326)s, %(date_m1326)s, %(value_m1326)s), (%(indicator_id_m1327)s, %(date_m1327)s, %(value_m1327)s), (%(indicator_id_m1328)s, %(date_m1328)s, %(value_m1328)s), (%(indicator_id_m1329)s, %(date_m1329)s, %(value_m1329)s), (%(indicator_id_m1330)s, %(date_m1330)s, %(value_m1330)s), (%(indicator_id_m1331)s, %(date_m1331)s, %(value_m1331)s), (%(indicator_id_m1332)s, %(date_m1332)s, %(value_m1332)s), (%(indicator_id_m1333)s, %(date_m1333)s, %(value_m1333)s), (%(indicator_id_m1334)s, %(date_m1334)s, %(value_m1334)s), (%(indicator_id_m1335)s, %(date_m1335)s, %(value_m1335)s), (%(indicator_id_m1336)s, %(date_m1336)s, %(value_m1336)s), (%(indicator_id_m1337)s, %(date_m1337)s, %(value_m1337)s), (%(indicator_id_m1338)s, %(date_m1338)s, %(value_m1338)s), (%(indicator_id_m1339)s, %(date_m1339)s, %(value_m1339)s), (%(indicator_id_m1340)s, %(date_m1340)s, %(value_m1340)s), (%(indicator_id_m1341)s, %(date_m1341)s, %(value_m1341)s), (%(indicator_id_m1342)s, %(date_m1342)s, %(value_m1342)s), (%(indicator_id_m1343)s, %(date_m1343)s, %(value_m1343)s), (%(indicator_id_m1344)s, %(date_m1344)s, %(value_m1344)s), (%(indicator_id_m1345)s, %(date_m1345)s, %(value_m1345)s), (%(indicator_id_m1346)s, %(date_m1346)s, %(value_m1346)s), (%(indicator_id_m1347)s, %(date_m1347)s, %(value_m1347)s), (%(indicator_id_m1348)s, %(date_m1348)s, %(value_m1348)s), (%(indicator_id_m1349)s, %(date_m1349)s, %(value_m1349)s), (%(indicator_id_m1350)s, %(date_m1350)s, %(value_m1350)s), (%(indicator_id_m1351)s, %(date_m1351)s, %(value_m1351)s), (%(indicator_id_m1352)s, %(date_m1352)s, %(value_m1352)s), (%(indicator_id_m1353)s, %(date_m1353)s, %(value_m1353)s), (%(indicator_id_m1354)s, %(date_m1354)s, %(value_m1354)s), (%(indicator_id_m1355)s, %(date_m1355)s, %(value_m1355)s), (%(indicator_id_m1356)s, %(date_m1356)s, %(value_m1356)s), (%(indicator_id_m1357)s, %(date_m1357)s, %(value_m1357)s), (%(indicator_id_m1358)s, %(date_m1358)s, %(value_m1358)s), (%(indicator_id_m1359)s, %(date_m1359)s, %(value_m1359)s), (%(indicator_id_m1360)s, %(date_m1360)s, %(value_m1360)s), (%(indicator_id_m1361)s, %(date_m1361)s, %(value_m1361)s), (%(indicator_id_m1362)s, %(date_m1362)s, %(value_m1362)s), (%(indicator_id_m1363)s, %(date_m1363)s, %(value_m1363)s), (%(indicator_id_m1364)s, %(date_m1364)s, %(value_m1364)s), (%(indicator_id_m1365)s, %(date_m1365)s, %(value_m1365)s), (%(indicator_id_m1366)s, %(date_m1366)s, %(value_m1366)s), (%(indicator_id_m1367)s, %(date_m1367)s, %(value_m1367)s), (%(indicator_id_m1368)s, %(date_m1368)s, %(value_m1368)s), (%(indicator_id_m1369)s, %(date_m1369)s, %(value_m1369)s), (%(indicator_id_m1370)s, %(date_m1370)s, %(value_m1370)s), (%(indicator_id_m1371)s, %(date_m1371)s, %(value_m1371)s), (%(indicator_id_m1372)s, %(date_m1372)s, %(value_m1372)s), (%(indicator_id_m1373)s, %(date_m1373)s, %(value_m1373)s), (%(indicator_id_m1374)s, %(date_m1374)s, %(value_m1374)s), (%(indicator_id_m1375)s, %(date_m1375)s, %(value_m1375)s), (%(indicator_id_m1376)s, %(date_m1376)s, %(value_m1376)s), (%(indicator_id_m1377)s, %(date_m1377)s, %(value_m1377)s), (%(indicator_id_m1378)s, %(date_m1378)s, %(value_m1378)s), (%(indicator_id_m1379)s, %(date_m1379)s, %(value_m1379)s), (%(indicator_id_m1380)s, %(date_m1380)s, %(value_m1380)s), (%(indicator_id_m1381)s, %(date_m1381)s, %(value_m1381)s), (%(indicator_id_m1382)s, %(date_m1382)s, %(value_m1382)s), (%(indicator_id_m1383)s, %(date_m1383)s, %(value_m1383)s), (%(indicator_id_m1384)s, %(date_m1384)s, %(value_m1384)s), (%(indicator_id_m1385)s, %(date_m1385)s, %(value_m1385)s), (%(indicator_id_m1386)s, %(date_m1386)s, %(value_m1386)s), (%(indicator_id_m1387)s, %(date_m1387)s, %(value_m1387)s), (%(indicator_id_m1388)s, %(date_m1388)s, %(value_m1388)s), (%(indicator_id_m1389)s, %(date_m1389)s, %(value_m1389)s), (%(indicator_id_m1390)s, %(date_m1390)s, %(value_m1390)s), (%(indicator_id_m1391)s, %(date_m1391)s, %(value_m1391)s), (%(indicator_id_m1392)s, %(date_m1392)s, %(value_m1392)s), (%(indicator_id_m1393)s, %(date_m1393)s, %(value_m1393)s), (%(indicator_id_m1394)s, %(date_m1394)s, %(value_m1394)s), (%(indicator_id_m1395)s, %(date_m1395)s, %(value_m1395)s), (%(indicator_id_m1396)s, %(date_m1396)s, %(value_m1396)s), (%(indicator_id_m1397)s, %(date_m1397)s, %(value_m1397)s), (%(indicator_id_m1398)s, %(date_m1398)s, %(value_m1398)s), (%(indicator_id_m1399)s, %(date_m1399)s, %(value_m1399)s), (%(indicator_id_m1400)s, %(date_m1400)s, %(value_m1400)s), (%(indicator_id_m1401)s, %(date_m1401)s, %(value_m1401)s), (%(indicator_id_m1402)s, %(date_m1402)s, %(value_m1402)s), (%(indicator_id_m1403)s, %(date_m1403)s, %(value_m1403)s), (%(indicator_id_m1404)s, %(date_m1404)s, %(value_m1404)s), (%(indicator_id_m1405)s, %(date_m1405)s, %(value_m1405)s), (%(indicator_id_m1406)s, %(date_m1406)s, %(value_m1406)s), (%(indicator_id_m1407)s, %(date_m1407)s, %(value_m1407)s), (%(indicator_id_m1408)s, %(date_m1408)s, %(value_m1408)s), (%(indicator_id_m1409)s, %(date_m1409)s, %(value_m1409)s), (%(indicator_id_m1410)s, %(date_m1410)s, %(value_m1410)s), (%(indicator_id_m1411)s, %(date_m1411)s, %(value_m1411)s), (%(indicator_id_m1412)s, %(date_m1412)s, %(value_m1412)s), (%(indicator_id_m1413)s, %(date_m1413)s, %(value_m1413)s), (%(indicator_id_m1414)s, %(date_m1414)s, %(value_m1414)s), (%(indicator_id_m1415)s, %(date_m1415)s, %(value_m1415)s), (%(indicator_id_m1416)s, %(date_m1416)s, %(value_m1416)s), (%(indicator_id_m1417)s, %(date_m1417)s, %(value_m1417)s), (%(indicator_id_m1418)s, %(date_m1418)s, %(value_m1418)s), (%(indicator_id_m1419)s, %(date_m1419)s, %(value_m1419)s), (%(indicator_id_m1420)s, %(date_m1420)s, %(value_m1420)s), (%(indicator_id_m1421)s, %(date_m1421)s, %(value_m1421)s), (%(indicator_id_m1422)s, %(date_m1422)s, %(value_m1422)s), (%(indicator_id_m1423)s, %(date_m1423)s, %(value_m1423)s), (%(indicator_id_m1424)s, %(date_m1424)s, %(value_m1424)s), (%(indicator_id_m1425)s, %(date_m1425)s, %(value_m1425)s), (%(indicator_id_m1426)s, %(date_m1426)s, %(value_m1426)s), (%(indicator_id_m1427)s, %(date_m1427)s, %(value_m1427)s), (%(indicator_id_m1428)s, %(date_m1428)s, %(value_m1428)s), (%(indicator_id_m1429)s, %(date_m1429)s, %(value_m1429)s), (%(indicator_id_m1430)s, %(date_m1430)s, %(value_m1430)s), (%(indicator_id_m1431)s, %(date_m1431)s, %(value_m1431)s), (%(indicator_id_m1432)s, %(date_m1432)s, %(value_m1432)s), (%(indicator_id_m1433)s, %(date_m1433)s, %(value_m1433)s), (%(indicator_id_m1434)s, %(date_m1434)s, %(value_m1434)s), (%(indicator_id_m1435)s, %(date_m1435)s, %(value_m1435)s), (%(indicator_id_m1436)s, %(date_m1436)s, %(value_m1436)s), (%(indicator_id_m1437)s, %(date_m1437)s, %(value_m1437)s), (%(indicator_id_m1438)s, %(date_m1438)s, %(value_m1438)s), (%(indicator_id_m1439)s, %(date_m1439)s, %(value_m1439)s), (%(indicator_id_m1440)s, %(date_m1440)s, %(value_m1440)s), (%(indicator_id_m1441)s, %(date_m1441)s, %(value_m1441)s), (%(indicator_id_m1442)s, %(date_m1442)s, %(value_m1442)s), (%(indicator_id_m1443)s, %(date_m1443)s, %(value_m1443)s), (%(indicator_id_m1444)s, %(date_m1444)s, %(value_m1444)s), (%(indicator_id_m1445)s, %(date_m1445)s, %(value_m1445)s), (%(indicator_id_m1446)s, %(date_m1446)s, %(value_m1446)s), (%(indicator_id_m1447)s, %(date_m1447)s, %(value_m1447)s), (%(indicator_id_m1448)s, %(date_m1448)s, %(value_m1448)s), (%(indicator_id_m1449)s, %(date_m1449)s, %(value_m1449)s), (%(indicator_id_m1450)s, %(date_m1450)s, %(value_m1450)s), (%(indicator_id_m1451)s, %(date_m1451)s, %(value_m1451)s), (%(indicator_id_m1452)s, %(date_m1452)s, %(value_m1452)s), (%(indicator_id_m1453)s, %(date_m1453)s, %(value_m1453)s), (%(indicator_id_m1454)s, %(date_m1454)s, %(value_m1454)s), (%(indicator_id_m1455)s, %(date_m1455)s, %(value_m1455)s), (%(indicator_id_m1456)s, %(date_m1456)s, %(value_m1456)s), (%(indicator_id_m1457)s, %(date_m1457)s, %(value_m1457)s), (%(indicator_id_m1458)s, %(date_m1458)s, %(value_m1458)s), (%(indicator_id_m1459)s, %(date_m1459)s, %(value_m1459)s), (%(indicator_id_m1460)s, %(date_m1460)s, %(value_m1460)s), (%(indicator_id_m1461)s, %(date_m1461)s, %(value_m1461)s), (%(indicator_id_m1462)s, %(date_m1462)s, %(value_m1462)s), (%(indicator_id_m1463)s, %(date_m1463)s, %(value_m1463)s), (%(indicator_id_m1464)s, %(date_m1464)s, %(value_m1464)s), (%(indicator_id_m1465)s, %(date_m1465)s, %(value_m1465)s), (%(indicator_id_m1466)s, %(date_m1466)s, %(value_m1466)s), (%(indicator_id_m1467)s, %(date_m1467)s, %(value_m1467)s), (%(indicator_id_m1468)s, %(date_m1468)s, %(value_m1468)s), (%(indicator_id_m1469)s, %(date_m1469)s, %(value_m1469)s), (%(indicator_id_m1470)s, %(date_m1470)s, %(value_m1470)s), (%(indicator_id_m1471)s, %(date_m1471)s, %(value_m1471)s), (%(indicator_id_m1472)s, %(date_m1472)s, %(value_m1472)s), (%(indicator_id_m1473)s, %(date_m1473)s, %(value_m1473)s), (%(indicator_id_m1474)s, %(date_m1474)s, %(value_m1474)s), (%(indicator_id_m1475)s, %(date_m1475)s, %(value_m1475)s), (%(indicator_id_m1476)s, %(date_m1476)s, %(value_m1476)s), (%(indicator_id_m1477)s, %(date_m1477)s, %(value_m1477)s), (%(indicator_id_m1478)s, %(date_m1478)s, %(value_m1478)s), (%(indicator_id_m1479)s, %(date_m1479)s, %(value_m1479)s), (%(indicator_id_m1480)s, %(date_m1480)s, %(value_m1480)s), (%(indicator_id_m1481)s, %(date_m1481)s, %(value_m1481)s), (%(indicator_id_m1482)s, %(date_m1482)s, %(value_m1482)s), (%(indicator_id_m1483)s, %(date_m1483)s, %(value_m1483)s), (%(indicator_id_m1484)s, %(date_m1484)s, %(value_m1484)s), (%(indicator_id_m1485)s, %(date_m1485)s, %(value_m1485)s), (%(indicator_id_m1486)s, %(date_m1486)s, %(value_m1486)s), (%(indicator_id_m1487)s, %(date_m1487)s, %(value_m1487)s), (%(indicator_id_m1488)s, %(date_m1488)s, %(value_m1488)s), (%(indicator_id_m1489)s, %(date_m1489)s, %(value_m1489)s), (%(indicator_id_m1490)s, %(date_m1490)s, %(value_m1490)s), (%(indicator_id_m1491)s, %(date_m1491)s, %(value_m1491)s), (%(indicator_id_m1492)s, %(date_m1492)s, %(value_m1492)s), (%(indicator_id_m1493)s, %(date_m1493)s, %(value_m1493)s), (%(indicator_id_m1494)s, %(date_m1494)s, %(value_m1494)s), (%(indicator_id_m1495)s, %(date_m1495)s, %(value_m1495)s), (%(indicator_id_m1496)s, %(date_m1496)s, %(value_m1496)s), (%(indicator_id_m1497)s, %(date_m1497)s, %(value_m1497)s), (%(indicator_id_m1498)s, %(date_m1498)s, %(value_m1498)s), (%(indicator_id_m1499)s, %(date_m1499)s, %(value_m1499)s), (%(indicator_id_m1500)s, %(date_m1500)s, %(value_m1500)s), (%(indicator_id_m1501)s, %(date_m1501)s, %(value_m1501)s), (%(indicator_id_m1502)s, %(date_m1502)s, %(value_m1502)s), (%(indicator_id_m1503)s, %(date_m1503)s, %(value_m1503)s), (%(indicator_id_m1504)s, %(date_m1504)s, %(value_m1504)s), (%(indicator_id_m1505)s, %(date_m1505)s, %(value_m1505)s), (%(indicator_id_m1506)s, %(date_m1506)s, %(value_m1506)s), (%(indicator_id_m1507)s, %(date_m1507)s, %(value_m1507)s), (%(indicator_id_m1508)s, %(date_m1508)s, %(value_m1508)s), (%(indicator_id_m1509)s, %(date_m1509)s, %(value_m1509)s), (%(indicator_id_m1510)s, %(date_m1510)s, %(value_m1510)s), (%(indicator_id_m1511)s, %(date_m1511)s, %(value_m1511)s), (%(indicator_id_m1512)s, %(date_m1512)s, %(value_m1512)s), (%(indicator_id_m1513)s, %(date_m1513)s, %(value_m1513)s), (%(indicator_id_m1514)s, %(date_m1514)s, %(value_m1514)s), (%(indicator_id_m1515)s, %(date_m1515)s, %(value_m1515)s), (%(indicator_id_m1516)s, %(date_m1516)s, %(value_m1516)s), (%(indicator_id_m1517)s, %(date_m1517)s, %(value_m1517)s), (%(indicator_id_m1518)s, %(date_m1518)s, %(value_m1518)s), (%(indicator_id_m1519)s, %(date_m1519)s, %(value_m1519)s), (%(indicator_id_m1520)s, %(date_m1520)s, %(value_m1520)s), (%(indicator_id_m1521)s, %(date_m1521)s, %(value_m1521)s), (%(indicator_id_m1522)s, %(date_m1522)s, %(value_m1522)s), (%(indicator_id_m1523)s, %(date_m1523)s, %(value_m1523)s), (%(indicator_id_m1524)s, %(date_m1524)s, %(value_m1524)s), (%(indicator_id_m1525)s, %(date_m1525)s, %(value_m1525)s), (%(indicator_id_m1526)s, %(date_m1526)s, %(value_m1526)s), (%(indicator_id_m1527)s, %(date_m1527)s, %(value_m1527)s), (%(indicator_id_m1528)s, %(date_m1528)s, %(value_m1528)s), (%(indicator_id_m1529)s, %(date_m1529)s, %(value_m1529)s), (%(indicator_id_m1530)s, %(date_m1530)s, %(value_m1530)s), (%(indicator_id_m1531)s, %(date_m1531)s, %(value_m1531)s), (%(indicator_id_m1532)s, %(date_m1532)s, %(value_m1532)s), (%(indicator_id_m1533)s, %(date_m1533)s, %(value_m1533)s), (%(indicator_id_m1534)s, %(date_m1534)s, %(value_m1534)s), (%(indicator_id_m1535)s, %(date_m1535)s, %(value_m1535)s), (%(indicator_id_m1536)s, %(date_m1536)s, %(value_m1536)s), (%(indicator_id_m1537)s, %(date_m1537)s, %(value_m1537)s), (%(indicator_id_m1538)s, %(date_m1538)s, %(value_m1538)s), (%(indicator_id_m1539)s, %(date_m1539)s, %(value_m1539)s), (%(indicator_id_m1540)s, %(date_m1540)s, %(value_m1540)s), (%(indicator_id_m1541)s, %(date_m1541)s, %(value_m1541)s), (%(indicator_id_m1542)s, %(date_m1542)s, %(value_m1542)s), (%(indicator_id_m1543)s, %(date_m1543)s, %(value_m1543)s), (%(indicator_id_m1544)s, %(date_m1544)s, %(value_m1544)s), (%(indicator_id_m1545)s, %(date_m1545)s, %(value_m1545)s), (%(indicator_id_m1546)s, %(date_m1546)s, %(value_m1546)s), (%(indicator_id_m1547)s, %(date_m1547)s, %(value_m1547)s), (%(indicator_id_m1548)s, %(date_m1548)s, %(value_m1548)s), (%(indicator_id_m1549)s, %(date_m1549)s, %(value_m1549)s), (%(indicator_id_m1550)s, %(date_m1550)s, %(value_m1550)s), (%(indicator_id_m1551)s, %(date_m1551)s, %(value_m1551)s), (%(indicator_id_m1552)s, %(date_m1552)s, %(value_m1552)s), (%(indicator_id_m1553)s, %(date_m1553)s, %(value_m1553)s), (%(indicator_id_m1554)s, %(date_m1554)s, %(value_m1554)s), (%(indicator_id_m1555)s, %(date_m1555)s, %(value_m1555)s), (%(indicator_id_m1556)s, %(date_m1556)s, %(value_m1556)s), (%(indicator_id_m1557)s, %(date_m1557)s, %(value_m1557)s), (%(indicator_id_m1558)s, %(date_m1558)s, %(value_m1558)s), (%(indicator_id_m1559)s, %(date_m1559)s, %(value_m1559)s), (%(indicator_id_m1560)s, %(date_m1560)s, %(value_m1560)s), (%(indicator_id_m1561)s, %(date_m1561)s, %(value_m1561)s), (%(indicator_id_m1562)s, %(date_m1562)s, %(value_m1562)s), (%(indicator_id_m1563)s, %(date_m1563)s, %(value_m1563)s), (%(indicator_id_m1564)s, %(date_m1564)s, %(value_m1564)s), (%(indicator_id_m1565)s, %(date_m1565)s, %(value_m1565)s), (%(indicator_id_m1566)s, %(date_m1566)s, %(value_m1566)s), (%(indicator_id_m1567)s, %(date_m1567)s, %(value_m1567)s), (%(indicator_id_m1568)s, %(date_m1568)s, %(value_m1568)s), (%(indicator_id_m1569)s, %(date_m1569)s, %(value_m1569)s), (%(indicator_id_m1570)s, %(date_m1570)s, %(value_m1570)s), (%(indicator_id_m1571)s, %(date_m1571)s, %(value_m1571)s), (%(indicator_id_m1572)s, %(date_m1572)s, %(value_m1572)s), (%(indicator_id_m1573)s, %(date_m1573)s, %(value_m1573)s), (%(indicator_id_m1574)s, %(date_m1574)s, %(value_m1574)s), (%(indicator_id_m1575)s, %(date_m1575)s, %(value_m1575)s), (%(indicator_id_m1576)s, %(date_m1576)s, %(value_m1576)s), (%(indicator_id_m1577)s, %(date_m1577)s, %(value_m1577)s), (%(indicator_id_m1578)s, %(date_m1578)s, %(value_m1578)s), (%(indicator_id_m1579)s, %(date_m1579)s, %(value_m1579)s), (%(indicator_id_m1580)s, %(date_m1580)s, %(value_m1580)s), (%(indicator_id_m1581)s, %(date_m1581)s, %(value_m1581)s), (%(indicator_id_m1582)s, %(date_m1582)s, %(value_m1582)s), (%(indicator_id_m1583)s, %(date_m1583)s, %(value_m1583)s), (%(indicator_id_m1584)s, %(date_m1584)s, %(value_m1584)s), (%(indicator_id_m1585)s, %(date_m1585)s, %(value_m1585)s), (%(indicator_id_m1586)s, %(date_m1586)s, %(value_m1586)s), (%(indicator_id_m1587)s, %(date_m1587)s, %(value_m1587)s), (%(indicator_id_m1588)s, %(date_m1588)s, %(value_m1588)s), (%(indicator_id_m1589)s, %(date_m1589)s, %(value_m1589)s), (%(indicator_id_m1590)s, %(date_m1590)s, %(value_m1590)s), (%(indicator_id_m1591)s, %(date_m1591)s, %(value_m1591)s), (%(indicator_id_m1592)s, %(date_m1592)s, %(value_m1592)s), (%(indicator_id_m1593)s, %(date_m1593)s, %(value_m1593)s), (%(indicator_id_m1594)s, %(date_m1594)s, %(value_m1594)s), (%(indicator_id_m1595)s, %(date_m1595)s, %(value_m1595)s), (%(indicator_id_m1596)s, %(date_m1596)s, %(value_m1596)s), (%(indicator_id_m1597)s, %(date_m1597)s, %(value_m1597)s), (%(indicator_id_m1598)s, %(date_m1598)s, %(value_m1598)s), (%(indicator_id_m1599)s, %(date_m1599)s, %(value_m1599)s), (%(indicator_id_m1600)s, %(date_m1600)s, %(value_m1600)s), (%(indicator_id_m1601)s, %(date_m1601)s, %(value_m1601)s), (%(indicator_id_m1602)s, %(date_m1602)s, %(value_m1602)s), (%(indicator_id_m1603)s, %(date_m1603)s, %(value_m1603)s), (%(indicator_id_m1604)s, %(date_m1604)s, %(value_m1604)s), (%(indicator_id_m1605)s, %(date_m1605)s, %(value_m1605)s), (%(indicator_id_m1606)s, %(date_m1606)s, %(value_m1606)s), (%(indicator_id_m1607)s, %(date_m1607)s, %(value_m1607)s), (%(indicator_id_m1608)s, %(date_m1608)s, %(value_m1608)s), (%(indicator_id_m1609)s, %(date_m1609)s, %(value_m1609)s), (%(indicator_id_m1610)s, %(date_m1610)s, %(value_m1610)s), (%(indicator_id_m1611)s, %(date_m1611)s, %(value_m1611)s), (%(indicator_id_m1612)s, %(date_m1612)s, %(value_m1612)s), (%(indicator_id_m1613)s, %(date_m1613)s, %(value_m1613)s), (%(indicator_id_m1614)s, %(date_m1614)s, %(value_m1614)s), (%(indicator_id_m1615)s, %(date_m1615)s, %(value_m1615)s), (%(indicator_id_m1616)s, %(date_m1616)s, %(value_m1616)s), (%(indicator_id_m1617)s, %(date_m1617)s, %(value_m1617)s), (%(indicator_id_m1618)s, %(date_m1618)s, %(value_m1618)s), (%(indicator_id_m1619)s, %(date_m1619)s, %(value_m1619)s), (%(indicator_id_m1620)s, %(date_m1620)s, %(value_m1620)s), (%(indicator_id_m1621)s, %(date_m1621)s, %(value_m1621)s), (%(indicator_id_m1622)s, %(date_m1622)s, %(value_m1622)s), (%(indicator_id_m1623)s, %(date_m1623)s, %(value_m1623)s), (%(indicator_id_m1624)s, %(date_m1624)s, %(value_m1624)s), (%(indicator_id_m1625)s, %(date_m1625)s, %(value_m1625)s), (%(indicator_id_m1626)s, %(date_m1626)s, %(value_m1626)s), (%(indicator_id_m1627)s, %(date_m1627)s, %(value_m1627)s), (%(indicator_id_m1628)s, %(date_m1628)s, %(value_m1628)s), (%(indicator_id_m1629)s, %(date_m1629)s, %(value_m1629)s), (%(indicator_id_m1630)s, %(date_m1630)s, %(value_m1630)s), (%(indicator_id_m1631)s, %(date_m1631)s, %(value_m1631)s), (%(indicator_id_m1632)s, %(date_m1632)s, %(value_m1632)s), (%(indicator_id_m1633)s, %(date_m1633)s, %(value_m1633)s), (%(indicator_id_m1634)s, %(date_m1634)s, %(value_m1634)s), (%(indicator_id_m1635)s, %(date_m1635)s, %(value_m1635)s), (%(indicator_id_m1636)s, %(date_m1636)s, %(value_m1636)s), (%(indicator_id_m1637)s, %(date_m1637)s, %(value_m1637)s), (%(indicator_id_m1638)s, %(date_m1638)s, %(value_m1638)s), (%(indicator_id_m1639)s, %(date_m1639)s, %(value_m1639)s), (%(indicator_id_m1640)s, %(date_m1640)s, %(value_m1640)s), (%(indicator_id_m1641)s, %(date_m1641)s, %(value_m1641)s), (%(indicator_id_m1642)s, %(date_m1642)s, %(value_m1642)s), (%(indicator_id_m1643)s, %(date_m1643)s, %(value_m1643)s), (%(indicator_id_m1644)s, %(date_m1644)s, %(value_m1644)s), (%(indicator_id_m1645)s, %(date_m1645)s, %(value_m1645)s), (%(indicator_id_m1646)s, %(date_m1646)s, %(value_m1646)s), (%(indicator_id_m1647)s, %(date_m1647)s, %(value_m1647)s), (%(indicator_id_m1648)s, %(date_m1648)s, %(value_m1648)s), (%(indicator_id_m1649)s, %(date_m1649)s, %(value_m1649)s), (%(indicator_id_m1650)s, %(date_m1650)s, %(value_m1650)s), (%(indicator_id_m1651)s, %(date_m1651)s, %(value_m1651)s), (%(indicator_id_m1652)s, %(date_m1652)s, %(value_m1652)s), (%(indicator_id_m1653)s, %(date_m1653)s, %(value_m1653)s), (%(indicator_id_m1654)s, %(date_m1654)s, %(value_m1654)s), (%(indicator_id_m1655)s, %(date_m1655)s, %(value_m1655)s), (%(indicator_id_m1656)s, %(date_m1656)s, %(value_m1656)s), (%(indicator_id_m1657)s, %(date_m1657)s, %(value_m1657)s), (%(indicator_id_m1658)s, %(date_m1658)s, %(value_m1658)s), (%(indicator_id_m1659)s, %(date_m1659)s, %(value_m1659)s), (%(indicator_id_m1660)s, %(date_m1660)s, %(value_m1660)s), (%(indicator_id_m1661)s, %(date_m1661)s, %(value_m1661)s), (%(indicator_id_m1662)s, %(date_m1662)s, %(value_m1662)s), (%(indicator_id_m1663)s, %(date_m1663)s, %(value_m1663)s), (%(indicator_id_m1664)s, %(date_m1664)s, %(value_m1664)s), (%(indicator_id_m1665)s, %(date_m1665)s, %(value_m1665)s), (%(indicator_id_m1666)s, %(date_m1666)s, %(value_m1666)s), (%(indicator_id_m1667)s, %(date_m1667)s, %(value_m1667)s), (%(indicator_id_m1668)s, %(date_m1668)s, %(value_m1668)s), (%(indicator_id_m1669)s, %(date_m1669)s, %(value_m1669)s), (%(indicator_id_m1670)s, %(date_m1670)s, %(value_m1670)s), (%(indicator_id_m1671)s, %(date_m1671)s, %(value_m1671)s), (%(indicator_id_m1672)s, %(date_m1672)s, %(value_m1672)s), (%(indicator_id_m1673)s, %(date_m1673)s, %(value_m1673)s), (%(indicator_id_m1674)s, %(date_m1674)s, %(value_m1674)s), (%(indicator_id_m1675)s, %(date_m1675)s, %(value_m1675)s), (%(indicator_id_m1676)s, %(date_m1676)s, %(value_m1676)s), (%(indicator_id_m1677)s, %(date_m1677)s, %(value_m1677)s), (%(indicator_id_m1678)s, %(date_m1678)s, %(value_m1678)s), (%(indicator_id_m1679)s, %(date_m1679)s, %(value_m1679)s), (%(indicator_id_m1680)s, %(date_m1680)s, %(value_m1680)s), (%(indicator_id_m1681)s, %(date_m1681)s, %(value_m1681)s), (%(indicator_id_m1682)s, %(date_m1682)s, %(value_m1682)s), (%(indicator_id_m1683)s, %(date_m1683)s, %(value_m1683)s), (%(indicator_id_m1684)s, %(date_m1684)s, %(value_m1684)s), (%(indicator_id_m1685)s, %(date_m1685)s, %(value_m1685)s), (%(indicator_id_m1686)s, %(date_m1686)s, %(value_m1686)s), (%(indicator_id_m1687)s, %(date_m1687)s, %(value_m1687)s), (%(indicator_id_m1688)s, %(date_m1688)s, %(value_m1688)s), (%(indicator_id_m1689)s, %(date_m1689)s, %(value_m1689)s), (%(indicator_id_m1690)s, %(date_m1690)s, %(value_m1690)s), (%(indicator_id_m1691)s, %(date_m1691)s, %(value_m1691)s), (%(indicator_id_m1692)s, %(date_m1692)s, %(value_m1692)s), (%(indicator_id_m1693)s, %(date_m1693)s, %(value_m1693)s), (%(indicator_id_m1694)s, %(date_m1694)s, %(value_m1694)s), (%(indicator_id_m1695)s, %(date_m1695)s, %(value_m1695)s), (%(indicator_id_m1696)s, %(date_m1696)s, %(value_m1696)s), (%(indicator_id_m1697)s, %(date_m1697)s, %(value_m1697)s), (%(indicator_id_m1698)s, %(date_m1698)s, %(value_m1698)s), (%(indicator_id_m1699)s, %(date_m1699)s, %(value_m1699)s), (%(indicator_id_m1700)s, %(date_m1700)s, %(value_m1700)s), (%(indicator_id_m1701)s, %(date_m1701)s, %(value_m1701)s), (%(indicator_id_m1702)s, %(date_m1702)s, %(value_m1702)s), (%(indicator_id_m1703)s, %(date_m1703)s, %(value_m1703)s), (%(indicator_id_m1704)s, %(date_m1704)s, %(value_m1704)s), (%(indicator_id_m1705)s, %(date_m1705)s, %(value_m1705)s), (%(indicator_id_m1706)s, %(date_m1706)s, %(value_m1706)s), (%(indicator_id_m1707)s, %(date_m1707)s, %(value_m1707)s), (%(indicator_id_m1708)s, %(date_m1708)s, %(value_m1708)s), (%(indicator_id_m1709)s, %(date_m1709)s, %(value_m1709)s), (%(indicator_id_m1710)s, %(date_m1710)s, %(value_m1710)s), (%(indicator_id_m1711)s, %(date_m1711)s, %(value_m1711)s), (%(indicator_id_m1712)s, %(date_m1712)s, %(value_m1712)s), (%(indicator_id_m1713)s, %(date_m1713)s, %(value_m1713)s), (%(indicator_id_m1714)s, %(date_m1714)s, %(value_m1714)s), (%(indicator_id_m1715)s, %(date_m1715)s, %(value_m1715)s), (%(indicator_id_m1716)s, %(date_m1716)s, %(value_m1716)s), (%(indicator_id_m1717)s, %(date_m1717)s, %(value_m1717)s), (%(indicator_id_m1718)s, %(date_m1718)s, %(value_m1718)s), (%(indicator_id_m1719)s, %(date_m1719)s, %(value_m1719)s), (%(indicator_id_m1720)s, %(date_m1720)s, %(value_m1720)s), (%(indicator_id_m1721)s, %(date_m1721)s, %(value_m1721)s), (%(indicator_id_m1722)s, %(date_m1722)s, %(value_m1722)s), (%(indicator_id_m1723)s, %(date_m1723)s, %(value_m1723)s), (%(indicator_id_m1724)s, %(date_m1724)s, %(value_m1724)s), (%(indicator_id_m1725)s, %(date_m1725)s, %(value_m1725)s), (%(indicator_id_m1726)s, %(date_m1726)s, %(value_m1726)s), (%(indicator_id_m1727)s, %(date_m1727)s, %(value_m1727)s), (%(indicator_id_m1728)s, %(date_m1728)s, %(value_m1728)s), (%(indicator_id_m1729)s, %(date_m1729)s, %(value_m1729)s), (%(indicator_id_m1730)s, %(date_m1730)s, %(value_m1730)s), (%(indicator_id_m1731)s, %(date_m1731)s, %(value_m1731)s), (%(indicator_id_m1732)s, %(date_m1732)s, %(value_m1732)s), (%(indicator_id_m1733)s, %(date_m1733)s, %(value_m1733)s), (%(indicator_id_m1734)s, %(date_m1734)s, %(value_m1734)s), (%(indicator_id_m1735)s, %(date_m1735)s, %(value_m1735)s), (%(indicator_id_m1736)s, %(date_m1736)s, %(value_m1736)s), (%(indicator_id_m1737)s, %(date_m1737)s, %(value_m1737)s), (%(indicator_id_m1738)s, %(date_m1738)s, %(value_m1738)s), (%(indicator_id_m1739)s, %(date_m1739)s, %(value_m1739)s), (%(indicator_id_m1740)s, %(date_m1740)s, %(value_m1740)s), (%(indicator_id_m1741)s, %(date_m1741)s, %(value_m1741)s), (%(indicator_id_m1742)s, %(date_m1742)s, %(value_m1742)s), (%(indicator_id_m1743)s, %(date_m1743)s, %(value_m1743)s), (%(indicator_id_m1744)s, %(date_m1744)s, %(value_m1744)s), (%(indicator_id_m1745)s, %(date_m1745)s, %(value_m1745)s), (%(indicator_id_m1746)s, %(date_m1746)s, %(value_m1746)s), (%(indicator_id_m1747)s, %(date_m1747)s, %(value_m1747)s), (%(indicator_id_m1748)s, %(date_m1748)s, %(value_m1748)s), (%(indicator_id_m1749)s, %(date_m1749)s, %(value_m1749)s), (%(indicator_id_m1750)s, %(date_m1750)s, %(value_m1750)s), (%(indicator_id_m1751)s, %(date_m1751)s, %(value_m1751)s), (%(indicator_id_m1752)s, %(date_m1752)s, %(value_m1752)s), (%(indicator_id_m1753)s, %(date_m1753)s, %(value_m1753)s), (%(indicator_id_m1754)s, %(date_m1754)s, %(value_m1754)s), (%(indicator_id_m1755)s, %(date_m1755)s, %(value_m1755)s), (%(indicator_id_m1756)s, %(date_m1756)s, %(value_m1756)s), (%(indicator_id_m1757)s, %(date_m1757)s, %(value_m1757)s), (%(indicator_id_m1758)s, %(date_m1758)s, %(value_m1758)s), (%(indicator_id_m1759)s, %(date_m1759)s, %(value_m1759)s), (%(indicator_id_m1760)s, %(date_m1760)s, %(value_m1760)s), (%(indicator_id_m1761)s, %(date_m1761)s, %(value_m1761)s), (%(indicator_id_m1762)s, %(date_m1762)s, %(value_m1762)s), (%(indicator_id_m1763)s, %(date_m1763)s, %(value_m1763)s), (%(indicator_id_m1764)s, %(date_m1764)s, %(value_m1764)s), (%(indicator_id_m1765)s, %(date_m1765)s, %(value_m1765)s), (%(indicator_id_m1766)s, %(date_m1766)s, %(value_m1766)s), (%(indicator_id_m1767)s, %(date_m1767)s, %(value_m1767)s), (%(indicator_id_m1768)s, %(date_m1768)s, %(value_m1768)s), (%(indicator_id_m1769)s, %(date_m1769)s, %(value_m1769)s), (%(indicator_id_m1770)s, %(date_m1770)s, %(value_m1770)s), (%(indicator_id_m1771)s, %(date_m1771)s, %(value_m1771)s), (%(indicator_id_m1772)s, %(date_m1772)s, %(value_m1772)s), (%(indicator_id_m1773)s, %(date_m1773)s, %(value_m1773)s), (%(indicator_id_m1774)s, %(date_m1774)s, %(value_m1774)s), (%(indicator_id_m1775)s, %(date_m1775)s, %(value_m1775)s), (%(indicator_id_m1776)s, %(date_m1776)s, %(value_m1776)s), (%(indicator_id_m1777)s, %(date_m1777)s, %(value_m1777)s), (%(indicator_id_m1778)s, %(date_m1778)s, %(value_m1778)s), (%(indicator_id_m1779)s, %(date_m1779)s, %(value_m1779)s), (%(indicator_id_m1780)s, %(date_m1780)s, %(value_m1780)s), (%(indicator_id_m1781)s, %(date_m1781)s, %(value_m1781)s), (%(indicator_id_m1782)s, %(date_m1782)s, %(value_m1782)s), (%(indicator_id_m1783)s, %(date_m1783)s, %(value_m1783)s), (%(indicator_id_m1784)s, %(date_m1784)s, %(value_m1784)s), (%(indicator_id_m1785)s, %(date_m1785)s, %(value_m1785)s), (%(indicator_id_m1786)s, %(date_m1786)s, %(value_m1786)s), (%(indicator_id_m1787)s, %(date_m1787)s, %(value_m1787)s), (%(indicator_id_m1788)s, %(date_m1788)s, %(value_m1788)s), (%(indicator_id_m1789)s, %(date_m1789)s, %(value_m1789)s), (%(indicator_id_m1790)s, %(date_m1790)s, %(value_m1790)s), (%(indicator_id_m1791)s, %(date_m1791)s, %(value_m1791)s), (%(indicator_id_m1792)s, %(date_m1792)s, %(value_m1792)s), (%(indicator_id_m1793)s, %(date_m1793)s, %(value_m1793)s) ON CONFLICT (indicator_id, date) DO NOTHING]
[parameters: {'indicator_id_m0': 'kr.cpi.headline.m', 'date_m0': '2020-01-01', 'value_m0': 100.09, 'indicator_id_m1': 'kr.cpi.headline.m', 'date_m1': '2020-02-01', 'value_m1': 100.16, 'indicator_id_m2': 'kr.cpi.headline.m', 'date_m2': '2020-03-01', 'value_m2': 99.94, 'indicator_id_m3': 'kr.cpi.headline.m', 'date_m3': '2020-04-01', 'value_m3': 99.5, 'indicator_id_m4': 'kr.cpi.headline.m', 'date_m4': '2020-05-01', 'value_m4': 99.44, 'indicator_id_m5': 'kr.cpi.headline.m', 'date_m5': '2020-06-01', 'value_m5': 99.71, 'indicator_id_m6': 'kr.cpi.headline.m', 'date_m6': '2020-07-01', 'value_m6': 99.63, 'indicator_id_m7': 'kr.cpi.headline.m', 'date_m7': '2020-08-01', 'value_m7': 100.19, 'indicator_id_m8': 'kr.cpi.headline.m', 'date_m8': '2020-09-01', 'value_m8': 100.74, 'indicator_id_m9': 'kr.cpi.headline.m', 'date_m9': '2020-10-01', 'value_m9': 100.18, 'indicator_id_m10': 'kr.cpi.headline.m', 'date_m10': '2020-11-01', 'value_m10': 100.09, 'indicator_id_m11': 'kr.cpi.headline.m', 'date_m11': '2020-12-01', 'value_m11': 100.33, 'indicator_id_m12': 'kr.cpi.headline.m', 'date_m12': '2021-01-01', 'value_m12': 101.04, 'indicator_id_m13': 'kr.cpi.headline.m', 'date_m13': '2021-02-01', 'value_m13': 101.58, 'indicator_id_m14': 'kr.cpi.headline.m', 'date_m14': '2021-03-01', 'value_m14': 101.84, 'indicator_id_m15': 'kr.cpi.headline.m', 'date_m15': '2021-04-01', 'value_m15': 101.98, 'indicator_id_m16': 'kr.cpi.headline.m', 'date_m16': '2021-05-01' ... 5282 parameters truncated ... 'date_m1777': '2025-08-06', 'value_m1777': 3198.14, 'indicator_id_m1778': 'kr.kospi.d', 'date_m1778': '2025-08-07', 'value_m1778': 3227.68, 'indicator_id_m1779': 'kr.kospi.d', 'date_m1779': '2025-08-08', 'value_m1779': 3210.01, 'indicator_id_m1780': 'kr.kospi.d', 'date_m1780': '2025-08-11', 'value_m1780': 3206.77, 'indicator_id_m1781': 'kr.kospi.d', 'date_m1781': '2025-08-12', 'value_m1781': 3189.91, 'indicator_id_m1782': 'kr.kospi.d', 'date_m1782': '2025-08-13', 'value_m1782': 3224.37, 'indicator_id_m1783': 'kr.kospi.d', 'date_m1783': '2025-08-14', 'value_m1783': 3225.66, 'indicator_id_m1784': 'kr.kospi.d', 'date_m1784': '2025-08-18', 'value_m1784': 3177.28, 'indicator_id_m1785': 'kr.kospi.d', 'date_m1785': '2025-08-19', 'value_m1785': 3151.56, 'indicator_id_m1786': 'kr.kospi.d', 'date_m1786': '2025-08-20', 'value_m1786': 3130.09, 'indicator_id_m1787': 'kr.kospi.d', 'date_m1787': '2025-08-21', 'value_m1787': 3141.74, 'indicator_id_m1788': 'kr.kospi.d', 'date_m1788': '2025-08-22', 'value_m1788': 3168.73, 'indicator_id_m1789': 'kr.kospi.d', 'date_m1789': '2025-08-25', 'value_m1789': 3209.86, 'indicator_id_m1790': 'kr.kospi.d', 'date_m1790': '2025-08-26', 'value_m1790': 3179.36, 'indicator_id_m1791': 'kr.kospi.d', 'date_m1791': '2025-08-27', 'value_m1791': 3187.16, 'indicator_id_m1792': 'kr.kospi.d', 'date_m1792': '2025-08-28', 'value_m1792': 3196.32, 'indicator_id_m1793': 'kr.kospi.d', 'date_m1793': '2025-08-29', 'value_m1793': 3186.01}]
(Background on this error at: https://sqlalche.me/e/20/gkpj)
Traceback (most recent call last):
  File "/home/asd1702/fin_sight_server/.venv/lib/python3.10/site-packages/sqlalchemy/engine/base.py", line 1967, in _exec_single_context
    self.dialect.do_execute(
  File "/home/asd1702/fin_sight_server/.venv/lib/python3.10/site-packages/sqlalchemy/engine/default.py", line 951, in do_execute
    cursor.execute(statement, parameters)
psycopg2.errors.ForeignKeyViolation: insert or update on table "observations" violates foreign key constraint "observations_indicator_id_fkey"
DETAIL:  Key (indicator_id)=(kr.cpi.core.m) is not present in table "indicators".


The above exception was the direct cause of the following exception:

Traceback (most recent call last):
  File "/home/asd1702/fin_sight_server/scripts/seed_statistics.py", line 88, in seed_statistics_data
    db.execute(stmt)
  File "/home/asd1702/fin_sight_server/.venv/lib/python3.10/site-packages/sqlalchemy/orm/session.py", line 2365, in execute
    return self._execute_internal(
  File "/home/asd1702/fin_sight_server/.venv/lib/python3.10/site-packages/sqlalchemy/orm/session.py", line 2251, in _execute_internal
    result: Result[Any] = compile_state_cls.orm_execute_statement(
  File "/home/asd1702/fin_sight_server/.venv/lib/python3.10/site-packages/sqlalchemy/orm/bulk_persistence.py", line 1306, in orm_execute_statement
    result = conn.execute(
  File "/home/asd1702/fin_sight_server/.venv/lib/python3.10/site-packages/sqlalchemy/engine/base.py", line 1419, in execute
    return meth(
  File "/home/asd1702/fin_sight_server/.venv/lib/python3.10/site-packages/sqlalchemy/sql/elements.py", line 526, in _execute_on_connection
    return connection._execute_clauseelement(
  File "/home/asd1702/fin_sight_server/.venv/lib/python3.10/site-packages/sqlalchemy/engine/base.py", line 1641, in _execute_clauseelement
    ret = self._execute_context(
  File "/home/asd1702/fin_sight_server/.venv/lib/python3.10/site-packages/sqlalchemy/engine/base.py", line 1846, in _execute_context
    return self._exec_single_context(
  File "/home/asd1702/fin_sight_server/.venv/lib/python3.10/site-packages/sqlalchemy/engine/base.py", line 1986, in _exec_single_context
    self._handle_dbapi_exception(
  File "/home/asd1702/fin_sight_server/.venv/lib/python3.10/site-packages/sqlalchemy/engine/base.py", line 2355, in _handle_dbapi_exception
    raise sqlalchemy_exception.with_traceback(exc_info[2]) from e
  File "/home/asd1702/fin_sight_server/.venv/lib/python3.10/site-packages/sqlalchemy/engine/base.py", line 1967, in _exec_single_context
    self.dialect.do_execute(
  File "/home/asd1702/fin_sight_server/.venv/lib/python3.10/site-packages/sqlalchemy/engine/default.py", line 951, in do_execute
    cursor.execute(statement, parameters)
sqlalchemy.exc.IntegrityError: (psycopg2.errors.ForeignKeyViolation) insert or update on table "observations" violates foreign key constraint "observations_indicator_id_fkey"
DETAIL:  Key (indicator_id)=(kr.cpi.core.m) is not present in table "indicators".

[SQL: INSERT INTO statistics.observations (indicator_id, date, value) VALUES (%(indicator_id_m0)s, %(date_m0)s, %(value_m0)s), (%(indicator_id_m1)s, %(date_m1)s, %(value_m1)s), (%(indicator_id_m2)s, %(date_m2)s, %(value_m2)s), (%(indicator_id_m3)s, %(date_m3)s, %(value_m3)s), (%(indicator_id_m4)s, %(date_m4)s, %(value_m4)s), (%(indicator_id_m5)s, %(date_m5)s, %(value_m5)s), (%(indicator_id_m6)s, %(date_m6)s, %(value_m6)s), (%(indicator_id_m7)s, %(date_m7)s, %(value_m7)s), (%(indicator_id_m8)s, %(date_m8)s, %(value_m8)s), (%(indicator_id_m9)s, %(date_m9)s, %(value_m9)s), (%(indicator_id_m10)s, %(date_m10)s, %(value_m10)s), (%(indicator_id_m11)s, %(date_m11)s, %(value_m11)s), (%(indicator_id_m12)s, %(date_m12)s, %(value_m12)s), (%(indicator_id_m13)s, %(date_m13)s, %(value_m13)s), (%(indicator_id_m14)s, %(date_m14)s, %(value_m14)s), (%(indicator_id_m15)s, %(date_m15)s, %(value_m15)s), (%(indicator_id_m16)s, %(date_m16)s, %(value_m16)s), (%(indicator_id_m17)s, %(date_m17)s, %(value_m17)s), (%(indicator_id_m18)s, %(date_m18)s, %(value_m18)s), (%(indicator_id_m19)s, %(date_m19)s, %(value_m19)s), (%(indicator_id_m20)s, %(date_m20)s, %(value_m20)s), (%(indicator_id_m21)s, %(date_m21)s, %(value_m21)s), (%(indicator_id_m22)s, %(date_m22)s, %(value_m22)s), (%(indicator_id_m23)s, %(date_m23)s, %(value_m23)s), (%(indicator_id_m24)s, %(date_m24)s, %(value_m24)s), (%(indicator_id_m25)s, %(date_m25)s, %(value_m25)s), (%(indicator_id_m26)s, %(date_m26)s, %(value_m26)s), (%(indicator_id_m27)s, %(date_m27)s, %(value_m27)s), (%(indicator_id_m28)s, %(date_m28)s, %(value_m28)s), (%(indicator_id_m29)s, %(date_m29)s, %(value_m29)s), (%(indicator_id_m30)s, %(date_m30)s, %(value_m30)s), (%(indicator_id_m31)s, %(date_m31)s, %(value_m31)s), (%(indicator_id_m32)s, %(date_m32)s, %(value_m32)s), (%(indicator_id_m33)s, %(date_m33)s, %(value_m33)s), (%(indicator_id_m34)s, %(date_m34)s, %(value_m34)s), (%(indicator_id_m35)s, %(date_m35)s, %(value_m35)s), (%(indicator_id_m36)s, %(date_m36)s, %(value_m36)s), (%(indicator_id_m37)s, %(date_m37)s, %(value_m37)s), (%(indicator_id_m38)s, %(date_m38)s, %(value_m38)s), (%(indicator_id_m39)s, %(date_m39)s, %(value_m39)s), (%(indicator_id_m40)s, %(date_m40)s, %(value_m40)s), (%(indicator_id_m41)s, %(date_m41)s, %(value_m41)s), (%(indicator_id_m42)s, %(date_m42)s, %(value_m42)s), (%(indicator_id_m43)s, %(date_m43)s, %(value_m43)s), (%(indicator_id_m44)s, %(date_m44)s, %(value_m44)s), (%(indicator_id_m45)s, %(date_m45)s, %(value_m45)s), (%(indicator_id_m46)s, %(date_m46)s, %(value_m46)s), (%(indicator_id_m47)s, %(date_m47)s, %(value_m47)s), (%(indicator_id_m48)s, %(date_m48)s, %(value_m48)s), (%(indicator_id_m49)s, %(date_m49)s, %(value_m49)s), (%(indicator_id_m50)s, %(date_m50)s, %(value_m50)s), (%(indicator_id_m51)s, %(date_m51)s, %(value_m51)s), (%(indicator_id_m52)s, %(date_m52)s, %(value_m52)s), (%(indicator_id_m53)s, %(date_m53)s, %(value_m53)s), (%(indicator_id_m54)s, %(date_m54)s, %(value_m54)s), (%(indicator_id_m55)s, %(date_m55)s, %(value_m55)s), (%(indicator_id_m56)s, %(date_m56)s, %(value_m56)s), (%(indicator_id_m57)s, %(date_m57)s, %(value_m57)s), (%(indicator_id_m58)s, %(date_m58)s, %(value_m58)s), (%(indicator_id_m59)s, %(date_m59)s, %(value_m59)s), (%(indicator_id_m60)s, %(date_m60)s, %(value_m60)s), (%(indicator_id_m61)s, %(date_m61)s, %(value_m61)s), (%(indicator_id_m62)s, %(date_m62)s, %(value_m62)s), (%(indicator_id_m63)s, %(date_m63)s, %(value_m63)s), (%(indicator_id_m64)s, %(date_m64)s, %(value_m64)s), (%(indicator_id_m65)s, %(date_m65)s, %(value_m65)s), (%(indicator_id_m66)s, %(date_m66)s, %(value_m66)s), (%(indicator_id_m67)s, %(date_m67)s, %(value_m67)s), (%(indicator_id_m68)s, %(date_m68)s, %(value_m68)s), (%(indicator_id_m69)s, %(date_m69)s, %(value_m69)s), (%(indicator_id_m70)s, %(date_m70)s, %(value_m70)s), (%(indicator_id_m71)s, %(date_m71)s, %(value_m71)s), (%(indicator_id_m72)s, %(date_m72)s, %(value_m72)s), (%(indicator_id_m73)s, %(date_m73)s, %(value_m73)s), (%(indicator_id_m74)s, %(date_m74)s, %(value_m74)s), (%(indicator_id_m75)s, %(date_m75)s, %(value_m75)s), (%(indicator_id_m76)s, %(date_m76)s, %(value_m76)s), (%(indicator_id_m77)s, %(date_m77)s, %(value_m77)s), (%(indicator_id_m78)s, %(date_m78)s, %(value_m78)s), (%(indicator_id_m79)s, %(date_m79)s, %(value_m79)s), (%(indicator_id_m80)s, %(date_m80)s, %(value_m80)s), (%(indicator_id_m81)s, %(date_m81)s, %(value_m81)s), (%(indicator_id_m82)s, %(date_m82)s, %(value_m82)s), (%(indicator_id_m83)s, %(date_m83)s, %(value_m83)s), (%(indicator_id_m84)s, %(date_m84)s, %(value_m84)s), (%(indicator_id_m85)s, %(date_m85)s, %(value_m85)s), (%(indicator_id_m86)s, %(date_m86)s, %(value_m86)s), (%(indicator_id_m87)s, %(date_m87)s, %(value_m87)s), (%(indicator_id_m88)s, %(date_m88)s, %(value_m88)s), (%(indicator_id_m89)s, %(date_m89)s, %(value_m89)s), (%(indicator_id_m90)s, %(date_m90)s, %(value_m90)s), (%(indicator_id_m91)s, %(date_m91)s, %(value_m91)s), (%(indicator_id_m92)s, %(date_m92)s, %(value_m92)s), (%(indicator_id_m93)s, %(date_m93)s, %(value_m93)s), (%(indicator_id_m94)s, %(date_m94)s, %(value_m94)s), (%(indicator_id_m95)s, %(date_m95)s, %(value_m95)s), (%(indicator_id_m96)s, %(date_m96)s, %(value_m96)s), (%(indicator_id_m97)s, %(date_m97)s, %(value_m97)s), (%(indicator_id_m98)s, %(date_m98)s, %(value_m98)s), (%(indicator_id_m99)s, %(date_m99)s, %(value_m99)s), (%(indicator_id_m100)s, %(date_m100)s, %(value_m100)s), (%(indicator_id_m101)s, %(date_m101)s, %(value_m101)s), (%(indicator_id_m102)s, %(date_m102)s, %(value_m102)s), (%(indicator_id_m103)s, %(date_m103)s, %(value_m103)s), (%(indicator_id_m104)s, %(date_m104)s, %(value_m104)s), (%(indicator_id_m105)s, %(date_m105)s, %(value_m105)s), (%(indicator_id_m106)s, %(date_m106)s, %(value_m106)s), (%(indicator_id_m107)s, %(date_m107)s, %(value_m107)s), (%(indicator_id_m108)s, %(date_m108)s, %(value_m108)s), (%(indicator_id_m109)s, %(date_m109)s, %(value_m109)s), (%(indicator_id_m110)s, %(date_m110)s, %(value_m110)s), (%(indicator_id_m111)s, %(date_m111)s, %(value_m111)s), (%(indicator_id_m112)s, %(date_m112)s, %(value_m112)s), (%(indicator_id_m113)s, %(date_m113)s, %(value_m113)s), (%(indicator_id_m114)s, %(date_m114)s, %(value_m114)s), (%(indicator_id_m115)s, %(date_m115)s, %(value_m115)s), (%(indicator_id_m116)s, %(date_m116)s, %(value_m116)s), (%(indicator_id_m117)s, %(date_m117)s, %(value_m117)s), (%(indicator_id_m118)s, %(date_m118)s, %(value_m118)s), (%(indicator_id_m119)s, %(date_m119)s, %(value_m119)s), (%(indicator_id_m120)s, %(date_m120)s, %(value_m120)s), (%(indicator_id_m121)s, %(date_m121)s, %(value_m121)s), (%(indicator_id_m122)s, %(date_m122)s, %(value_m122)s), (%(indicator_id_m123)s, %(date_m123)s, %(value_m123)s), (%(indicator_id_m124)s, %(date_m124)s, %(value_m124)s), (%(indicator_id_m125)s, %(date_m125)s, %(value_m125)s), (%(indicator_id_m126)s, %(date_m126)s, %(value_m126)s), (%(indicator_id_m127)s, %(date_m127)s, %(value_m127)s), (%(indicator_id_m128)s, %(date_m128)s, %(value_m128)s), (%(indicator_id_m129)s, %(date_m129)s, %(value_m129)s), (%(indicator_id_m130)s, %(date_m130)s, %(value_m130)s), (%(indicator_id_m131)s, %(date_m131)s, %(value_m131)s), (%(indicator_id_m132)s, %(date_m132)s, %(value_m132)s), (%(indicator_id_m133)s, %(date_m133)s, %(value_m133)s), (%(indicator_id_m134)s, %(date_m134)s, %(value_m134)s), (%(indicator_id_m135)s, %(date_m135)s, %(value_m135)s), (%(indicator_id_m136)s, %(date_m136)s, %(value_m136)s), (%(indicator_id_m137)s, %(date_m137)s, %(value_m137)s), (%(indicator_id_m138)s, %(date_m138)s, %(value_m138)s), (%(indicator_id_m139)s, %(date_m139)s, %(value_m139)s), (%(indicator_id_m140)s, %(date_m140)s, %(value_m140)s), (%(indicator_id_m141)s, %(date_m141)s, %(value_m141)s), (%(indicator_id_m142)s, %(date_m142)s, %(value_m142)s), (%(indicator_id_m143)s, %(date_m143)s, %(value_m143)s), (%(indicator_id_m144)s, %(date_m144)s, %(value_m144)s), (%(indicator_id_m145)s, %(date_m145)s, %(value_m145)s), (%(indicator_id_m146)s, %(date_m146)s, %(value_m146)s), (%(indicator_id_m147)s, %(date_m147)s, %(value_m147)s), (%(indicator_id_m148)s, %(date_m148)s, %(value_m148)s), (%(indicator_id_m149)s, %(date_m149)s, %(value_m149)s), (%(indicator_id_m150)s, %(date_m150)s, %(value_m150)s), (%(indicator_id_m151)s, %(date_m151)s, %(value_m151)s), (%(indicator_id_m152)s, %(date_m152)s, %(value_m152)s), (%(indicator_id_m153)s, %(date_m153)s, %(value_m153)s), (%(indicator_id_m154)s, %(date_m154)s, %(value_m154)s), (%(indicator_id_m155)s, %(date_m155)s, %(value_m155)s), (%(indicator_id_m156)s, %(date_m156)s, %(value_m156)s), (%(indicator_id_m157)s, %(date_m157)s, %(value_m157)s), (%(indicator_id_m158)s, %(date_m158)s, %(value_m158)s), (%(indicator_id_m159)s, %(date_m159)s, %(value_m159)s), (%(indicator_id_m160)s, %(date_m160)s, %(value_m160)s), (%(indicator_id_m161)s, %(date_m161)s, %(value_m161)s), (%(indicator_id_m162)s, %(date_m162)s, %(value_m162)s), (%(indicator_id_m163)s, %(date_m163)s, %(value_m163)s), (%(indicator_id_m164)s, %(date_m164)s, %(value_m164)s), (%(indicator_id_m165)s, %(date_m165)s, %(value_m165)s), (%(indicator_id_m166)s, %(date_m166)s, %(value_m166)s), (%(indicator_id_m167)s, %(date_m167)s, %(value_m167)s), (%(indicator_id_m168)s, %(date_m168)s, %(value_m168)s), (%(indicator_id_m169)s, %(date_m169)s, %(value_m169)s), (%(indicator_id_m170)s, %(date_m170)s, %(value_m170)s), (%(indicator_id_m171)s, %(date_m171)s, %(value_m171)s), (%(indicator_id_m172)s, %(date_m172)s, %(value_m172)s), (%(indicator_id_m173)s, %(date_m173)s, %(value_m173)s), (%(indicator_id_m174)s, %(date_m174)s, %(value_m174)s), (%(indicator_id_m175)s, %(date_m175)s, %(value_m175)s), (%(indicator_id_m176)s, %(date_m176)s, %(value_m176)s), (%(indicator_id_m177)s, %(date_m177)s, %(value_m177)s), (%(indicator_id_m178)s, %(date_m178)s, %(value_m178)s), (%(indicator_id_m179)s, %(date_m179)s, %(value_m179)s), (%(indicator_id_m180)s, %(date_m180)s, %(value_m180)s), (%(indicator_id_m181)s, %(date_m181)s, %(value_m181)s), (%(indicator_id_m182)s, %(date_m182)s, %(value_m182)s), (%(indicator_id_m183)s, %(date_m183)s, %(value_m183)s), (%(indicator_id_m184)s, %(date_m184)s, %(value_m184)s), (%(indicator_id_m185)s, %(date_m185)s, %(value_m185)s), (%(indicator_id_m186)s, %(date_m186)s, %(value_m186)s), (%(indicator_id_m187)s, %(date_m187)s, %(value_m187)s), (%(indicator_id_m188)s, %(date_m188)s, %(value_m188)s), (%(indicator_id_m189)s, %(date_m189)s, %(value_m189)s), (%(indicator_id_m190)s, %(date_m190)s, %(value_m190)s), (%(indicator_id_m191)s, %(date_m191)s, %(value_m191)s), (%(indicator_id_m192)s, %(date_m192)s, %(value_m192)s), (%(indicator_id_m193)s, %(date_m193)s, %(value_m193)s), (%(indicator_id_m194)s, %(date_m194)s, %(value_m194)s), (%(indicator_id_m195)s, %(date_m195)s, %(value_m195)s), (%(indicator_id_m196)s, %(date_m196)s, %(value_m196)s), (%(indicator_id_m197)s, %(date_m197)s, %(value_m197)s), (%(indicator_id_m198)s, %(date_m198)s, %(value_m198)s), (%(indicator_id_m199)s, %(date_m199)s, %(value_m199)s), (%(indicator_id_m200)s, %(date_m200)s, %(value_m200)s), (%(indicator_id_m201)s, %(date_m201)s, %(value_m201)s), (%(indicator_id_m202)s, %(date_m202)s, %(value_m202)s), (%(indicator_id_m203)s, %(date_m203)s, %(value_m203)s), (%(indicator_id_m204)s, %(date_m204)s, %(value_m204)s), (%(indicator_id_m205)s, %(date_m205)s, %(value_m205)s), (%(indicator_id_m206)s, %(date_m206)s, %(value_m206)s), (%(indicator_id_m207)s, %(date_m207)s, %(value_m207)s), (%(indicator_id_m208)s, %(date_m208)s, %(value_m208)s), (%(indicator_id_m209)s, %(date_m209)s, %(value_m209)s), (%(indicator_id_m210)s, %(date_m210)s, %(value_m210)s), (%(indicator_id_m211)s, %(date_m211)s, %(value_m211)s), (%(indicator_id_m212)s, %(date_m212)s, %(value_m212)s), (%(indicator_id_m213)s, %(date_m213)s, %(value_m213)s), (%(indicator_id_m214)s, %(date_m214)s, %(value_m214)s), (%(indicator_id_m215)s, %(date_m215)s, %(value_m215)s), (%(indicator_id_m216)s, %(date_m216)s, %(value_m216)s), (%(indicator_id_m217)s, %(date_m217)s, %(value_m217)s), (%(indicator_id_m218)s, %(date_m218)s, %(value_m218)s), (%(indicator_id_m219)s, %(date_m219)s, %(value_m219)s), (%(indicator_id_m220)s, %(date_m220)s, %(value_m220)s), (%(indicator_id_m221)s, %(date_m221)s, %(value_m221)s), (%(indicator_id_m222)s, %(date_m222)s, %(value_m222)s), (%(indicator_id_m223)s, %(date_m223)s, %(value_m223)s), (%(indicator_id_m224)s, %(date_m224)s, %(value_m224)s), (%(indicator_id_m225)s, %(date_m225)s, %(value_m225)s), (%(indicator_id_m226)s, %(date_m226)s, %(value_m226)s), (%(indicator_id_m227)s, %(date_m227)s, %(value_m227)s), (%(indicator_id_m228)s, %(date_m228)s, %(value_m228)s), (%(indicator_id_m229)s, %(date_m229)s, %(value_m229)s), (%(indicator_id_m230)s, %(date_m230)s, %(value_m230)s), (%(indicator_id_m231)s, %(date_m231)s, %(value_m231)s), (%(indicator_id_m232)s, %(date_m232)s, %(value_m232)s), (%(indicator_id_m233)s, %(date_m233)s, %(value_m233)s), (%(indicator_id_m234)s, %(date_m234)s, %(value_m234)s), (%(indicator_id_m235)s, %(date_m235)s, %(value_m235)s), (%(indicator_id_m236)s, %(date_m236)s, %(value_m236)s), (%(indicator_id_m237)s, %(date_m237)s, %(value_m237)s), (%(indicator_id_m238)s, %(date_m238)s, %(value_m238)s), (%(indicator_id_m239)s, %(date_m239)s, %(value_m239)s), (%(indicator_id_m240)s, %(date_m240)s, %(value_m240)s), (%(indicator_id_m241)s, %(date_m241)s, %(value_m241)s), (%(indicator_id_m242)s, %(date_m242)s, %(value_m242)s), (%(indicator_id_m243)s, %(date_m243)s, %(value_m243)s), (%(indicator_id_m244)s, %(date_m244)s, %(value_m244)s), (%(indicator_id_m245)s, %(date_m245)s, %(value_m245)s), (%(indicator_id_m246)s, %(date_m246)s, %(value_m246)s), (%(indicator_id_m247)s, %(date_m247)s, %(value_m247)s), (%(indicator_id_m248)s, %(date_m248)s, %(value_m248)s), (%(indicator_id_m249)s, %(date_m249)s, %(value_m249)s), (%(indicator_id_m250)s, %(date_m250)s, %(value_m250)s), (%(indicator_id_m251)s, %(date_m251)s, %(value_m251)s), (%(indicator_id_m252)s, %(date_m252)s, %(value_m252)s), (%(indicator_id_m253)s, %(date_m253)s, %(value_m253)s), (%(indicator_id_m254)s, %(date_m254)s, %(value_m254)s), (%(indicator_id_m255)s, %(date_m255)s, %(value_m255)s), (%(indicator_id_m256)s, %(date_m256)s, %(value_m256)s), (%(indicator_id_m257)s, %(date_m257)s, %(value_m257)s), (%(indicator_id_m258)s, %(date_m258)s, %(value_m258)s), (%(indicator_id_m259)s, %(date_m259)s, %(value_m259)s), (%(indicator_id_m260)s, %(date_m260)s, %(value_m260)s), (%(indicator_id_m261)s, %(date_m261)s, %(value_m261)s), (%(indicator_id_m262)s, %(date_m262)s, %(value_m262)s), (%(indicator_id_m263)s, %(date_m263)s, %(value_m263)s), (%(indicator_id_m264)s, %(date_m264)s, %(value_m264)s), (%(indicator_id_m265)s, %(date_m265)s, %(value_m265)s), (%(indicator_id_m266)s, %(date_m266)s, %(value_m266)s), (%(indicator_id_m267)s, %(date_m267)s, %(value_m267)s), (%(indicator_id_m268)s, %(date_m268)s, %(value_m268)s), (%(indicator_id_m269)s, %(date_m269)s, %(value_m269)s), (%(indicator_id_m270)s, %(date_m270)s, %(value_m270)s), (%(indicator_id_m271)s, %(date_m271)s, %(value_m271)s), (%(indicator_id_m272)s, %(date_m272)s, %(value_m272)s), (%(indicator_id_m273)s, %(date_m273)s, %(value_m273)s), (%(indicator_id_m274)s, %(date_m274)s, %(value_m274)s), (%(indicator_id_m275)s, %(date_m275)s, %(value_m275)s), (%(indicator_id_m276)s, %(date_m276)s, %(value_m276)s), (%(indicator_id_m277)s, %(date_m277)s, %(value_m277)s), (%(indicator_id_m278)s, %(date_m278)s, %(value_m278)s), (%(indicator_id_m279)s, %(date_m279)s, %(value_m279)s), (%(indicator_id_m280)s, %(date_m280)s, %(value_m280)s), (%(indicator_id_m281)s, %(date_m281)s, %(value_m281)s), (%(indicator_id_m282)s, %(date_m282)s, %(value_m282)s), (%(indicator_id_m283)s, %(date_m283)s, %(value_m283)s), (%(indicator_id_m284)s, %(date_m284)s, %(value_m284)s), (%(indicator_id_m285)s, %(date_m285)s, %(value_m285)s), (%(indicator_id_m286)s, %(date_m286)s, %(value_m286)s), (%(indicator_id_m287)s, %(date_m287)s, %(value_m287)s), (%(indicator_id_m288)s, %(date_m288)s, %(value_m288)s), (%(indicator_id_m289)s, %(date_m289)s, %(value_m289)s), (%(indicator_id_m290)s, %(date_m290)s, %(value_m290)s), (%(indicator_id_m291)s, %(date_m291)s, %(value_m291)s), (%(indicator_id_m292)s, %(date_m292)s, %(value_m292)s), (%(indicator_id_m293)s, %(date_m293)s, %(value_m293)s), (%(indicator_id_m294)s, %(date_m294)s, %(value_m294)s), (%(indicator_id_m295)s, %(date_m295)s, %(value_m295)s), (%(indicator_id_m296)s, %(date_m296)s, %(value_m296)s), (%(indicator_id_m297)s, %(date_m297)s, %(value_m297)s), (%(indicator_id_m298)s, %(date_m298)s, %(value_m298)s), (%(indicator_id_m299)s, %(date_m299)s, %(value_m299)s), (%(indicator_id_m300)s, %(date_m300)s, %(value_m300)s), (%(indicator_id_m301)s, %(date_m301)s, %(value_m301)s), (%(indicator_id_m302)s, %(date_m302)s, %(value_m302)s), (%(indicator_id_m303)s, %(date_m303)s, %(value_m303)s), (%(indicator_id_m304)s, %(date_m304)s, %(value_m304)s), (%(indicator_id_m305)s, %(date_m305)s, %(value_m305)s), (%(indicator_id_m306)s, %(date_m306)s, %(value_m306)s), (%(indicator_id_m307)s, %(date_m307)s, %(value_m307)s), (%(indicator_id_m308)s, %(date_m308)s, %(value_m308)s), (%(indicator_id_m309)s, %(date_m309)s, %(value_m309)s), (%(indicator_id_m310)s, %(date_m310)s, %(value_m310)s), (%(indicator_id_m311)s, %(date_m311)s, %(value_m311)s), (%(indicator_id_m312)s, %(date_m312)s, %(value_m312)s), (%(indicator_id_m313)s, %(date_m313)s, %(value_m313)s), (%(indicator_id_m314)s, %(date_m314)s, %(value_m314)s), (%(indicator_id_m315)s, %(date_m315)s, %(value_m315)s), (%(indicator_id_m316)s, %(date_m316)s, %(value_m316)s), (%(indicator_id_m317)s, %(date_m317)s, %(value_m317)s), (%(indicator_id_m318)s, %(date_m318)s, %(value_m318)s), (%(indicator_id_m319)s, %(date_m319)s, %(value_m319)s), (%(indicator_id_m320)s, %(date_m320)s, %(value_m320)s), (%(indicator_id_m321)s, %(date_m321)s, %(value_m321)s), (%(indicator_id_m322)s, %(date_m322)s, %(value_m322)s), (%(indicator_id_m323)s, %(date_m323)s, %(value_m323)s), (%(indicator_id_m324)s, %(date_m324)s, %(value_m324)s), (%(indicator_id_m325)s, %(date_m325)s, %(value_m325)s), (%(indicator_id_m326)s, %(date_m326)s, %(value_m326)s), (%(indicator_id_m327)s, %(date_m327)s, %(value_m327)s), (%(indicator_id_m328)s, %(date_m328)s, %(value_m328)s), (%(indicator_id_m329)s, %(date_m329)s, %(value_m329)s), (%(indicator_id_m330)s, %(date_m330)s, %(value_m330)s), (%(indicator_id_m331)s, %(date_m331)s, %(value_m331)s), (%(indicator_id_m332)s, %(date_m332)s, %(value_m332)s), (%(indicator_id_m333)s, %(date_m333)s, %(value_m333)s), (%(indicator_id_m334)s, %(date_m334)s, %(value_m334)s), (%(indicator_id_m335)s, %(date_m335)s, %(value_m335)s), (%(indicator_id_m336)s, %(date_m336)s, %(value_m336)s), (%(indicator_id_m337)s, %(date_m337)s, %(value_m337)s), (%(indicator_id_m338)s, %(date_m338)s, %(value_m338)s), (%(indicator_id_m339)s, %(date_m339)s, %(value_m339)s), (%(indicator_id_m340)s, %(date_m340)s, %(value_m340)s), (%(indicator_id_m341)s, %(date_m341)s, %(value_m341)s), (%(indicator_id_m342)s, %(date_m342)s, %(value_m342)s), (%(indicator_id_m343)s, %(date_m343)s, %(value_m343)s), (%(indicator_id_m344)s, %(date_m344)s, %(value_m344)s), (%(indicator_id_m345)s, %(date_m345)s, %(value_m345)s), (%(indicator_id_m346)s, %(date_m346)s, %(value_m346)s), (%(indicator_id_m347)s, %(date_m347)s, %(value_m347)s), (%(indicator_id_m348)s, %(date_m348)s, %(value_m348)s), (%(indicator_id_m349)s, %(date_m349)s, %(value_m349)s), (%(indicator_id_m350)s, %(date_m350)s, %(value_m350)s), (%(indicator_id_m351)s, %(date_m351)s, %(value_m351)s), (%(indicator_id_m352)s, %(date_m352)s, %(value_m352)s), (%(indicator_id_m353)s, %(date_m353)s, %(value_m353)s), (%(indicator_id_m354)s, %(date_m354)s, %(value_m354)s), (%(indicator_id_m355)s, %(date_m355)s, %(value_m355)s), (%(indicator_id_m356)s, %(date_m356)s, %(value_m356)s), (%(indicator_id_m357)s, %(date_m357)s, %(value_m357)s), (%(indicator_id_m358)s, %(date_m358)s, %(value_m358)s), (%(indicator_id_m359)s, %(date_m359)s, %(value_m359)s), (%(indicator_id_m360)s, %(date_m360)s, %(value_m360)s), (%(indicator_id_m361)s, %(date_m361)s, %(value_m361)s), (%(indicator_id_m362)s, %(date_m362)s, %(value_m362)s), (%(indicator_id_m363)s, %(date_m363)s, %(value_m363)s), (%(indicator_id_m364)s, %(date_m364)s, %(value_m364)s), (%(indicator_id_m365)s, %(date_m365)s, %(value_m365)s), (%(indicator_id_m366)s, %(date_m366)s, %(value_m366)s), (%(indicator_id_m367)s, %(date_m367)s, %(value_m367)s), (%(indicator_id_m368)s, %(date_m368)s, %(value_m368)s), (%(indicator_id_m369)s, %(date_m369)s, %(value_m369)s), (%(indicator_id_m370)s, %(date_m370)s, %(value_m370)s), (%(indicator_id_m371)s, %(date_m371)s, %(value_m371)s), (%(indicator_id_m372)s, %(date_m372)s, %(value_m372)s), (%(indicator_id_m373)s, %(date_m373)s, %(value_m373)s), (%(indicator_id_m374)s, %(date_m374)s, %(value_m374)s), (%(indicator_id_m375)s, %(date_m375)s, %(value_m375)s), (%(indicator_id_m376)s, %(date_m376)s, %(value_m376)s), (%(indicator_id_m377)s, %(date_m377)s, %(value_m377)s), (%(indicator_id_m378)s, %(date_m378)s, %(value_m378)s), (%(indicator_id_m379)s, %(date_m379)s, %(value_m379)s), (%(indicator_id_m380)s, %(date_m380)s, %(value_m380)s), (%(indicator_id_m381)s, %(date_m381)s, %(value_m381)s), (%(indicator_id_m382)s, %(date_m382)s, %(value_m382)s), (%(indicator_id_m383)s, %(date_m383)s, %(value_m383)s), (%(indicator_id_m384)s, %(date_m384)s, %(value_m384)s), (%(indicator_id_m385)s, %(date_m385)s, %(value_m385)s), (%(indicator_id_m386)s, %(date_m386)s, %(value_m386)s), (%(indicator_id_m387)s, %(date_m387)s, %(value_m387)s), (%(indicator_id_m388)s, %(date_m388)s, %(value_m388)s), (%(indicator_id_m389)s, %(date_m389)s, %(value_m389)s), (%(indicator_id_m390)s, %(date_m390)s, %(value_m390)s), (%(indicator_id_m391)s, %(date_m391)s, %(value_m391)s), (%(indicator_id_m392)s, %(date_m392)s, %(value_m392)s), (%(indicator_id_m393)s, %(date_m393)s, %(value_m393)s), (%(indicator_id_m394)s, %(date_m394)s, %(value_m394)s), (%(indicator_id_m395)s, %(date_m395)s, %(value_m395)s), (%(indicator_id_m396)s, %(date_m396)s, %(value_m396)s), (%(indicator_id_m397)s, %(date_m397)s, %(value_m397)s), (%(indicator_id_m398)s, %(date_m398)s, %(value_m398)s), (%(indicator_id_m399)s, %(date_m399)s, %(value_m399)s), (%(indicator_id_m400)s, %(date_m400)s, %(value_m400)s), (%(indicator_id_m401)s, %(date_m401)s, %(value_m401)s), (%(indicator_id_m402)s, %(date_m402)s, %(value_m402)s), (%(indicator_id_m403)s, %(date_m403)s, %(value_m403)s), (%(indicator_id_m404)s, %(date_m404)s, %(value_m404)s), (%(indicator_id_m405)s, %(date_m405)s, %(value_m405)s), (%(indicator_id_m406)s, %(date_m406)s, %(value_m406)s), (%(indicator_id_m407)s, %(date_m407)s, %(value_m407)s), (%(indicator_id_m408)s, %(date_m408)s, %(value_m408)s), (%(indicator_id_m409)s, %(date_m409)s, %(value_m409)s), (%(indicator_id_m410)s, %(date_m410)s, %(value_m410)s), (%(indicator_id_m411)s, %(date_m411)s, %(value_m411)s), (%(indicator_id_m412)s, %(date_m412)s, %(value_m412)s), (%(indicator_id_m413)s, %(date_m413)s, %(value_m413)s), (%(indicator_id_m414)s, %(date_m414)s, %(value_m414)s), (%(indicator_id_m415)s, %(date_m415)s, %(value_m415)s), (%(indicator_id_m416)s, %(date_m416)s, %(value_m416)s), (%(indicator_id_m417)s, %(date_m417)s, %(value_m417)s), (%(indicator_id_m418)s, %(date_m418)s, %(value_m418)s), (%(indicator_id_m419)s, %(date_m419)s, %(value_m419)s), (%(indicator_id_m420)s, %(date_m420)s, %(value_m420)s), (%(indicator_id_m421)s, %(date_m421)s, %(value_m421)s), (%(indicator_id_m422)s, %(date_m422)s, %(value_m422)s), (%(indicator_id_m423)s, %(date_m423)s, %(value_m423)s), (%(indicator_id_m424)s, %(date_m424)s, %(value_m424)s), (%(indicator_id_m425)s, %(date_m425)s, %(value_m425)s), (%(indicator_id_m426)s, %(date_m426)s, %(value_m426)s), (%(indicator_id_m427)s, %(date_m427)s, %(value_m427)s), (%(indicator_id_m428)s, %(date_m428)s, %(value_m428)s), (%(indicator_id_m429)s, %(date_m429)s, %(value_m429)s), (%(indicator_id_m430)s, %(date_m430)s, %(value_m430)s), (%(indicator_id_m431)s, %(date_m431)s, %(value_m431)s), (%(indicator_id_m432)s, %(date_m432)s, %(value_m432)s), (%(indicator_id_m433)s, %(date_m433)s, %(value_m433)s), (%(indicator_id_m434)s, %(date_m434)s, %(value_m434)s), (%(indicator_id_m435)s, %(date_m435)s, %(value_m435)s), (%(indicator_id_m436)s, %(date_m436)s, %(value_m436)s), (%(indicator_id_m437)s, %(date_m437)s, %(value_m437)s), (%(indicator_id_m438)s, %(date_m438)s, %(value_m438)s), (%(indicator_id_m439)s, %(date_m439)s, %(value_m439)s), (%(indicator_id_m440)s, %(date_m440)s, %(value_m440)s), (%(indicator_id_m441)s, %(date_m441)s, %(value_m441)s), (%(indicator_id_m442)s, %(date_m442)s, %(value_m442)s), (%(indicator_id_m443)s, %(date_m443)s, %(value_m443)s), (%(indicator_id_m444)s, %(date_m444)s, %(value_m444)s), (%(indicator_id_m445)s, %(date_m445)s, %(value_m445)s), (%(indicator_id_m446)s, %(date_m446)s, %(value_m446)s), (%(indicator_id_m447)s, %(date_m447)s, %(value_m447)s), (%(indicator_id_m448)s, %(date_m448)s, %(value_m448)s), (%(indicator_id_m449)s, %(date_m449)s, %(value_m449)s), (%(indicator_id_m450)s, %(date_m450)s, %(value_m450)s), (%(indicator_id_m451)s, %(date_m451)s, %(value_m451)s), (%(indicator_id_m452)s, %(date_m452)s, %(value_m452)s), (%(indicator_id_m453)s, %(date_m453)s, %(value_m453)s), (%(indicator_id_m454)s, %(date_m454)s, %(value_m454)s), (%(indicator_id_m455)s, %(date_m455)s, %(value_m455)s), (%(indicator_id_m456)s, %(date_m456)s, %(value_m456)s), (%(indicator_id_m457)s, %(date_m457)s, %(value_m457)s), (%(indicator_id_m458)s, %(date_m458)s, %(value_m458)s), (%(indicator_id_m459)s, %(date_m459)s, %(value_m459)s), (%(indicator_id_m460)s, %(date_m460)s, %(value_m460)s), (%(indicator_id_m461)s, %(date_m461)s, %(value_m461)s), (%(indicator_id_m462)s, %(date_m462)s, %(value_m462)s), (%(indicator_id_m463)s, %(date_m463)s, %(value_m463)s), (%(indicator_id_m464)s, %(date_m464)s, %(value_m464)s), (%(indicator_id_m465)s, %(date_m465)s, %(value_m465)s), (%(indicator_id_m466)s, %(date_m466)s, %(value_m466)s), (%(indicator_id_m467)s, %(date_m467)s, %(value_m467)s), (%(indicator_id_m468)s, %(date_m468)s, %(value_m468)s), (%(indicator_id_m469)s, %(date_m469)s, %(value_m469)s), (%(indicator_id_m470)s, %(date_m470)s, %(value_m470)s), (%(indicator_id_m471)s, %(date_m471)s, %(value_m471)s), (%(indicator_id_m472)s, %(date_m472)s, %(value_m472)s), (%(indicator_id_m473)s, %(date_m473)s, %(value_m473)s), (%(indicator_id_m474)s, %(date_m474)s, %(value_m474)s), (%(indicator_id_m475)s, %(date_m475)s, %(value_m475)s), (%(indicator_id_m476)s, %(date_m476)s, %(value_m476)s), (%(indicator_id_m477)s, %(date_m477)s, %(value_m477)s), (%(indicator_id_m478)s, %(date_m478)s, %(value_m478)s), (%(indicator_id_m479)s, %(date_m479)s, %(value_m479)s), (%(indicator_id_m480)s, %(date_m480)s, %(value_m480)s), (%(indicator_id_m481)s, %(date_m481)s, %(value_m481)s), (%(indicator_id_m482)s, %(date_m482)s, %(value_m482)s), (%(indicator_id_m483)s, %(date_m483)s, %(value_m483)s), (%(indicator_id_m484)s, %(date_m484)s, %(value_m484)s), (%(indicator_id_m485)s, %(date_m485)s, %(value_m485)s), (%(indicator_id_m486)s, %(date_m486)s, %(value_m486)s), (%(indicator_id_m487)s, %(date_m487)s, %(value_m487)s), (%(indicator_id_m488)s, %(date_m488)s, %(value_m488)s), (%(indicator_id_m489)s, %(date_m489)s, %(value_m489)s), (%(indicator_id_m490)s, %(date_m490)s, %(value_m490)s), (%(indicator_id_m491)s, %(date_m491)s, %(value_m491)s), (%(indicator_id_m492)s, %(date_m492)s, %(value_m492)s), (%(indicator_id_m493)s, %(date_m493)s, %(value_m493)s), (%(indicator_id_m494)s, %(date_m494)s, %(value_m494)s), (%(indicator_id_m495)s, %(date_m495)s, %(value_m495)s), (%(indicator_id_m496)s, %(date_m496)s, %(value_m496)s), (%(indicator_id_m497)s, %(date_m497)s, %(value_m497)s), (%(indicator_id_m498)s, %(date_m498)s, %(value_m498)s), (%(indicator_id_m499)s, %(date_m499)s, %(value_m499)s), (%(indicator_id_m500)s, %(date_m500)s, %(value_m500)s), (%(indicator_id_m501)s, %(date_m501)s, %(value_m501)s), (%(indicator_id_m502)s, %(date_m502)s, %(value_m502)s), (%(indicator_id_m503)s, %(date_m503)s, %(value_m503)s), (%(indicator_id_m504)s, %(date_m504)s, %(value_m504)s), (%(indicator_id_m505)s, %(date_m505)s, %(value_m505)s), (%(indicator_id_m506)s, %(date_m506)s, %(value_m506)s), (%(indicator_id_m507)s, %(date_m507)s, %(value_m507)s), (%(indicator_id_m508)s, %(date_m508)s, %(value_m508)s), (%(indicator_id_m509)s, %(date_m509)s, %(value_m509)s), (%(indicator_id_m510)s, %(date_m510)s, %(value_m510)s), (%(indicator_id_m511)s, %(date_m511)s, %(value_m511)s), (%(indicator_id_m512)s, %(date_m512)s, %(value_m512)s), (%(indicator_id_m513)s, %(date_m513)s, %(value_m513)s), (%(indicator_id_m514)s, %(date_m514)s, %(value_m514)s), (%(indicator_id_m515)s, %(date_m515)s, %(value_m515)s), (%(indicator_id_m516)s, %(date_m516)s, %(value_m516)s), (%(indicator_id_m517)s, %(date_m517)s, %(value_m517)s), (%(indicator_id_m518)s, %(date_m518)s, %(value_m518)s), (%(indicator_id_m519)s, %(date_m519)s, %(value_m519)s), (%(indicator_id_m520)s, %(date_m520)s, %(value_m520)s), (%(indicator_id_m521)s, %(date_m521)s, %(value_m521)s), (%(indicator_id_m522)s, %(date_m522)s, %(value_m522)s), (%(indicator_id_m523)s, %(date_m523)s, %(value_m523)s), (%(indicator_id_m524)s, %(date_m524)s, %(value_m524)s), (%(indicator_id_m525)s, %(date_m525)s, %(value_m525)s), (%(indicator_id_m526)s, %(date_m526)s, %(value_m526)s), (%(indicator_id_m527)s, %(date_m527)s, %(value_m527)s), (%(indicator_id_m528)s, %(date_m528)s, %(value_m528)s), (%(indicator_id_m529)s, %(date_m529)s, %(value_m529)s), (%(indicator_id_m530)s, %(date_m530)s, %(value_m530)s), (%(indicator_id_m531)s, %(date_m531)s, %(value_m531)s), (%(indicator_id_m532)s, %(date_m532)s, %(value_m532)s), (%(indicator_id_m533)s, %(date_m533)s, %(value_m533)s), (%(indicator_id_m534)s, %(date_m534)s, %(value_m534)s), (%(indicator_id_m535)s, %(date_m535)s, %(value_m535)s), (%(indicator_id_m536)s, %(date_m536)s, %(value_m536)s), (%(indicator_id_m537)s, %(date_m537)s, %(value_m537)s), (%(indicator_id_m538)s, %(date_m538)s, %(value_m538)s), (%(indicator_id_m539)s, %(date_m539)s, %(value_m539)s), (%(indicator_id_m540)s, %(date_m540)s, %(value_m540)s), (%(indicator_id_m541)s, %(date_m541)s, %(value_m541)s), (%(indicator_id_m542)s, %(date_m542)s, %(value_m542)s), (%(indicator_id_m543)s, %(date_m543)s, %(value_m543)s), (%(indicator_id_m544)s, %(date_m544)s, %(value_m544)s), (%(indicator_id_m545)s, %(date_m545)s, %(value_m545)s), (%(indicator_id_m546)s, %(date_m546)s, %(value_m546)s), (%(indicator_id_m547)s, %(date_m547)s, %(value_m547)s), (%(indicator_id_m548)s, %(date_m548)s, %(value_m548)s), (%(indicator_id_m549)s, %(date_m549)s, %(value_m549)s), (%(indicator_id_m550)s, %(date_m550)s, %(value_m550)s), (%(indicator_id_m551)s, %(date_m551)s, %(value_m551)s), (%(indicator_id_m552)s, %(date_m552)s, %(value_m552)s), (%(indicator_id_m553)s, %(date_m553)s, %(value_m553)s), (%(indicator_id_m554)s, %(date_m554)s, %(value_m554)s), (%(indicator_id_m555)s, %(date_m555)s, %(value_m555)s), (%(indicator_id_m556)s, %(date_m556)s, %(value_m556)s), (%(indicator_id_m557)s, %(date_m557)s, %(value_m557)s), (%(indicator_id_m558)s, %(date_m558)s, %(value_m558)s), (%(indicator_id_m559)s, %(date_m559)s, %(value_m559)s), (%(indicator_id_m560)s, %(date_m560)s, %(value_m560)s), (%(indicator_id_m561)s, %(date_m561)s, %(value_m561)s), (%(indicator_id_m562)s, %(date_m562)s, %(value_m562)s), (%(indicator_id_m563)s, %(date_m563)s, %(value_m563)s), (%(indicator_id_m564)s, %(date_m564)s, %(value_m564)s), (%(indicator_id_m565)s, %(date_m565)s, %(value_m565)s), (%(indicator_id_m566)s, %(date_m566)s, %(value_m566)s), (%(indicator_id_m567)s, %(date_m567)s, %(value_m567)s), (%(indicator_id_m568)s, %(date_m568)s, %(value_m568)s), (%(indicator_id_m569)s, %(date_m569)s, %(value_m569)s), (%(indicator_id_m570)s, %(date_m570)s, %(value_m570)s), (%(indicator_id_m571)s, %(date_m571)s, %(value_m571)s), (%(indicator_id_m572)s, %(date_m572)s, %(value_m572)s), (%(indicator_id_m573)s, %(date_m573)s, %(value_m573)s), (%(indicator_id_m574)s, %(date_m574)s, %(value_m574)s), (%(indicator_id_m575)s, %(date_m575)s, %(value_m575)s), (%(indicator_id_m576)s, %(date_m576)s, %(value_m576)s), (%(indicator_id_m577)s, %(date_m577)s, %(value_m577)s), (%(indicator_id_m578)s, %(date_m578)s, %(value_m578)s), (%(indicator_id_m579)s, %(date_m579)s, %(value_m579)s), (%(indicator_id_m580)s, %(date_m580)s, %(value_m580)s), (%(indicator_id_m581)s, %(date_m581)s, %(value_m581)s), (%(indicator_id_m582)s, %(date_m582)s, %(value_m582)s), (%(indicator_id_m583)s, %(date_m583)s, %(value_m583)s), (%(indicator_id_m584)s, %(date_m584)s, %(value_m584)s), (%(indicator_id_m585)s, %(date_m585)s, %(value_m585)s), (%(indicator_id_m586)s, %(date_m586)s, %(value_m586)s), (%(indicator_id_m587)s, %(date_m587)s, %(value_m587)s), (%(indicator_id_m588)s, %(date_m588)s, %(value_m588)s), (%(indicator_id_m589)s, %(date_m589)s, %(value_m589)s), (%(indicator_id_m590)s, %(date_m590)s, %(value_m590)s), (%(indicator_id_m591)s, %(date_m591)s, %(value_m591)s), (%(indicator_id_m592)s, %(date_m592)s, %(value_m592)s), (%(indicator_id_m593)s, %(date_m593)s, %(value_m593)s), (%(indicator_id_m594)s, %(date_m594)s, %(value_m594)s), (%(indicator_id_m595)s, %(date_m595)s, %(value_m595)s), (%(indicator_id_m596)s, %(date_m596)s, %(value_m596)s), (%(indicator_id_m597)s, %(date_m597)s, %(value_m597)s), (%(indicator_id_m598)s, %(date_m598)s, %(value_m598)s), (%(indicator_id_m599)s, %(date_m599)s, %(value_m599)s), (%(indicator_id_m600)s, %(date_m600)s, %(value_m600)s), (%(indicator_id_m601)s, %(date_m601)s, %(value_m601)s), (%(indicator_id_m602)s, %(date_m602)s, %(value_m602)s), (%(indicator_id_m603)s, %(date_m603)s, %(value_m603)s), (%(indicator_id_m604)s, %(date_m604)s, %(value_m604)s), (%(indicator_id_m605)s, %(date_m605)s, %(value_m605)s), (%(indicator_id_m606)s, %(date_m606)s, %(value_m606)s), (%(indicator_id_m607)s, %(date_m607)s, %(value_m607)s), (%(indicator_id_m608)s, %(date_m608)s, %(value_m608)s), (%(indicator_id_m609)s, %(date_m609)s, %(value_m609)s), (%(indicator_id_m610)s, %(date_m610)s, %(value_m610)s), (%(indicator_id_m611)s, %(date_m611)s, %(value_m611)s), (%(indicator_id_m612)s, %(date_m612)s, %(value_m612)s), (%(indicator_id_m613)s, %(date_m613)s, %(value_m613)s), (%(indicator_id_m614)s, %(date_m614)s, %(value_m614)s), (%(indicator_id_m615)s, %(date_m615)s, %(value_m615)s), (%(indicator_id_m616)s, %(date_m616)s, %(value_m616)s), (%(indicator_id_m617)s, %(date_m617)s, %(value_m617)s), (%(indicator_id_m618)s, %(date_m618)s, %(value_m618)s), (%(indicator_id_m619)s, %(date_m619)s, %(value_m619)s), (%(indicator_id_m620)s, %(date_m620)s, %(value_m620)s), (%(indicator_id_m621)s, %(date_m621)s, %(value_m621)s), (%(indicator_id_m622)s, %(date_m622)s, %(value_m622)s), (%(indicator_id_m623)s, %(date_m623)s, %(value_m623)s), (%(indicator_id_m624)s, %(date_m624)s, %(value_m624)s), (%(indicator_id_m625)s, %(date_m625)s, %(value_m625)s), (%(indicator_id_m626)s, %(date_m626)s, %(value_m626)s), (%(indicator_id_m627)s, %(date_m627)s, %(value_m627)s), (%(indicator_id_m628)s, %(date_m628)s, %(value_m628)s), (%(indicator_id_m629)s, %(date_m629)s, %(value_m629)s), (%(indicator_id_m630)s, %(date_m630)s, %(value_m630)s), (%(indicator_id_m631)s, %(date_m631)s, %(value_m631)s), (%(indicator_id_m632)s, %(date_m632)s, %(value_m632)s), (%(indicator_id_m633)s, %(date_m633)s, %(value_m633)s), (%(indicator_id_m634)s, %(date_m634)s, %(value_m634)s), (%(indicator_id_m635)s, %(date_m635)s, %(value_m635)s), (%(indicator_id_m636)s, %(date_m636)s, %(value_m636)s), (%(indicator_id_m637)s, %(date_m637)s, %(value_m637)s), (%(indicator_id_m638)s, %(date_m638)s, %(value_m638)s), (%(indicator_id_m639)s, %(date_m639)s, %(value_m639)s), (%(indicator_id_m640)s, %(date_m640)s, %(value_m640)s), (%(indicator_id_m641)s, %(date_m641)s, %(value_m641)s), (%(indicator_id_m642)s, %(date_m642)s, %(value_m642)s), (%(indicator_id_m643)s, %(date_m643)s, %(value_m643)s), (%(indicator_id_m644)s, %(date_m644)s, %(value_m644)s), (%(indicator_id_m645)s, %(date_m645)s, %(value_m645)s), (%(indicator_id_m646)s, %(date_m646)s, %(value_m646)s), (%(indicator_id_m647)s, %(date_m647)s, %(value_m647)s), (%(indicator_id_m648)s, %(date_m648)s, %(value_m648)s), (%(indicator_id_m649)s, %(date_m649)s, %(value_m649)s), (%(indicator_id_m650)s, %(date_m650)s, %(value_m650)s), (%(indicator_id_m651)s, %(date_m651)s, %(value_m651)s), (%(indicator_id_m652)s, %(date_m652)s, %(value_m652)s), (%(indicator_id_m653)s, %(date_m653)s, %(value_m653)s), (%(indicator_id_m654)s, %(date_m654)s, %(value_m654)s), (%(indicator_id_m655)s, %(date_m655)s, %(value_m655)s), (%(indicator_id_m656)s, %(date_m656)s, %(value_m656)s), (%(indicator_id_m657)s, %(date_m657)s, %(value_m657)s), (%(indicator_id_m658)s, %(date_m658)s, %(value_m658)s), (%(indicator_id_m659)s, %(date_m659)s, %(value_m659)s), (%(indicator_id_m660)s, %(date_m660)s, %(value_m660)s), (%(indicator_id_m661)s, %(date_m661)s, %(value_m661)s), (%(indicator_id_m662)s, %(date_m662)s, %(value_m662)s), (%(indicator_id_m663)s, %(date_m663)s, %(value_m663)s), (%(indicator_id_m664)s, %(date_m664)s, %(value_m664)s), (%(indicator_id_m665)s, %(date_m665)s, %(value_m665)s), (%(indicator_id_m666)s, %(date_m666)s, %(value_m666)s), (%(indicator_id_m667)s, %(date_m667)s, %(value_m667)s), (%(indicator_id_m668)s, %(date_m668)s, %(value_m668)s), (%(indicator_id_m669)s, %(date_m669)s, %(value_m669)s), (%(indicator_id_m670)s, %(date_m670)s, %(value_m670)s), (%(indicator_id_m671)s, %(date_m671)s, %(value_m671)s), (%(indicator_id_m672)s, %(date_m672)s, %(value_m672)s), (%(indicator_id_m673)s, %(date_m673)s, %(value_m673)s), (%(indicator_id_m674)s, %(date_m674)s, %(value_m674)s), (%(indicator_id_m675)s, %(date_m675)s, %(value_m675)s), (%(indicator_id_m676)s, %(date_m676)s, %(value_m676)s), (%(indicator_id_m677)s, %(date_m677)s, %(value_m677)s), (%(indicator_id_m678)s, %(date_m678)s, %(value_m678)s), (%(indicator_id_m679)s, %(date_m679)s, %(value_m679)s), (%(indicator_id_m680)s, %(date_m680)s, %(value_m680)s), (%(indicator_id_m681)s, %(date_m681)s, %(value_m681)s), (%(indicator_id_m682)s, %(date_m682)s, %(value_m682)s), (%(indicator_id_m683)s, %(date_m683)s, %(value_m683)s), (%(indicator_id_m684)s, %(date_m684)s, %(value_m684)s), (%(indicator_id_m685)s, %(date_m685)s, %(value_m685)s), (%(indicator_id_m686)s, %(date_m686)s, %(value_m686)s), (%(indicator_id_m687)s, %(date_m687)s, %(value_m687)s), (%(indicator_id_m688)s, %(date_m688)s, %(value_m688)s), (%(indicator_id_m689)s, %(date_m689)s, %(value_m689)s), (%(indicator_id_m690)s, %(date_m690)s, %(value_m690)s), (%(indicator_id_m691)s, %(date_m691)s, %(value_m691)s), (%(indicator_id_m692)s, %(date_m692)s, %(value_m692)s), (%(indicator_id_m693)s, %(date_m693)s, %(value_m693)s), (%(indicator_id_m694)s, %(date_m694)s, %(value_m694)s), (%(indicator_id_m695)s, %(date_m695)s, %(value_m695)s), (%(indicator_id_m696)s, %(date_m696)s, %(value_m696)s), (%(indicator_id_m697)s, %(date_m697)s, %(value_m697)s), (%(indicator_id_m698)s, %(date_m698)s, %(value_m698)s), (%(indicator_id_m699)s, %(date_m699)s, %(value_m699)s), (%(indicator_id_m700)s, %(date_m700)s, %(value_m700)s), (%(indicator_id_m701)s, %(date_m701)s, %(value_m701)s), (%(indicator_id_m702)s, %(date_m702)s, %(value_m702)s), (%(indicator_id_m703)s, %(date_m703)s, %(value_m703)s), (%(indicator_id_m704)s, %(date_m704)s, %(value_m704)s), (%(indicator_id_m705)s, %(date_m705)s, %(value_m705)s), (%(indicator_id_m706)s, %(date_m706)s, %(value_m706)s), (%(indicator_id_m707)s, %(date_m707)s, %(value_m707)s), (%(indicator_id_m708)s, %(date_m708)s, %(value_m708)s), (%(indicator_id_m709)s, %(date_m709)s, %(value_m709)s), (%(indicator_id_m710)s, %(date_m710)s, %(value_m710)s), (%(indicator_id_m711)s, %(date_m711)s, %(value_m711)s), (%(indicator_id_m712)s, %(date_m712)s, %(value_m712)s), (%(indicator_id_m713)s, %(date_m713)s, %(value_m713)s), (%(indicator_id_m714)s, %(date_m714)s, %(value_m714)s), (%(indicator_id_m715)s, %(date_m715)s, %(value_m715)s), (%(indicator_id_m716)s, %(date_m716)s, %(value_m716)s), (%(indicator_id_m717)s, %(date_m717)s, %(value_m717)s), (%(indicator_id_m718)s, %(date_m718)s, %(value_m718)s), (%(indicator_id_m719)s, %(date_m719)s, %(value_m719)s), (%(indicator_id_m720)s, %(date_m720)s, %(value_m720)s), (%(indicator_id_m721)s, %(date_m721)s, %(value_m721)s), (%(indicator_id_m722)s, %(date_m722)s, %(value_m722)s), (%(indicator_id_m723)s, %(date_m723)s, %(value_m723)s), (%(indicator_id_m724)s, %(date_m724)s, %(value_m724)s), (%(indicator_id_m725)s, %(date_m725)s, %(value_m725)s), (%(indicator_id_m726)s, %(date_m726)s, %(value_m726)s), (%(indicator_id_m727)s, %(date_m727)s, %(value_m727)s), (%(indicator_id_m728)s, %(date_m728)s, %(value_m728)s), (%(indicator_id_m729)s, %(date_m729)s, %(value_m729)s), (%(indicator_id_m730)s, %(date_m730)s, %(value_m730)s), (%(indicator_id_m731)s, %(date_m731)s, %(value_m731)s), (%(indicator_id_m732)s, %(date_m732)s, %(value_m732)s), (%(indicator_id_m733)s, %(date_m733)s, %(value_m733)s), (%(indicator_id_m734)s, %(date_m734)s, %(value_m734)s), (%(indicator_id_m735)s, %(date_m735)s, %(value_m735)s), (%(indicator_id_m736)s, %(date_m736)s, %(value_m736)s), (%(indicator_id_m737)s, %(date_m737)s, %(value_m737)s), (%(indicator_id_m738)s, %(date_m738)s, %(value_m738)s), (%(indicator_id_m739)s, %(date_m739)s, %(value_m739)s), (%(indicator_id_m740)s, %(date_m740)s, %(value_m740)s), (%(indicator_id_m741)s, %(date_m741)s, %(value_m741)s), (%(indicator_id_m742)s, %(date_m742)s, %(value_m742)s), (%(indicator_id_m743)s, %(date_m743)s, %(value_m743)s), (%(indicator_id_m744)s, %(date_m744)s, %(value_m744)s), (%(indicator_id_m745)s, %(date_m745)s, %(value_m745)s), (%(indicator_id_m746)s, %(date_m746)s, %(value_m746)s), (%(indicator_id_m747)s, %(date_m747)s, %(value_m747)s), (%(indicator_id_m748)s, %(date_m748)s, %(value_m748)s), (%(indicator_id_m749)s, %(date_m749)s, %(value_m749)s), (%(indicator_id_m750)s, %(date_m750)s, %(value_m750)s), (%(indicator_id_m751)s, %(date_m751)s, %(value_m751)s), (%(indicator_id_m752)s, %(date_m752)s, %(value_m752)s), (%(indicator_id_m753)s, %(date_m753)s, %(value_m753)s), (%(indicator_id_m754)s, %(date_m754)s, %(value_m754)s), (%(indicator_id_m755)s, %(date_m755)s, %(value_m755)s), (%(indicator_id_m756)s, %(date_m756)s, %(value_m756)s), (%(indicator_id_m757)s, %(date_m757)s, %(value_m757)s), (%(indicator_id_m758)s, %(date_m758)s, %(value_m758)s), (%(indicator_id_m759)s, %(date_m759)s, %(value_m759)s), (%(indicator_id_m760)s, %(date_m760)s, %(value_m760)s), (%(indicator_id_m761)s, %(date_m761)s, %(value_m761)s), (%(indicator_id_m762)s, %(date_m762)s, %(value_m762)s), (%(indicator_id_m763)s, %(date_m763)s, %(value_m763)s), (%(indicator_id_m764)s, %(date_m764)s, %(value_m764)s), (%(indicator_id_m765)s, %(date_m765)s, %(value_m765)s), (%(indicator_id_m766)s, %(date_m766)s, %(value_m766)s), (%(indicator_id_m767)s, %(date_m767)s, %(value_m767)s), (%(indicator_id_m768)s, %(date_m768)s, %(value_m768)s), (%(indicator_id_m769)s, %(date_m769)s, %(value_m769)s), (%(indicator_id_m770)s, %(date_m770)s, %(value_m770)s), (%(indicator_id_m771)s, %(date_m771)s, %(value_m771)s), (%(indicator_id_m772)s, %(date_m772)s, %(value_m772)s), (%(indicator_id_m773)s, %(date_m773)s, %(value_m773)s), (%(indicator_id_m774)s, %(date_m774)s, %(value_m774)s), (%(indicator_id_m775)s, %(date_m775)s, %(value_m775)s), (%(indicator_id_m776)s, %(date_m776)s, %(value_m776)s), (%(indicator_id_m777)s, %(date_m777)s, %(value_m777)s), (%(indicator_id_m778)s, %(date_m778)s, %(value_m778)s), (%(indicator_id_m779)s, %(date_m779)s, %(value_m779)s), (%(indicator_id_m780)s, %(date_m780)s, %(value_m780)s), (%(indicator_id_m781)s, %(date_m781)s, %(value_m781)s), (%(indicator_id_m782)s, %(date_m782)s, %(value_m782)s), (%(indicator_id_m783)s, %(date_m783)s, %(value_m783)s), (%(indicator_id_m784)s, %(date_m784)s, %(value_m784)s), (%(indicator_id_m785)s, %(date_m785)s, %(value_m785)s), (%(indicator_id_m786)s, %(date_m786)s, %(value_m786)s), (%(indicator_id_m787)s, %(date_m787)s, %(value_m787)s), (%(indicator_id_m788)s, %(date_m788)s, %(value_m788)s), (%(indicator_id_m789)s, %(date_m789)s, %(value_m789)s), (%(indicator_id_m790)s, %(date_m790)s, %(value_m790)s), (%(indicator_id_m791)s, %(date_m791)s, %(value_m791)s), (%(indicator_id_m792)s, %(date_m792)s, %(value_m792)s), (%(indicator_id_m793)s, %(date_m793)s, %(value_m793)s), (%(indicator_id_m794)s, %(date_m794)s, %(value_m794)s), (%(indicator_id_m795)s, %(date_m795)s, %(value_m795)s), (%(indicator_id_m796)s, %(date_m796)s, %(value_m796)s), (%(indicator_id_m797)s, %(date_m797)s, %(value_m797)s), (%(indicator_id_m798)s, %(date_m798)s, %(value_m798)s), (%(indicator_id_m799)s, %(date_m799)s, %(value_m799)s), (%(indicator_id_m800)s, %(date_m800)s, %(value_m800)s), (%(indicator_id_m801)s, %(date_m801)s, %(value_m801)s), (%(indicator_id_m802)s, %(date_m802)s, %(value_m802)s), (%(indicator_id_m803)s, %(date_m803)s, %(value_m803)s), (%(indicator_id_m804)s, %(date_m804)s, %(value_m804)s), (%(indicator_id_m805)s, %(date_m805)s, %(value_m805)s), (%(indicator_id_m806)s, %(date_m806)s, %(value_m806)s), (%(indicator_id_m807)s, %(date_m807)s, %(value_m807)s), (%(indicator_id_m808)s, %(date_m808)s, %(value_m808)s), (%(indicator_id_m809)s, %(date_m809)s, %(value_m809)s), (%(indicator_id_m810)s, %(date_m810)s, %(value_m810)s), (%(indicator_id_m811)s, %(date_m811)s, %(value_m811)s), (%(indicator_id_m812)s, %(date_m812)s, %(value_m812)s), (%(indicator_id_m813)s, %(date_m813)s, %(value_m813)s), (%(indicator_id_m814)s, %(date_m814)s, %(value_m814)s), (%(indicator_id_m815)s, %(date_m815)s, %(value_m815)s), (%(indicator_id_m816)s, %(date_m816)s, %(value_m816)s), (%(indicator_id_m817)s, %(date_m817)s, %(value_m817)s), (%(indicator_id_m818)s, %(date_m818)s, %(value_m818)s), (%(indicator_id_m819)s, %(date_m819)s, %(value_m819)s), (%(indicator_id_m820)s, %(date_m820)s, %(value_m820)s), (%(indicator_id_m821)s, %(date_m821)s, %(value_m821)s), (%(indicator_id_m822)s, %(date_m822)s, %(value_m822)s), (%(indicator_id_m823)s, %(date_m823)s, %(value_m823)s), (%(indicator_id_m824)s, %(date_m824)s, %(value_m824)s), (%(indicator_id_m825)s, %(date_m825)s, %(value_m825)s), (%(indicator_id_m826)s, %(date_m826)s, %(value_m826)s), (%(indicator_id_m827)s, %(date_m827)s, %(value_m827)s), (%(indicator_id_m828)s, %(date_m828)s, %(value_m828)s), (%(indicator_id_m829)s, %(date_m829)s, %(value_m829)s), (%(indicator_id_m830)s, %(date_m830)s, %(value_m830)s), (%(indicator_id_m831)s, %(date_m831)s, %(value_m831)s), (%(indicator_id_m832)s, %(date_m832)s, %(value_m832)s), (%(indicator_id_m833)s, %(date_m833)s, %(value_m833)s), (%(indicator_id_m834)s, %(date_m834)s, %(value_m834)s), (%(indicator_id_m835)s, %(date_m835)s, %(value_m835)s), (%(indicator_id_m836)s, %(date_m836)s, %(value_m836)s), (%(indicator_id_m837)s, %(date_m837)s, %(value_m837)s), (%(indicator_id_m838)s, %(date_m838)s, %(value_m838)s), (%(indicator_id_m839)s, %(date_m839)s, %(value_m839)s), (%(indicator_id_m840)s, %(date_m840)s, %(value_m840)s), (%(indicator_id_m841)s, %(date_m841)s, %(value_m841)s), (%(indicator_id_m842)s, %(date_m842)s, %(value_m842)s), (%(indicator_id_m843)s, %(date_m843)s, %(value_m843)s), (%(indicator_id_m844)s, %(date_m844)s, %(value_m844)s), (%(indicator_id_m845)s, %(date_m845)s, %(value_m845)s), (%(indicator_id_m846)s, %(date_m846)s, %(value_m846)s), (%(indicator_id_m847)s, %(date_m847)s, %(value_m847)s), (%(indicator_id_m848)s, %(date_m848)s, %(value_m848)s), (%(indicator_id_m849)s, %(date_m849)s, %(value_m849)s), (%(indicator_id_m850)s, %(date_m850)s, %(value_m850)s), (%(indicator_id_m851)s, %(date_m851)s, %(value_m851)s), (%(indicator_id_m852)s, %(date_m852)s, %(value_m852)s), (%(indicator_id_m853)s, %(date_m853)s, %(value_m853)s), (%(indicator_id_m854)s, %(date_m854)s, %(value_m854)s), (%(indicator_id_m855)s, %(date_m855)s, %(value_m855)s), (%(indicator_id_m856)s, %(date_m856)s, %(value_m856)s), (%(indicator_id_m857)s, %(date_m857)s, %(value_m857)s), (%(indicator_id_m858)s, %(date_m858)s, %(value_m858)s), (%(indicator_id_m859)s, %(date_m859)s, %(value_m859)s), (%(indicator_id_m860)s, %(date_m860)s, %(value_m860)s), (%(indicator_id_m861)s, %(date_m861)s, %(value_m861)s), (%(indicator_id_m862)s, %(date_m862)s, %(value_m862)s), (%(indicator_id_m863)s, %(date_m863)s, %(value_m863)s), (%(indicator_id_m864)s, %(date_m864)s, %(value_m864)s), (%(indicator_id_m865)s, %(date_m865)s, %(value_m865)s), (%(indicator_id_m866)s, %(date_m866)s, %(value_m866)s), (%(indicator_id_m867)s, %(date_m867)s, %(value_m867)s), (%(indicator_id_m868)s, %(date_m868)s, %(value_m868)s), (%(indicator_id_m869)s, %(date_m869)s, %(value_m869)s), (%(indicator_id_m870)s, %(date_m870)s, %(value_m870)s), (%(indicator_id_m871)s, %(date_m871)s, %(value_m871)s), (%(indicator_id_m872)s, %(date_m872)s, %(value_m872)s), (%(indicator_id_m873)s, %(date_m873)s, %(value_m873)s), (%(indicator_id_m874)s, %(date_m874)s, %(value_m874)s), (%(indicator_id_m875)s, %(date_m875)s, %(value_m875)s), (%(indicator_id_m876)s, %(date_m876)s, %(value_m876)s), (%(indicator_id_m877)s, %(date_m877)s, %(value_m877)s), (%(indicator_id_m878)s, %(date_m878)s, %(value_m878)s), (%(indicator_id_m879)s, %(date_m879)s, %(value_m879)s), (%(indicator_id_m880)s, %(date_m880)s, %(value_m880)s), (%(indicator_id_m881)s, %(date_m881)s, %(value_m881)s), (%(indicator_id_m882)s, %(date_m882)s, %(value_m882)s), (%(indicator_id_m883)s, %(date_m883)s, %(value_m883)s), (%(indicator_id_m884)s, %(date_m884)s, %(value_m884)s), (%(indicator_id_m885)s, %(date_m885)s, %(value_m885)s), (%(indicator_id_m886)s, %(date_m886)s, %(value_m886)s), (%(indicator_id_m887)s, %(date_m887)s, %(value_m887)s), (%(indicator_id_m888)s, %(date_m888)s, %(value_m888)s), (%(indicator_id_m889)s, %(date_m889)s, %(value_m889)s), (%(indicator_id_m890)s, %(date_m890)s, %(value_m890)s), (%(indicator_id_m891)s, %(date_m891)s, %(value_m891)s), (%(indicator_id_m892)s, %(date_m892)s, %(value_m892)s), (%(indicator_id_m893)s, %(date_m893)s, %(value_m893)s), (%(indicator_id_m894)s, %(date_m894)s, %(value_m894)s), (%(indicator_id_m895)s, %(date_m895)s, %(value_m895)s), (%(indicator_id_m896)s, %(date_m896)s, %(value_m896)s), (%(indicator_id_m897)s, %(date_m897)s, %(value_m897)s), (%(indicator_id_m898)s, %(date_m898)s, %(value_m898)s), (%(indicator_id_m899)s, %(date_m899)s, %(value_m899)s), (%(indicator_id_m900)s, %(date_m900)s, %(value_m900)s), (%(indicator_id_m901)s, %(date_m901)s, %(value_m901)s), (%(indicator_id_m902)s, %(date_m902)s, %(value_m902)s), (%(indicator_id_m903)s, %(date_m903)s, %(value_m903)s), (%(indicator_id_m904)s, %(date_m904)s, %(value_m904)s), (%(indicator_id_m905)s, %(date_m905)s, %(value_m905)s), (%(indicator_id_m906)s, %(date_m906)s, %(value_m906)s), (%(indicator_id_m907)s, %(date_m907)s, %(value_m907)s), (%(indicator_id_m908)s, %(date_m908)s, %(value_m908)s), (%(indicator_id_m909)s, %(date_m909)s, %(value_m909)s), (%(indicator_id_m910)s, %(date_m910)s, %(value_m910)s), (%(indicator_id_m911)s, %(date_m911)s, %(value_m911)s), (%(indicator_id_m912)s, %(date_m912)s, %(value_m912)s), (%(indicator_id_m913)s, %(date_m913)s, %(value_m913)s), (%(indicator_id_m914)s, %(date_m914)s, %(value_m914)s), (%(indicator_id_m915)s, %(date_m915)s, %(value_m915)s), (%(indicator_id_m916)s, %(date_m916)s, %(value_m916)s), (%(indicator_id_m917)s, %(date_m917)s, %(value_m917)s), (%(indicator_id_m918)s, %(date_m918)s, %(value_m918)s), (%(indicator_id_m919)s, %(date_m919)s, %(value_m919)s), (%(indicator_id_m920)s, %(date_m920)s, %(value_m920)s), (%(indicator_id_m921)s, %(date_m921)s, %(value_m921)s), (%(indicator_id_m922)s, %(date_m922)s, %(value_m922)s), (%(indicator_id_m923)s, %(date_m923)s, %(value_m923)s), (%(indicator_id_m924)s, %(date_m924)s, %(value_m924)s), (%(indicator_id_m925)s, %(date_m925)s, %(value_m925)s), (%(indicator_id_m926)s, %(date_m926)s, %(value_m926)s), (%(indicator_id_m927)s, %(date_m927)s, %(value_m927)s), (%(indicator_id_m928)s, %(date_m928)s, %(value_m928)s), (%(indicator_id_m929)s, %(date_m929)s, %(value_m929)s), (%(indicator_id_m930)s, %(date_m930)s, %(value_m930)s), (%(indicator_id_m931)s, %(date_m931)s, %(value_m931)s), (%(indicator_id_m932)s, %(date_m932)s, %(value_m932)s), (%(indicator_id_m933)s, %(date_m933)s, %(value_m933)s), (%(indicator_id_m934)s, %(date_m934)s, %(value_m934)s), (%(indicator_id_m935)s, %(date_m935)s, %(value_m935)s), (%(indicator_id_m936)s, %(date_m936)s, %(value_m936)s), (%(indicator_id_m937)s, %(date_m937)s, %(value_m937)s), (%(indicator_id_m938)s, %(date_m938)s, %(value_m938)s), (%(indicator_id_m939)s, %(date_m939)s, %(value_m939)s), (%(indicator_id_m940)s, %(date_m940)s, %(value_m940)s), (%(indicator_id_m941)s, %(date_m941)s, %(value_m941)s), (%(indicator_id_m942)s, %(date_m942)s, %(value_m942)s), (%(indicator_id_m943)s, %(date_m943)s, %(value_m943)s), (%(indicator_id_m944)s, %(date_m944)s, %(value_m944)s), (%(indicator_id_m945)s, %(date_m945)s, %(value_m945)s), (%(indicator_id_m946)s, %(date_m946)s, %(value_m946)s), (%(indicator_id_m947)s, %(date_m947)s, %(value_m947)s), (%(indicator_id_m948)s, %(date_m948)s, %(value_m948)s), (%(indicator_id_m949)s, %(date_m949)s, %(value_m949)s), (%(indicator_id_m950)s, %(date_m950)s, %(value_m950)s), (%(indicator_id_m951)s, %(date_m951)s, %(value_m951)s), (%(indicator_id_m952)s, %(date_m952)s, %(value_m952)s), (%(indicator_id_m953)s, %(date_m953)s, %(value_m953)s), (%(indicator_id_m954)s, %(date_m954)s, %(value_m954)s), (%(indicator_id_m955)s, %(date_m955)s, %(value_m955)s), (%(indicator_id_m956)s, %(date_m956)s, %(value_m956)s), (%(indicator_id_m957)s, %(date_m957)s, %(value_m957)s), (%(indicator_id_m958)s, %(date_m958)s, %(value_m958)s), (%(indicator_id_m959)s, %(date_m959)s, %(value_m959)s), (%(indicator_id_m960)s, %(date_m960)s, %(value_m960)s), (%(indicator_id_m961)s, %(date_m961)s, %(value_m961)s), (%(indicator_id_m962)s, %(date_m962)s, %(value_m962)s), (%(indicator_id_m963)s, %(date_m963)s, %(value_m963)s), (%(indicator_id_m964)s, %(date_m964)s, %(value_m964)s), (%(indicator_id_m965)s, %(date_m965)s, %(value_m965)s), (%(indicator_id_m966)s, %(date_m966)s, %(value_m966)s), (%(indicator_id_m967)s, %(date_m967)s, %(value_m967)s), (%(indicator_id_m968)s, %(date_m968)s, %(value_m968)s), (%(indicator_id_m969)s, %(date_m969)s, %(value_m969)s), (%(indicator_id_m970)s, %(date_m970)s, %(value_m970)s), (%(indicator_id_m971)s, %(date_m971)s, %(value_m971)s), (%(indicator_id_m972)s, %(date_m972)s, %(value_m972)s), (%(indicator_id_m973)s, %(date_m973)s, %(value_m973)s), (%(indicator_id_m974)s, %(date_m974)s, %(value_m974)s), (%(indicator_id_m975)s, %(date_m975)s, %(value_m975)s), (%(indicator_id_m976)s, %(date_m976)s, %(value_m976)s), (%(indicator_id_m977)s, %(date_m977)s, %(value_m977)s), (%(indicator_id_m978)s, %(date_m978)s, %(value_m978)s), (%(indicator_id_m979)s, %(date_m979)s, %(value_m979)s), (%(indicator_id_m980)s, %(date_m980)s, %(value_m980)s), (%(indicator_id_m981)s, %(date_m981)s, %(value_m981)s), (%(indicator_id_m982)s, %(date_m982)s, %(value_m982)s), (%(indicator_id_m983)s, %(date_m983)s, %(value_m983)s), (%(indicator_id_m984)s, %(date_m984)s, %(value_m984)s), (%(indicator_id_m985)s, %(date_m985)s, %(value_m985)s), (%(indicator_id_m986)s, %(date_m986)s, %(value_m986)s), (%(indicator_id_m987)s, %(date_m987)s, %(value_m987)s), (%(indicator_id_m988)s, %(date_m988)s, %(value_m988)s), (%(indicator_id_m989)s, %(date_m989)s, %(value_m989)s), (%(indicator_id_m990)s, %(date_m990)s, %(value_m990)s), (%(indicator_id_m991)s, %(date_m991)s, %(value_m991)s), (%(indicator_id_m992)s, %(date_m992)s, %(value_m992)s), (%(indicator_id_m993)s, %(date_m993)s, %(value_m993)s), (%(indicator_id_m994)s, %(date_m994)s, %(value_m994)s), (%(indicator_id_m995)s, %(date_m995)s, %(value_m995)s), (%(indicator_id_m996)s, %(date_m996)s, %(value_m996)s), (%(indicator_id_m997)s, %(date_m997)s, %(value_m997)s), (%(indicator_id_m998)s, %(date_m998)s, %(value_m998)s), (%(indicator_id_m999)s, %(date_m999)s, %(value_m999)s), (%(indicator_id_m1000)s, %(date_m1000)s, %(value_m1000)s), (%(indicator_id_m1001)s, %(date_m1001)s, %(value_m1001)s), (%(indicator_id_m1002)s, %(date_m1002)s, %(value_m1002)s), (%(indicator_id_m1003)s, %(date_m1003)s, %(value_m1003)s), (%(indicator_id_m1004)s, %(date_m1004)s, %(value_m1004)s), (%(indicator_id_m1005)s, %(date_m1005)s, %(value_m1005)s), (%(indicator_id_m1006)s, %(date_m1006)s, %(value_m1006)s), (%(indicator_id_m1007)s, %(date_m1007)s, %(value_m1007)s), (%(indicator_id_m1008)s, %(date_m1008)s, %(value_m1008)s), (%(indicator_id_m1009)s, %(date_m1009)s, %(value_m1009)s), (%(indicator_id_m1010)s, %(date_m1010)s, %(value_m1010)s), (%(indicator_id_m1011)s, %(date_m1011)s, %(value_m1011)s), (%(indicator_id_m1012)s, %(date_m1012)s, %(value_m1012)s), (%(indicator_id_m1013)s, %(date_m1013)s, %(value_m1013)s), (%(indicator_id_m1014)s, %(date_m1014)s, %(value_m1014)s), (%(indicator_id_m1015)s, %(date_m1015)s, %(value_m1015)s), (%(indicator_id_m1016)s, %(date_m1016)s, %(value_m1016)s), (%(indicator_id_m1017)s, %(date_m1017)s, %(value_m1017)s), (%(indicator_id_m1018)s, %(date_m1018)s, %(value_m1018)s), (%(indicator_id_m1019)s, %(date_m1019)s, %(value_m1019)s), (%(indicator_id_m1020)s, %(date_m1020)s, %(value_m1020)s), (%(indicator_id_m1021)s, %(date_m1021)s, %(value_m1021)s), (%(indicator_id_m1022)s, %(date_m1022)s, %(value_m1022)s), (%(indicator_id_m1023)s, %(date_m1023)s, %(value_m1023)s), (%(indicator_id_m1024)s, %(date_m1024)s, %(value_m1024)s), (%(indicator_id_m1025)s, %(date_m1025)s, %(value_m1025)s), (%(indicator_id_m1026)s, %(date_m1026)s, %(value_m1026)s), (%(indicator_id_m1027)s, %(date_m1027)s, %(value_m1027)s), (%(indicator_id_m1028)s, %(date_m1028)s, %(value_m1028)s), (%(indicator_id_m1029)s, %(date_m1029)s, %(value_m1029)s), (%(indicator_id_m1030)s, %(date_m1030)s, %(value_m1030)s), (%(indicator_id_m1031)s, %(date_m1031)s, %(value_m1031)s), (%(indicator_id_m1032)s, %(date_m1032)s, %(value_m1032)s), (%(indicator_id_m1033)s, %(date_m1033)s, %(value_m1033)s), (%(indicator_id_m1034)s, %(date_m1034)s, %(value_m1034)s), (%(indicator_id_m1035)s, %(date_m1035)s, %(value_m1035)s), (%(indicator_id_m1036)s, %(date_m1036)s, %(value_m1036)s), (%(indicator_id_m1037)s, %(date_m1037)s, %(value_m1037)s), (%(indicator_id_m1038)s, %(date_m1038)s, %(value_m1038)s), (%(indicator_id_m1039)s, %(date_m1039)s, %(value_m1039)s), (%(indicator_id_m1040)s, %(date_m1040)s, %(value_m1040)s), (%(indicator_id_m1041)s, %(date_m1041)s, %(value_m1041)s), (%(indicator_id_m1042)s, %(date_m1042)s, %(value_m1042)s), (%(indicator_id_m1043)s, %(date_m1043)s, %(value_m1043)s), (%(indicator_id_m1044)s, %(date_m1044)s, %(value_m1044)s), (%(indicator_id_m1045)s, %(date_m1045)s, %(value_m1045)s), (%(indicator_id_m1046)s, %(date_m1046)s, %(value_m1046)s), (%(indicator_id_m1047)s, %(date_m1047)s, %(value_m1047)s), (%(indicator_id_m1048)s, %(date_m1048)s, %(value_m1048)s), (%(indicator_id_m1049)s, %(date_m1049)s, %(value_m1049)s), (%(indicator_id_m1050)s, %(date_m1050)s, %(value_m1050)s), (%(indicator_id_m1051)s, %(date_m1051)s, %(value_m1051)s), (%(indicator_id_m1052)s, %(date_m1052)s, %(value_m1052)s), (%(indicator_id_m1053)s, %(date_m1053)s, %(value_m1053)s), (%(indicator_id_m1054)s, %(date_m1054)s, %(value_m1054)s), (%(indicator_id_m1055)s, %(date_m1055)s, %(value_m1055)s), (%(indicator_id_m1056)s, %(date_m1056)s, %(value_m1056)s), (%(indicator_id_m1057)s, %(date_m1057)s, %(value_m1057)s), (%(indicator_id_m1058)s, %(date_m1058)s, %(value_m1058)s), (%(indicator_id_m1059)s, %(date_m1059)s, %(value_m1059)s), (%(indicator_id_m1060)s, %(date_m1060)s, %(value_m1060)s), (%(indicator_id_m1061)s, %(date_m1061)s, %(value_m1061)s), (%(indicator_id_m1062)s, %(date_m1062)s, %(value_m1062)s), (%(indicator_id_m1063)s, %(date_m1063)s, %(value_m1063)s), (%(indicator_id_m1064)s, %(date_m1064)s, %(value_m1064)s), (%(indicator_id_m1065)s, %(date_m1065)s, %(value_m1065)s), (%(indicator_id_m1066)s, %(date_m1066)s, %(value_m1066)s), (%(indicator_id_m1067)s, %(date_m1067)s, %(value_m1067)s), (%(indicator_id_m1068)s, %(date_m1068)s, %(value_m1068)s), (%(indicator_id_m1069)s, %(date_m1069)s, %(value_m1069)s), (%(indicator_id_m1070)s, %(date_m1070)s, %(value_m1070)s), (%(indicator_id_m1071)s, %(date_m1071)s, %(value_m1071)s), (%(indicator_id_m1072)s, %(date_m1072)s, %(value_m1072)s), (%(indicator_id_m1073)s, %(date_m1073)s, %(value_m1073)s), (%(indicator_id_m1074)s, %(date_m1074)s, %(value_m1074)s), (%(indicator_id_m1075)s, %(date_m1075)s, %(value_m1075)s), (%(indicator_id_m1076)s, %(date_m1076)s, %(value_m1076)s), (%(indicator_id_m1077)s, %(date_m1077)s, %(value_m1077)s), (%(indicator_id_m1078)s, %(date_m1078)s, %(value_m1078)s), (%(indicator_id_m1079)s, %(date_m1079)s, %(value_m1079)s), (%(indicator_id_m1080)s, %(date_m1080)s, %(value_m1080)s), (%(indicator_id_m1081)s, %(date_m1081)s, %(value_m1081)s), (%(indicator_id_m1082)s, %(date_m1082)s, %(value_m1082)s), (%(indicator_id_m1083)s, %(date_m1083)s, %(value_m1083)s), (%(indicator_id_m1084)s, %(date_m1084)s, %(value_m1084)s), (%(indicator_id_m1085)s, %(date_m1085)s, %(value_m1085)s), (%(indicator_id_m1086)s, %(date_m1086)s, %(value_m1086)s), (%(indicator_id_m1087)s, %(date_m1087)s, %(value_m1087)s), (%(indicator_id_m1088)s, %(date_m1088)s, %(value_m1088)s), (%(indicator_id_m1089)s, %(date_m1089)s, %(value_m1089)s), (%(indicator_id_m1090)s, %(date_m1090)s, %(value_m1090)s), (%(indicator_id_m1091)s, %(date_m1091)s, %(value_m1091)s), (%(indicator_id_m1092)s, %(date_m1092)s, %(value_m1092)s), (%(indicator_id_m1093)s, %(date_m1093)s, %(value_m1093)s), (%(indicator_id_m1094)s, %(date_m1094)s, %(value_m1094)s), (%(indicator_id_m1095)s, %(date_m1095)s, %(value_m1095)s), (%(indicator_id_m1096)s, %(date_m1096)s, %(value_m1096)s), (%(indicator_id_m1097)s, %(date_m1097)s, %(value_m1097)s), (%(indicator_id_m1098)s, %(date_m1098)s, %(value_m1098)s), (%(indicator_id_m1099)s, %(date_m1099)s, %(value_m1099)s), (%(indicator_id_m1100)s, %(date_m1100)s, %(value_m1100)s), (%(indicator_id_m1101)s, %(date_m1101)s, %(value_m1101)s), (%(indicator_id_m1102)s, %(date_m1102)s, %(value_m1102)s), (%(indicator_id_m1103)s, %(date_m1103)s, %(value_m1103)s), (%(indicator_id_m1104)s, %(date_m1104)s, %(value_m1104)s), (%(indicator_id_m1105)s, %(date_m1105)s, %(value_m1105)s), (%(indicator_id_m1106)s, %(date_m1106)s, %(value_m1106)s), (%(indicator_id_m1107)s, %(date_m1107)s, %(value_m1107)s), (%(indicator_id_m1108)s, %(date_m1108)s, %(value_m1108)s), (%(indicator_id_m1109)s, %(date_m1109)s, %(value_m1109)s), (%(indicator_id_m1110)s, %(date_m1110)s, %(value_m1110)s), (%(indicator_id_m1111)s, %(date_m1111)s, %(value_m1111)s), (%(indicator_id_m1112)s, %(date_m1112)s, %(value_m1112)s), (%(indicator_id_m1113)s, %(date_m1113)s, %(value_m1113)s), (%(indicator_id_m1114)s, %(date_m1114)s, %(value_m1114)s), (%(indicator_id_m1115)s, %(date_m1115)s, %(value_m1115)s), (%(indicator_id_m1116)s, %(date_m1116)s, %(value_m1116)s), (%(indicator_id_m1117)s, %(date_m1117)s, %(value_m1117)s), (%(indicator_id_m1118)s, %(date_m1118)s, %(value_m1118)s), (%(indicator_id_m1119)s, %(date_m1119)s, %(value_m1119)s), (%(indicator_id_m1120)s, %(date_m1120)s, %(value_m1120)s), (%(indicator_id_m1121)s, %(date_m1121)s, %(value_m1121)s), (%(indicator_id_m1122)s, %(date_m1122)s, %(value_m1122)s), (%(indicator_id_m1123)s, %(date_m1123)s, %(value_m1123)s), (%(indicator_id_m1124)s, %(date_m1124)s, %(value_m1124)s), (%(indicator_id_m1125)s, %(date_m1125)s, %(value_m1125)s), (%(indicator_id_m1126)s, %(date_m1126)s, %(value_m1126)s), (%(indicator_id_m1127)s, %(date_m1127)s, %(value_m1127)s), (%(indicator_id_m1128)s, %(date_m1128)s, %(value_m1128)s), (%(indicator_id_m1129)s, %(date_m1129)s, %(value_m1129)s), (%(indicator_id_m1130)s, %(date_m1130)s, %(value_m1130)s), (%(indicator_id_m1131)s, %(date_m1131)s, %(value_m1131)s), (%(indicator_id_m1132)s, %(date_m1132)s, %(value_m1132)s), (%(indicator_id_m1133)s, %(date_m1133)s, %(value_m1133)s), (%(indicator_id_m1134)s, %(date_m1134)s, %(value_m1134)s), (%(indicator_id_m1135)s, %(date_m1135)s, %(value_m1135)s), (%(indicator_id_m1136)s, %(date_m1136)s, %(value_m1136)s), (%(indicator_id_m1137)s, %(date_m1137)s, %(value_m1137)s), (%(indicator_id_m1138)s, %(date_m1138)s, %(value_m1138)s), (%(indicator_id_m1139)s, %(date_m1139)s, %(value_m1139)s), (%(indicator_id_m1140)s, %(date_m1140)s, %(value_m1140)s), (%(indicator_id_m1141)s, %(date_m1141)s, %(value_m1141)s), (%(indicator_id_m1142)s, %(date_m1142)s, %(value_m1142)s), (%(indicator_id_m1143)s, %(date_m1143)s, %(value_m1143)s), (%(indicator_id_m1144)s, %(date_m1144)s, %(value_m1144)s), (%(indicator_id_m1145)s, %(date_m1145)s, %(value_m1145)s), (%(indicator_id_m1146)s, %(date_m1146)s, %(value_m1146)s), (%(indicator_id_m1147)s, %(date_m1147)s, %(value_m1147)s), (%(indicator_id_m1148)s, %(date_m1148)s, %(value_m1148)s), (%(indicator_id_m1149)s, %(date_m1149)s, %(value_m1149)s), (%(indicator_id_m1150)s, %(date_m1150)s, %(value_m1150)s), (%(indicator_id_m1151)s, %(date_m1151)s, %(value_m1151)s), (%(indicator_id_m1152)s, %(date_m1152)s, %(value_m1152)s), (%(indicator_id_m1153)s, %(date_m1153)s, %(value_m1153)s), (%(indicator_id_m1154)s, %(date_m1154)s, %(value_m1154)s), (%(indicator_id_m1155)s, %(date_m1155)s, %(value_m1155)s), (%(indicator_id_m1156)s, %(date_m1156)s, %(value_m1156)s), (%(indicator_id_m1157)s, %(date_m1157)s, %(value_m1157)s), (%(indicator_id_m1158)s, %(date_m1158)s, %(value_m1158)s), (%(indicator_id_m1159)s, %(date_m1159)s, %(value_m1159)s), (%(indicator_id_m1160)s, %(date_m1160)s, %(value_m1160)s), (%(indicator_id_m1161)s, %(date_m1161)s, %(value_m1161)s), (%(indicator_id_m1162)s, %(date_m1162)s, %(value_m1162)s), (%(indicator_id_m1163)s, %(date_m1163)s, %(value_m1163)s), (%(indicator_id_m1164)s, %(date_m1164)s, %(value_m1164)s), (%(indicator_id_m1165)s, %(date_m1165)s, %(value_m1165)s), (%(indicator_id_m1166)s, %(date_m1166)s, %(value_m1166)s), (%(indicator_id_m1167)s, %(date_m1167)s, %(value_m1167)s), (%(indicator_id_m1168)s, %(date_m1168)s, %(value_m1168)s), (%(indicator_id_m1169)s, %(date_m1169)s, %(value_m1169)s), (%(indicator_id_m1170)s, %(date_m1170)s, %(value_m1170)s), (%(indicator_id_m1171)s, %(date_m1171)s, %(value_m1171)s), (%(indicator_id_m1172)s, %(date_m1172)s, %(value_m1172)s), (%(indicator_id_m1173)s, %(date_m1173)s, %(value_m1173)s), (%(indicator_id_m1174)s, %(date_m1174)s, %(value_m1174)s), (%(indicator_id_m1175)s, %(date_m1175)s, %(value_m1175)s), (%(indicator_id_m1176)s, %(date_m1176)s, %(value_m1176)s), (%(indicator_id_m1177)s, %(date_m1177)s, %(value_m1177)s), (%(indicator_id_m1178)s, %(date_m1178)s, %(value_m1178)s), (%(indicator_id_m1179)s, %(date_m1179)s, %(value_m1179)s), (%(indicator_id_m1180)s, %(date_m1180)s, %(value_m1180)s), (%(indicator_id_m1181)s, %(date_m1181)s, %(value_m1181)s), (%(indicator_id_m1182)s, %(date_m1182)s, %(value_m1182)s), (%(indicator_id_m1183)s, %(date_m1183)s, %(value_m1183)s), (%(indicator_id_m1184)s, %(date_m1184)s, %(value_m1184)s), (%(indicator_id_m1185)s, %(date_m1185)s, %(value_m1185)s), (%(indicator_id_m1186)s, %(date_m1186)s, %(value_m1186)s), (%(indicator_id_m1187)s, %(date_m1187)s, %(value_m1187)s), (%(indicator_id_m1188)s, %(date_m1188)s, %(value_m1188)s), (%(indicator_id_m1189)s, %(date_m1189)s, %(value_m1189)s), (%(indicator_id_m1190)s, %(date_m1190)s, %(value_m1190)s), (%(indicator_id_m1191)s, %(date_m1191)s, %(value_m1191)s), (%(indicator_id_m1192)s, %(date_m1192)s, %(value_m1192)s), (%(indicator_id_m1193)s, %(date_m1193)s, %(value_m1193)s), (%(indicator_id_m1194)s, %(date_m1194)s, %(value_m1194)s), (%(indicator_id_m1195)s, %(date_m1195)s, %(value_m1195)s), (%(indicator_id_m1196)s, %(date_m1196)s, %(value_m1196)s), (%(indicator_id_m1197)s, %(date_m1197)s, %(value_m1197)s), (%(indicator_id_m1198)s, %(date_m1198)s, %(value_m1198)s), (%(indicator_id_m1199)s, %(date_m1199)s, %(value_m1199)s), (%(indicator_id_m1200)s, %(date_m1200)s, %(value_m1200)s), (%(indicator_id_m1201)s, %(date_m1201)s, %(value_m1201)s), (%(indicator_id_m1202)s, %(date_m1202)s, %(value_m1202)s), (%(indicator_id_m1203)s, %(date_m1203)s, %(value_m1203)s), (%(indicator_id_m1204)s, %(date_m1204)s, %(value_m1204)s), (%(indicator_id_m1205)s, %(date_m1205)s, %(value_m1205)s), (%(indicator_id_m1206)s, %(date_m1206)s, %(value_m1206)s), (%(indicator_id_m1207)s, %(date_m1207)s, %(value_m1207)s), (%(indicator_id_m1208)s, %(date_m1208)s, %(value_m1208)s), (%(indicator_id_m1209)s, %(date_m1209)s, %(value_m1209)s), (%(indicator_id_m1210)s, %(date_m1210)s, %(value_m1210)s), (%(indicator_id_m1211)s, %(date_m1211)s, %(value_m1211)s), (%(indicator_id_m1212)s, %(date_m1212)s, %(value_m1212)s), (%(indicator_id_m1213)s, %(date_m1213)s, %(value_m1213)s), (%(indicator_id_m1214)s, %(date_m1214)s, %(value_m1214)s), (%(indicator_id_m1215)s, %(date_m1215)s, %(value_m1215)s), (%(indicator_id_m1216)s, %(date_m1216)s, %(value_m1216)s), (%(indicator_id_m1217)s, %(date_m1217)s, %(value_m1217)s), (%(indicator_id_m1218)s, %(date_m1218)s, %(value_m1218)s), (%(indicator_id_m1219)s, %(date_m1219)s, %(value_m1219)s), (%(indicator_id_m1220)s, %(date_m1220)s, %(value_m1220)s), (%(indicator_id_m1221)s, %(date_m1221)s, %(value_m1221)s), (%(indicator_id_m1222)s, %(date_m1222)s, %(value_m1222)s), (%(indicator_id_m1223)s, %(date_m1223)s, %(value_m1223)s), (%(indicator_id_m1224)s, %(date_m1224)s, %(value_m1224)s), (%(indicator_id_m1225)s, %(date_m1225)s, %(value_m1225)s), (%(indicator_id_m1226)s, %(date_m1226)s, %(value_m1226)s), (%(indicator_id_m1227)s, %(date_m1227)s, %(value_m1227)s), (%(indicator_id_m1228)s, %(date_m1228)s, %(value_m1228)s), (%(indicator_id_m1229)s, %(date_m1229)s, %(value_m1229)s), (%(indicator_id_m1230)s, %(date_m1230)s, %(value_m1230)s), (%(indicator_id_m1231)s, %(date_m1231)s, %(value_m1231)s), (%(indicator_id_m1232)s, %(date_m1232)s, %(value_m1232)s), (%(indicator_id_m1233)s, %(date_m1233)s, %(value_m1233)s), (%(indicator_id_m1234)s, %(date_m1234)s, %(value_m1234)s), (%(indicator_id_m1235)s, %(date_m1235)s, %(value_m1235)s), (%(indicator_id_m1236)s, %(date_m1236)s, %(value_m1236)s), (%(indicator_id_m1237)s, %(date_m1237)s, %(value_m1237)s), (%(indicator_id_m1238)s, %(date_m1238)s, %(value_m1238)s), (%(indicator_id_m1239)s, %(date_m1239)s, %(value_m1239)s), (%(indicator_id_m1240)s, %(date_m1240)s, %(value_m1240)s), (%(indicator_id_m1241)s, %(date_m1241)s, %(value_m1241)s), (%(indicator_id_m1242)s, %(date_m1242)s, %(value_m1242)s), (%(indicator_id_m1243)s, %(date_m1243)s, %(value_m1243)s), (%(indicator_id_m1244)s, %(date_m1244)s, %(value_m1244)s), (%(indicator_id_m1245)s, %(date_m1245)s, %(value_m1245)s), (%(indicator_id_m1246)s, %(date_m1246)s, %(value_m1246)s), (%(indicator_id_m1247)s, %(date_m1247)s, %(value_m1247)s), (%(indicator_id_m1248)s, %(date_m1248)s, %(value_m1248)s), (%(indicator_id_m1249)s, %(date_m1249)s, %(value_m1249)s), (%(indicator_id_m1250)s, %(date_m1250)s, %(value_m1250)s), (%(indicator_id_m1251)s, %(date_m1251)s, %(value_m1251)s), (%(indicator_id_m1252)s, %(date_m1252)s, %(value_m1252)s), (%(indicator_id_m1253)s, %(date_m1253)s, %(value_m1253)s), (%(indicator_id_m1254)s, %(date_m1254)s, %(value_m1254)s), (%(indicator_id_m1255)s, %(date_m1255)s, %(value_m1255)s), (%(indicator_id_m1256)s, %(date_m1256)s, %(value_m1256)s), (%(indicator_id_m1257)s, %(date_m1257)s, %(value_m1257)s), (%(indicator_id_m1258)s, %(date_m1258)s, %(value_m1258)s), (%(indicator_id_m1259)s, %(date_m1259)s, %(value_m1259)s), (%(indicator_id_m1260)s, %(date_m1260)s, %(value_m1260)s), (%(indicator_id_m1261)s, %(date_m1261)s, %(value_m1261)s), (%(indicator_id_m1262)s, %(date_m1262)s, %(value_m1262)s), (%(indicator_id_m1263)s, %(date_m1263)s, %(value_m1263)s), (%(indicator_id_m1264)s, %(date_m1264)s, %(value_m1264)s), (%(indicator_id_m1265)s, %(date_m1265)s, %(value_m1265)s), (%(indicator_id_m1266)s, %(date_m1266)s, %(value_m1266)s), (%(indicator_id_m1267)s, %(date_m1267)s, %(value_m1267)s), (%(indicator_id_m1268)s, %(date_m1268)s, %(value_m1268)s), (%(indicator_id_m1269)s, %(date_m1269)s, %(value_m1269)s), (%(indicator_id_m1270)s, %(date_m1270)s, %(value_m1270)s), (%(indicator_id_m1271)s, %(date_m1271)s, %(value_m1271)s), (%(indicator_id_m1272)s, %(date_m1272)s, %(value_m1272)s), (%(indicator_id_m1273)s, %(date_m1273)s, %(value_m1273)s), (%(indicator_id_m1274)s, %(date_m1274)s, %(value_m1274)s), (%(indicator_id_m1275)s, %(date_m1275)s, %(value_m1275)s), (%(indicator_id_m1276)s, %(date_m1276)s, %(value_m1276)s), (%(indicator_id_m1277)s, %(date_m1277)s, %(value_m1277)s), (%(indicator_id_m1278)s, %(date_m1278)s, %(value_m1278)s), (%(indicator_id_m1279)s, %(date_m1279)s, %(value_m1279)s), (%(indicator_id_m1280)s, %(date_m1280)s, %(value_m1280)s), (%(indicator_id_m1281)s, %(date_m1281)s, %(value_m1281)s), (%(indicator_id_m1282)s, %(date_m1282)s, %(value_m1282)s), (%(indicator_id_m1283)s, %(date_m1283)s, %(value_m1283)s), (%(indicator_id_m1284)s, %(date_m1284)s, %(value_m1284)s), (%(indicator_id_m1285)s, %(date_m1285)s, %(value_m1285)s), (%(indicator_id_m1286)s, %(date_m1286)s, %(value_m1286)s), (%(indicator_id_m1287)s, %(date_m1287)s, %(value_m1287)s), (%(indicator_id_m1288)s, %(date_m1288)s, %(value_m1288)s), (%(indicator_id_m1289)s, %(date_m1289)s, %(value_m1289)s), (%(indicator_id_m1290)s, %(date_m1290)s, %(value_m1290)s), (%(indicator_id_m1291)s, %(date_m1291)s, %(value_m1291)s), (%(indicator_id_m1292)s, %(date_m1292)s, %(value_m1292)s), (%(indicator_id_m1293)s, %(date_m1293)s, %(value_m1293)s), (%(indicator_id_m1294)s, %(date_m1294)s, %(value_m1294)s), (%(indicator_id_m1295)s, %(date_m1295)s, %(value_m1295)s), (%(indicator_id_m1296)s, %(date_m1296)s, %(value_m1296)s), (%(indicator_id_m1297)s, %(date_m1297)s, %(value_m1297)s), (%(indicator_id_m1298)s, %(date_m1298)s, %(value_m1298)s), (%(indicator_id_m1299)s, %(date_m1299)s, %(value_m1299)s), (%(indicator_id_m1300)s, %(date_m1300)s, %(value_m1300)s), (%(indicator_id_m1301)s, %(date_m1301)s, %(value_m1301)s), (%(indicator_id_m1302)s, %(date_m1302)s, %(value_m1302)s), (%(indicator_id_m1303)s, %(date_m1303)s, %(value_m1303)s), (%(indicator_id_m1304)s, %(date_m1304)s, %(value_m1304)s), (%(indicator_id_m1305)s, %(date_m1305)s, %(value_m1305)s), (%(indicator_id_m1306)s, %(date_m1306)s, %(value_m1306)s), (%(indicator_id_m1307)s, %(date_m1307)s, %(value_m1307)s), (%(indicator_id_m1308)s, %(date_m1308)s, %(value_m1308)s), (%(indicator_id_m1309)s, %(date_m1309)s, %(value_m1309)s), (%(indicator_id_m1310)s, %(date_m1310)s, %(value_m1310)s), (%(indicator_id_m1311)s, %(date_m1311)s, %(value_m1311)s), (%(indicator_id_m1312)s, %(date_m1312)s, %(value_m1312)s), (%(indicator_id_m1313)s, %(date_m1313)s, %(value_m1313)s), (%(indicator_id_m1314)s, %(date_m1314)s, %(value_m1314)s), (%(indicator_id_m1315)s, %(date_m1315)s, %(value_m1315)s), (%(indicator_id_m1316)s, %(date_m1316)s, %(value_m1316)s), (%(indicator_id_m1317)s, %(date_m1317)s, %(value_m1317)s), (%(indicator_id_m1318)s, %(date_m1318)s, %(value_m1318)s), (%(indicator_id_m1319)s, %(date_m1319)s, %(value_m1319)s), (%(indicator_id_m1320)s, %(date_m1320)s, %(value_m1320)s), (%(indicator_id_m1321)s, %(date_m1321)s, %(value_m1321)s), (%(indicator_id_m1322)s, %(date_m1322)s, %(value_m1322)s), (%(indicator_id_m1323)s, %(date_m1323)s, %(value_m1323)s), (%(indicator_id_m1324)s, %(date_m1324)s, %(value_m1324)s), (%(indicator_id_m1325)s, %(date_m1325)s, %(value_m1325)s), (%(indicator_id_m1326)s, %(date_m1326)s, %(value_m1326)s), (%(indicator_id_m1327)s, %(date_m1327)s, %(value_m1327)s), (%(indicator_id_m1328)s, %(date_m1328)s, %(value_m1328)s), (%(indicator_id_m1329)s, %(date_m1329)s, %(value_m1329)s), (%(indicator_id_m1330)s, %(date_m1330)s, %(value_m1330)s), (%(indicator_id_m1331)s, %(date_m1331)s, %(value_m1331)s), (%(indicator_id_m1332)s, %(date_m1332)s, %(value_m1332)s), (%(indicator_id_m1333)s, %(date_m1333)s, %(value_m1333)s), (%(indicator_id_m1334)s, %(date_m1334)s, %(value_m1334)s), (%(indicator_id_m1335)s, %(date_m1335)s, %(value_m1335)s), (%(indicator_id_m1336)s, %(date_m1336)s, %(value_m1336)s), (%(indicator_id_m1337)s, %(date_m1337)s, %(value_m1337)s), (%(indicator_id_m1338)s, %(date_m1338)s, %(value_m1338)s), (%(indicator_id_m1339)s, %(date_m1339)s, %(value_m1339)s), (%(indicator_id_m1340)s, %(date_m1340)s, %(value_m1340)s), (%(indicator_id_m1341)s, %(date_m1341)s, %(value_m1341)s), (%(indicator_id_m1342)s, %(date_m1342)s, %(value_m1342)s), (%(indicator_id_m1343)s, %(date_m1343)s, %(value_m1343)s), (%(indicator_id_m1344)s, %(date_m1344)s, %(value_m1344)s), (%(indicator_id_m1345)s, %(date_m1345)s, %(value_m1345)s), (%(indicator_id_m1346)s, %(date_m1346)s, %(value_m1346)s), (%(indicator_id_m1347)s, %(date_m1347)s, %(value_m1347)s), (%(indicator_id_m1348)s, %(date_m1348)s, %(value_m1348)s), (%(indicator_id_m1349)s, %(date_m1349)s, %(value_m1349)s), (%(indicator_id_m1350)s, %(date_m1350)s, %(value_m1350)s), (%(indicator_id_m1351)s, %(date_m1351)s, %(value_m1351)s), (%(indicator_id_m1352)s, %(date_m1352)s, %(value_m1352)s), (%(indicator_id_m1353)s, %(date_m1353)s, %(value_m1353)s), (%(indicator_id_m1354)s, %(date_m1354)s, %(value_m1354)s), (%(indicator_id_m1355)s, %(date_m1355)s, %(value_m1355)s), (%(indicator_id_m1356)s, %(date_m1356)s, %(value_m1356)s), (%(indicator_id_m1357)s, %(date_m1357)s, %(value_m1357)s), (%(indicator_id_m1358)s, %(date_m1358)s, %(value_m1358)s), (%(indicator_id_m1359)s, %(date_m1359)s, %(value_m1359)s), (%(indicator_id_m1360)s, %(date_m1360)s, %(value_m1360)s), (%(indicator_id_m1361)s, %(date_m1361)s, %(value_m1361)s), (%(indicator_id_m1362)s, %(date_m1362)s, %(value_m1362)s), (%(indicator_id_m1363)s, %(date_m1363)s, %(value_m1363)s), (%(indicator_id_m1364)s, %(date_m1364)s, %(value_m1364)s), (%(indicator_id_m1365)s, %(date_m1365)s, %(value_m1365)s), (%(indicator_id_m1366)s, %(date_m1366)s, %(value_m1366)s), (%(indicator_id_m1367)s, %(date_m1367)s, %(value_m1367)s), (%(indicator_id_m1368)s, %(date_m1368)s, %(value_m1368)s), (%(indicator_id_m1369)s, %(date_m1369)s, %(value_m1369)s), (%(indicator_id_m1370)s, %(date_m1370)s, %(value_m1370)s), (%(indicator_id_m1371)s, %(date_m1371)s, %(value_m1371)s), (%(indicator_id_m1372)s, %(date_m1372)s, %(value_m1372)s), (%(indicator_id_m1373)s, %(date_m1373)s, %(value_m1373)s), (%(indicator_id_m1374)s, %(date_m1374)s, %(value_m1374)s), (%(indicator_id_m1375)s, %(date_m1375)s, %(value_m1375)s), (%(indicator_id_m1376)s, %(date_m1376)s, %(value_m1376)s), (%(indicator_id_m1377)s, %(date_m1377)s, %(value_m1377)s), (%(indicator_id_m1378)s, %(date_m1378)s, %(value_m1378)s), (%(indicator_id_m1379)s, %(date_m1379)s, %(value_m1379)s), (%(indicator_id_m1380)s, %(date_m1380)s, %(value_m1380)s), (%(indicator_id_m1381)s, %(date_m1381)s, %(value_m1381)s), (%(indicator_id_m1382)s, %(date_m1382)s, %(value_m1382)s), (%(indicator_id_m1383)s, %(date_m1383)s, %(value_m1383)s), (%(indicator_id_m1384)s, %(date_m1384)s, %(value_m1384)s), (%(indicator_id_m1385)s, %(date_m1385)s, %(value_m1385)s), (%(indicator_id_m1386)s, %(date_m1386)s, %(value_m1386)s), (%(indicator_id_m1387)s, %(date_m1387)s, %(value_m1387)s), (%(indicator_id_m1388)s, %(date_m1388)s, %(value_m1388)s), (%(indicator_id_m1389)s, %(date_m1389)s, %(value_m1389)s), (%(indicator_id_m1390)s, %(date_m1390)s, %(value_m1390)s), (%(indicator_id_m1391)s, %(date_m1391)s, %(value_m1391)s), (%(indicator_id_m1392)s, %(date_m1392)s, %(value_m1392)s), (%(indicator_id_m1393)s, %(date_m1393)s, %(value_m1393)s), (%(indicator_id_m1394)s, %(date_m1394)s, %(value_m1394)s), (%(indicator_id_m1395)s, %(date_m1395)s, %(value_m1395)s), (%(indicator_id_m1396)s, %(date_m1396)s, %(value_m1396)s), (%(indicator_id_m1397)s, %(date_m1397)s, %(value_m1397)s), (%(indicator_id_m1398)s, %(date_m1398)s, %(value_m1398)s), (%(indicator_id_m1399)s, %(date_m1399)s, %(value_m1399)s), (%(indicator_id_m1400)s, %(date_m1400)s, %(value_m1400)s), (%(indicator_id_m1401)s, %(date_m1401)s, %(value_m1401)s), (%(indicator_id_m1402)s, %(date_m1402)s, %(value_m1402)s), (%(indicator_id_m1403)s, %(date_m1403)s, %(value_m1403)s), (%(indicator_id_m1404)s, %(date_m1404)s, %(value_m1404)s), (%(indicator_id_m1405)s, %(date_m1405)s, %(value_m1405)s), (%(indicator_id_m1406)s, %(date_m1406)s, %(value_m1406)s), (%(indicator_id_m1407)s, %(date_m1407)s, %(value_m1407)s), (%(indicator_id_m1408)s, %(date_m1408)s, %(value_m1408)s), (%(indicator_id_m1409)s, %(date_m1409)s, %(value_m1409)s), (%(indicator_id_m1410)s, %(date_m1410)s, %(value_m1410)s), (%(indicator_id_m1411)s, %(date_m1411)s, %(value_m1411)s), (%(indicator_id_m1412)s, %(date_m1412)s, %(value_m1412)s), (%(indicator_id_m1413)s, %(date_m1413)s, %(value_m1413)s), (%(indicator_id_m1414)s, %(date_m1414)s, %(value_m1414)s), (%(indicator_id_m1415)s, %(date_m1415)s, %(value_m1415)s), (%(indicator_id_m1416)s, %(date_m1416)s, %(value_m1416)s), (%(indicator_id_m1417)s, %(date_m1417)s, %(value_m1417)s), (%(indicator_id_m1418)s, %(date_m1418)s, %(value_m1418)s), (%(indicator_id_m1419)s, %(date_m1419)s, %(value_m1419)s), (%(indicator_id_m1420)s, %(date_m1420)s, %(value_m1420)s), (%(indicator_id_m1421)s, %(date_m1421)s, %(value_m1421)s), (%(indicator_id_m1422)s, %(date_m1422)s, %(value_m1422)s), (%(indicator_id_m1423)s, %(date_m1423)s, %(value_m1423)s), (%(indicator_id_m1424)s, %(date_m1424)s, %(value_m1424)s), (%(indicator_id_m1425)s, %(date_m1425)s, %(value_m1425)s), (%(indicator_id_m1426)s, %(date_m1426)s, %(value_m1426)s), (%(indicator_id_m1427)s, %(date_m1427)s, %(value_m1427)s), (%(indicator_id_m1428)s, %(date_m1428)s, %(value_m1428)s), (%(indicator_id_m1429)s, %(date_m1429)s, %(value_m1429)s), (%(indicator_id_m1430)s, %(date_m1430)s, %(value_m1430)s), (%(indicator_id_m1431)s, %(date_m1431)s, %(value_m1431)s), (%(indicator_id_m1432)s, %(date_m1432)s, %(value_m1432)s), (%(indicator_id_m1433)s, %(date_m1433)s, %(value_m1433)s), (%(indicator_id_m1434)s, %(date_m1434)s, %(value_m1434)s), (%(indicator_id_m1435)s, %(date_m1435)s, %(value_m1435)s), (%(indicator_id_m1436)s, %(date_m1436)s, %(value_m1436)s), (%(indicator_id_m1437)s, %(date_m1437)s, %(value_m1437)s), (%(indicator_id_m1438)s, %(date_m1438)s, %(value_m1438)s), (%(indicator_id_m1439)s, %(date_m1439)s, %(value_m1439)s), (%(indicator_id_m1440)s, %(date_m1440)s, %(value_m1440)s), (%(indicator_id_m1441)s, %(date_m1441)s, %(value_m1441)s), (%(indicator_id_m1442)s, %(date_m1442)s, %(value_m1442)s), (%(indicator_id_m1443)s, %(date_m1443)s, %(value_m1443)s), (%(indicator_id_m1444)s, %(date_m1444)s, %(value_m1444)s), (%(indicator_id_m1445)s, %(date_m1445)s, %(value_m1445)s), (%(indicator_id_m1446)s, %(date_m1446)s, %(value_m1446)s), (%(indicator_id_m1447)s, %(date_m1447)s, %(value_m1447)s), (%(indicator_id_m1448)s, %(date_m1448)s, %(value_m1448)s), (%(indicator_id_m1449)s, %(date_m1449)s, %(value_m1449)s), (%(indicator_id_m1450)s, %(date_m1450)s, %(value_m1450)s), (%(indicator_id_m1451)s, %(date_m1451)s, %(value_m1451)s), (%(indicator_id_m1452)s, %(date_m1452)s, %(value_m1452)s), (%(indicator_id_m1453)s, %(date_m1453)s, %(value_m1453)s), (%(indicator_id_m1454)s, %(date_m1454)s, %(value_m1454)s), (%(indicator_id_m1455)s, %(date_m1455)s, %(value_m1455)s), (%(indicator_id_m1456)s, %(date_m1456)s, %(value_m1456)s), (%(indicator_id_m1457)s, %(date_m1457)s, %(value_m1457)s), (%(indicator_id_m1458)s, %(date_m1458)s, %(value_m1458)s), (%(indicator_id_m1459)s, %(date_m1459)s, %(value_m1459)s), (%(indicator_id_m1460)s, %(date_m1460)s, %(value_m1460)s), (%(indicator_id_m1461)s, %(date_m1461)s, %(value_m1461)s), (%(indicator_id_m1462)s, %(date_m1462)s, %(value_m1462)s), (%(indicator_id_m1463)s, %(date_m1463)s, %(value_m1463)s), (%(indicator_id_m1464)s, %(date_m1464)s, %(value_m1464)s), (%(indicator_id_m1465)s, %(date_m1465)s, %(value_m1465)s), (%(indicator_id_m1466)s, %(date_m1466)s, %(value_m1466)s), (%(indicator_id_m1467)s, %(date_m1467)s, %(value_m1467)s), (%(indicator_id_m1468)s, %(date_m1468)s, %(value_m1468)s), (%(indicator_id_m1469)s, %(date_m1469)s, %(value_m1469)s), (%(indicator_id_m1470)s, %(date_m1470)s, %(value_m1470)s), (%(indicator_id_m1471)s, %(date_m1471)s, %(value_m1471)s), (%(indicator_id_m1472)s, %(date_m1472)s, %(value_m1472)s), (%(indicator_id_m1473)s, %(date_m1473)s, %(value_m1473)s), (%(indicator_id_m1474)s, %(date_m1474)s, %(value_m1474)s), (%(indicator_id_m1475)s, %(date_m1475)s, %(value_m1475)s), (%(indicator_id_m1476)s, %(date_m1476)s, %(value_m1476)s), (%(indicator_id_m1477)s, %(date_m1477)s, %(value_m1477)s), (%(indicator_id_m1478)s, %(date_m1478)s, %(value_m1478)s), (%(indicator_id_m1479)s, %(date_m1479)s, %(value_m1479)s), (%(indicator_id_m1480)s, %(date_m1480)s, %(value_m1480)s), (%(indicator_id_m1481)s, %(date_m1481)s, %(value_m1481)s), (%(indicator_id_m1482)s, %(date_m1482)s, %(value_m1482)s), (%(indicator_id_m1483)s, %(date_m1483)s, %(value_m1483)s), (%(indicator_id_m1484)s, %(date_m1484)s, %(value_m1484)s), (%(indicator_id_m1485)s, %(date_m1485)s, %(value_m1485)s), (%(indicator_id_m1486)s, %(date_m1486)s, %(value_m1486)s), (%(indicator_id_m1487)s, %(date_m1487)s, %(value_m1487)s), (%(indicator_id_m1488)s, %(date_m1488)s, %(value_m1488)s), (%(indicator_id_m1489)s, %(date_m1489)s, %(value_m1489)s), (%(indicator_id_m1490)s, %(date_m1490)s, %(value_m1490)s), (%(indicator_id_m1491)s, %(date_m1491)s, %(value_m1491)s), (%(indicator_id_m1492)s, %(date_m1492)s, %(value_m1492)s), (%(indicator_id_m1493)s, %(date_m1493)s, %(value_m1493)s), (%(indicator_id_m1494)s, %(date_m1494)s, %(value_m1494)s), (%(indicator_id_m1495)s, %(date_m1495)s, %(value_m1495)s), (%(indicator_id_m1496)s, %(date_m1496)s, %(value_m1496)s), (%(indicator_id_m1497)s, %(date_m1497)s, %(value_m1497)s), (%(indicator_id_m1498)s, %(date_m1498)s, %(value_m1498)s), (%(indicator_id_m1499)s, %(date_m1499)s, %(value_m1499)s), (%(indicator_id_m1500)s, %(date_m1500)s, %(value_m1500)s), (%(indicator_id_m1501)s, %(date_m1501)s, %(value_m1501)s), (%(indicator_id_m1502)s, %(date_m1502)s, %(value_m1502)s), (%(indicator_id_m1503)s, %(date_m1503)s, %(value_m1503)s), (%(indicator_id_m1504)s, %(date_m1504)s, %(value_m1504)s), (%(indicator_id_m1505)s, %(date_m1505)s, %(value_m1505)s), (%(indicator_id_m1506)s, %(date_m1506)s, %(value_m1506)s), (%(indicator_id_m1507)s, %(date_m1507)s, %(value_m1507)s), (%(indicator_id_m1508)s, %(date_m1508)s, %(value_m1508)s), (%(indicator_id_m1509)s, %(date_m1509)s, %(value_m1509)s), (%(indicator_id_m1510)s, %(date_m1510)s, %(value_m1510)s), (%(indicator_id_m1511)s, %(date_m1511)s, %(value_m1511)s), (%(indicator_id_m1512)s, %(date_m1512)s, %(value_m1512)s), (%(indicator_id_m1513)s, %(date_m1513)s, %(value_m1513)s), (%(indicator_id_m1514)s, %(date_m1514)s, %(value_m1514)s), (%(indicator_id_m1515)s, %(date_m1515)s, %(value_m1515)s), (%(indicator_id_m1516)s, %(date_m1516)s, %(value_m1516)s), (%(indicator_id_m1517)s, %(date_m1517)s, %(value_m1517)s), (%(indicator_id_m1518)s, %(date_m1518)s, %(value_m1518)s), (%(indicator_id_m1519)s, %(date_m1519)s, %(value_m1519)s), (%(indicator_id_m1520)s, %(date_m1520)s, %(value_m1520)s), (%(indicator_id_m1521)s, %(date_m1521)s, %(value_m1521)s), (%(indicator_id_m1522)s, %(date_m1522)s, %(value_m1522)s), (%(indicator_id_m1523)s, %(date_m1523)s, %(value_m1523)s), (%(indicator_id_m1524)s, %(date_m1524)s, %(value_m1524)s), (%(indicator_id_m1525)s, %(date_m1525)s, %(value_m1525)s), (%(indicator_id_m1526)s, %(date_m1526)s, %(value_m1526)s), (%(indicator_id_m1527)s, %(date_m1527)s, %(value_m1527)s), (%(indicator_id_m1528)s, %(date_m1528)s, %(value_m1528)s), (%(indicator_id_m1529)s, %(date_m1529)s, %(value_m1529)s), (%(indicator_id_m1530)s, %(date_m1530)s, %(value_m1530)s), (%(indicator_id_m1531)s, %(date_m1531)s, %(value_m1531)s), (%(indicator_id_m1532)s, %(date_m1532)s, %(value_m1532)s), (%(indicator_id_m1533)s, %(date_m1533)s, %(value_m1533)s), (%(indicator_id_m1534)s, %(date_m1534)s, %(value_m1534)s), (%(indicator_id_m1535)s, %(date_m1535)s, %(value_m1535)s), (%(indicator_id_m1536)s, %(date_m1536)s, %(value_m1536)s), (%(indicator_id_m1537)s, %(date_m1537)s, %(value_m1537)s), (%(indicator_id_m1538)s, %(date_m1538)s, %(value_m1538)s), (%(indicator_id_m1539)s, %(date_m1539)s, %(value_m1539)s), (%(indicator_id_m1540)s, %(date_m1540)s, %(value_m1540)s), (%(indicator_id_m1541)s, %(date_m1541)s, %(value_m1541)s), (%(indicator_id_m1542)s, %(date_m1542)s, %(value_m1542)s), (%(indicator_id_m1543)s, %(date_m1543)s, %(value_m1543)s), (%(indicator_id_m1544)s, %(date_m1544)s, %(value_m1544)s), (%(indicator_id_m1545)s, %(date_m1545)s, %(value_m1545)s), (%(indicator_id_m1546)s, %(date_m1546)s, %(value_m1546)s), (%(indicator_id_m1547)s, %(date_m1547)s, %(value_m1547)s), (%(indicator_id_m1548)s, %(date_m1548)s, %(value_m1548)s), (%(indicator_id_m1549)s, %(date_m1549)s, %(value_m1549)s), (%(indicator_id_m1550)s, %(date_m1550)s, %(value_m1550)s), (%(indicator_id_m1551)s, %(date_m1551)s, %(value_m1551)s), (%(indicator_id_m1552)s, %(date_m1552)s, %(value_m1552)s), (%(indicator_id_m1553)s, %(date_m1553)s, %(value_m1553)s), (%(indicator_id_m1554)s, %(date_m1554)s, %(value_m1554)s), (%(indicator_id_m1555)s, %(date_m1555)s, %(value_m1555)s), (%(indicator_id_m1556)s, %(date_m1556)s, %(value_m1556)s), (%(indicator_id_m1557)s, %(date_m1557)s, %(value_m1557)s), (%(indicator_id_m1558)s, %(date_m1558)s, %(value_m1558)s), (%(indicator_id_m1559)s, %(date_m1559)s, %(value_m1559)s), (%(indicator_id_m1560)s, %(date_m1560)s, %(value_m1560)s), (%(indicator_id_m1561)s, %(date_m1561)s, %(value_m1561)s), (%(indicator_id_m1562)s, %(date_m1562)s, %(value_m1562)s), (%(indicator_id_m1563)s, %(date_m1563)s, %(value_m1563)s), (%(indicator_id_m1564)s, %(date_m1564)s, %(value_m1564)s), (%(indicator_id_m1565)s, %(date_m1565)s, %(value_m1565)s), (%(indicator_id_m1566)s, %(date_m1566)s, %(value_m1566)s), (%(indicator_id_m1567)s, %(date_m1567)s, %(value_m1567)s), (%(indicator_id_m1568)s, %(date_m1568)s, %(value_m1568)s), (%(indicator_id_m1569)s, %(date_m1569)s, %(value_m1569)s), (%(indicator_id_m1570)s, %(date_m1570)s, %(value_m1570)s), (%(indicator_id_m1571)s, %(date_m1571)s, %(value_m1571)s), (%(indicator_id_m1572)s, %(date_m1572)s, %(value_m1572)s), (%(indicator_id_m1573)s, %(date_m1573)s, %(value_m1573)s), (%(indicator_id_m1574)s, %(date_m1574)s, %(value_m1574)s), (%(indicator_id_m1575)s, %(date_m1575)s, %(value_m1575)s), (%(indicator_id_m1576)s, %(date_m1576)s, %(value_m1576)s), (%(indicator_id_m1577)s, %(date_m1577)s, %(value_m1577)s), (%(indicator_id_m1578)s, %(date_m1578)s, %(value_m1578)s), (%(indicator_id_m1579)s, %(date_m1579)s, %(value_m1579)s), (%(indicator_id_m1580)s, %(date_m1580)s, %(value_m1580)s), (%(indicator_id_m1581)s, %(date_m1581)s, %(value_m1581)s), (%(indicator_id_m1582)s, %(date_m1582)s, %(value_m1582)s), (%(indicator_id_m1583)s, %(date_m1583)s, %(value_m1583)s), (%(indicator_id_m1584)s, %(date_m1584)s, %(value_m1584)s), (%(indicator_id_m1585)s, %(date_m1585)s, %(value_m1585)s), (%(indicator_id_m1586)s, %(date_m1586)s, %(value_m1586)s), (%(indicator_id_m1587)s, %(date_m1587)s, %(value_m1587)s), (%(indicator_id_m1588)s, %(date_m1588)s, %(value_m1588)s), (%(indicator_id_m1589)s, %(date_m1589)s, %(value_m1589)s), (%(indicator_id_m1590)s, %(date_m1590)s, %(value_m1590)s), (%(indicator_id_m1591)s, %(date_m1591)s, %(value_m1591)s), (%(indicator_id_m1592)s, %(date_m1592)s, %(value_m1592)s), (%(indicator_id_m1593)s, %(date_m1593)s, %(value_m1593)s), (%(indicator_id_m1594)s, %(date_m1594)s, %(value_m1594)s), (%(indicator_id_m1595)s, %(date_m1595)s, %(value_m1595)s), (%(indicator_id_m1596)s, %(date_m1596)s, %(value_m1596)s), (%(indicator_id_m1597)s, %(date_m1597)s, %(value_m1597)s), (%(indicator_id_m1598)s, %(date_m1598)s, %(value_m1598)s), (%(indicator_id_m1599)s, %(date_m1599)s, %(value_m1599)s), (%(indicator_id_m1600)s, %(date_m1600)s, %(value_m1600)s), (%(indicator_id_m1601)s, %(date_m1601)s, %(value_m1601)s), (%(indicator_id_m1602)s, %(date_m1602)s, %(value_m1602)s), (%(indicator_id_m1603)s, %(date_m1603)s, %(value_m1603)s), (%(indicator_id_m1604)s, %(date_m1604)s, %(value_m1604)s), (%(indicator_id_m1605)s, %(date_m1605)s, %(value_m1605)s), (%(indicator_id_m1606)s, %(date_m1606)s, %(value_m1606)s), (%(indicator_id_m1607)s, %(date_m1607)s, %(value_m1607)s), (%(indicator_id_m1608)s, %(date_m1608)s, %(value_m1608)s), (%(indicator_id_m1609)s, %(date_m1609)s, %(value_m1609)s), (%(indicator_id_m1610)s, %(date_m1610)s, %(value_m1610)s), (%(indicator_id_m1611)s, %(date_m1611)s, %(value_m1611)s), (%(indicator_id_m1612)s, %(date_m1612)s, %(value_m1612)s), (%(indicator_id_m1613)s, %(date_m1613)s, %(value_m1613)s), (%(indicator_id_m1614)s, %(date_m1614)s, %(value_m1614)s), (%(indicator_id_m1615)s, %(date_m1615)s, %(value_m1615)s), (%(indicator_id_m1616)s, %(date_m1616)s, %(value_m1616)s), (%(indicator_id_m1617)s, %(date_m1617)s, %(value_m1617)s), (%(indicator_id_m1618)s, %(date_m1618)s, %(value_m1618)s), (%(indicator_id_m1619)s, %(date_m1619)s, %(value_m1619)s), (%(indicator_id_m1620)s, %(date_m1620)s, %(value_m1620)s), (%(indicator_id_m1621)s, %(date_m1621)s, %(value_m1621)s), (%(indicator_id_m1622)s, %(date_m1622)s, %(value_m1622)s), (%(indicator_id_m1623)s, %(date_m1623)s, %(value_m1623)s), (%(indicator_id_m1624)s, %(date_m1624)s, %(value_m1624)s), (%(indicator_id_m1625)s, %(date_m1625)s, %(value_m1625)s), (%(indicator_id_m1626)s, %(date_m1626)s, %(value_m1626)s), (%(indicator_id_m1627)s, %(date_m1627)s, %(value_m1627)s), (%(indicator_id_m1628)s, %(date_m1628)s, %(value_m1628)s), (%(indicator_id_m1629)s, %(date_m1629)s, %(value_m1629)s), (%(indicator_id_m1630)s, %(date_m1630)s, %(value_m1630)s), (%(indicator_id_m1631)s, %(date_m1631)s, %(value_m1631)s), (%(indicator_id_m1632)s, %(date_m1632)s, %(value_m1632)s), (%(indicator_id_m1633)s, %(date_m1633)s, %(value_m1633)s), (%(indicator_id_m1634)s, %(date_m1634)s, %(value_m1634)s), (%(indicator_id_m1635)s, %(date_m1635)s, %(value_m1635)s), (%(indicator_id_m1636)s, %(date_m1636)s, %(value_m1636)s), (%(indicator_id_m1637)s, %(date_m1637)s, %(value_m1637)s), (%(indicator_id_m1638)s, %(date_m1638)s, %(value_m1638)s), (%(indicator_id_m1639)s, %(date_m1639)s, %(value_m1639)s), (%(indicator_id_m1640)s, %(date_m1640)s, %(value_m1640)s), (%(indicator_id_m1641)s, %(date_m1641)s, %(value_m1641)s), (%(indicator_id_m1642)s, %(date_m1642)s, %(value_m1642)s), (%(indicator_id_m1643)s, %(date_m1643)s, %(value_m1643)s), (%(indicator_id_m1644)s, %(date_m1644)s, %(value_m1644)s), (%(indicator_id_m1645)s, %(date_m1645)s, %(value_m1645)s), (%(indicator_id_m1646)s, %(date_m1646)s, %(value_m1646)s), (%(indicator_id_m1647)s, %(date_m1647)s, %(value_m1647)s), (%(indicator_id_m1648)s, %(date_m1648)s, %(value_m1648)s), (%(indicator_id_m1649)s, %(date_m1649)s, %(value_m1649)s), (%(indicator_id_m1650)s, %(date_m1650)s, %(value_m1650)s), (%(indicator_id_m1651)s, %(date_m1651)s, %(value_m1651)s), (%(indicator_id_m1652)s, %(date_m1652)s, %(value_m1652)s), (%(indicator_id_m1653)s, %(date_m1653)s, %(value_m1653)s), (%(indicator_id_m1654)s, %(date_m1654)s, %(value_m1654)s), (%(indicator_id_m1655)s, %(date_m1655)s, %(value_m1655)s), (%(indicator_id_m1656)s, %(date_m1656)s, %(value_m1656)s), (%(indicator_id_m1657)s, %(date_m1657)s, %(value_m1657)s), (%(indicator_id_m1658)s, %(date_m1658)s, %(value_m1658)s), (%(indicator_id_m1659)s, %(date_m1659)s, %(value_m1659)s), (%(indicator_id_m1660)s, %(date_m1660)s, %(value_m1660)s), (%(indicator_id_m1661)s, %(date_m1661)s, %(value_m1661)s), (%(indicator_id_m1662)s, %(date_m1662)s, %(value_m1662)s), (%(indicator_id_m1663)s, %(date_m1663)s, %(value_m1663)s), (%(indicator_id_m1664)s, %(date_m1664)s, %(value_m1664)s), (%(indicator_id_m1665)s, %(date_m1665)s, %(value_m1665)s), (%(indicator_id_m1666)s, %(date_m1666)s, %(value_m1666)s), (%(indicator_id_m1667)s, %(date_m1667)s, %(value_m1667)s), (%(indicator_id_m1668)s, %(date_m1668)s, %(value_m1668)s), (%(indicator_id_m1669)s, %(date_m1669)s, %(value_m1669)s), (%(indicator_id_m1670)s, %(date_m1670)s, %(value_m1670)s), (%(indicator_id_m1671)s, %(date_m1671)s, %(value_m1671)s), (%(indicator_id_m1672)s, %(date_m1672)s, %(value_m1672)s), (%(indicator_id_m1673)s, %(date_m1673)s, %(value_m1673)s), (%(indicator_id_m1674)s, %(date_m1674)s, %(value_m1674)s), (%(indicator_id_m1675)s, %(date_m1675)s, %(value_m1675)s), (%(indicator_id_m1676)s, %(date_m1676)s, %(value_m1676)s), (%(indicator_id_m1677)s, %(date_m1677)s, %(value_m1677)s), (%(indicator_id_m1678)s, %(date_m1678)s, %(value_m1678)s), (%(indicator_id_m1679)s, %(date_m1679)s, %(value_m1679)s), (%(indicator_id_m1680)s, %(date_m1680)s, %(value_m1680)s), (%(indicator_id_m1681)s, %(date_m1681)s, %(value_m1681)s), (%(indicator_id_m1682)s, %(date_m1682)s, %(value_m1682)s), (%(indicator_id_m1683)s, %(date_m1683)s, %(value_m1683)s), (%(indicator_id_m1684)s, %(date_m1684)s, %(value_m1684)s), (%(indicator_id_m1685)s, %(date_m1685)s, %(value_m1685)s), (%(indicator_id_m1686)s, %(date_m1686)s, %(value_m1686)s), (%(indicator_id_m1687)s, %(date_m1687)s, %(value_m1687)s), (%(indicator_id_m1688)s, %(date_m1688)s, %(value_m1688)s), (%(indicator_id_m1689)s, %(date_m1689)s, %(value_m1689)s), (%(indicator_id_m1690)s, %(date_m1690)s, %(value_m1690)s), (%(indicator_id_m1691)s, %(date_m1691)s, %(value_m1691)s), (%(indicator_id_m1692)s, %(date_m1692)s, %(value_m1692)s), (%(indicator_id_m1693)s, %(date_m1693)s, %(value_m1693)s), (%(indicator_id_m1694)s, %(date_m1694)s, %(value_m1694)s), (%(indicator_id_m1695)s, %(date_m1695)s, %(value_m1695)s), (%(indicator_id_m1696)s, %(date_m1696)s, %(value_m1696)s), (%(indicator_id_m1697)s, %(date_m1697)s, %(value_m1697)s), (%(indicator_id_m1698)s, %(date_m1698)s, %(value_m1698)s), (%(indicator_id_m1699)s, %(date_m1699)s, %(value_m1699)s), (%(indicator_id_m1700)s, %(date_m1700)s, %(value_m1700)s), (%(indicator_id_m1701)s, %(date_m1701)s, %(value_m1701)s), (%(indicator_id_m1702)s, %(date_m1702)s, %(value_m1702)s), (%(indicator_id_m1703)s, %(date_m1703)s, %(value_m1703)s), (%(indicator_id_m1704)s, %(date_m1704)s, %(value_m1704)s), (%(indicator_id_m1705)s, %(date_m1705)s, %(value_m1705)s), (%(indicator_id_m1706)s, %(date_m1706)s, %(value_m1706)s), (%(indicator_id_m1707)s, %(date_m1707)s, %(value_m1707)s), (%(indicator_id_m1708)s, %(date_m1708)s, %(value_m1708)s), (%(indicator_id_m1709)s, %(date_m1709)s, %(value_m1709)s), (%(indicator_id_m1710)s, %(date_m1710)s, %(value_m1710)s), (%(indicator_id_m1711)s, %(date_m1711)s, %(value_m1711)s), (%(indicator_id_m1712)s, %(date_m1712)s, %(value_m1712)s), (%(indicator_id_m1713)s, %(date_m1713)s, %(value_m1713)s), (%(indicator_id_m1714)s, %(date_m1714)s, %(value_m1714)s), (%(indicator_id_m1715)s, %(date_m1715)s, %(value_m1715)s), (%(indicator_id_m1716)s, %(date_m1716)s, %(value_m1716)s), (%(indicator_id_m1717)s, %(date_m1717)s, %(value_m1717)s), (%(indicator_id_m1718)s, %(date_m1718)s, %(value_m1718)s), (%(indicator_id_m1719)s, %(date_m1719)s, %(value_m1719)s), (%(indicator_id_m1720)s, %(date_m1720)s, %(value_m1720)s), (%(indicator_id_m1721)s, %(date_m1721)s, %(value_m1721)s), (%(indicator_id_m1722)s, %(date_m1722)s, %(value_m1722)s), (%(indicator_id_m1723)s, %(date_m1723)s, %(value_m1723)s), (%(indicator_id_m1724)s, %(date_m1724)s, %(value_m1724)s), (%(indicator_id_m1725)s, %(date_m1725)s, %(value_m1725)s), (%(indicator_id_m1726)s, %(date_m1726)s, %(value_m1726)s), (%(indicator_id_m1727)s, %(date_m1727)s, %(value_m1727)s), (%(indicator_id_m1728)s, %(date_m1728)s, %(value_m1728)s), (%(indicator_id_m1729)s, %(date_m1729)s, %(value_m1729)s), (%(indicator_id_m1730)s, %(date_m1730)s, %(value_m1730)s), (%(indicator_id_m1731)s, %(date_m1731)s, %(value_m1731)s), (%(indicator_id_m1732)s, %(date_m1732)s, %(value_m1732)s), (%(indicator_id_m1733)s, %(date_m1733)s, %(value_m1733)s), (%(indicator_id_m1734)s, %(date_m1734)s, %(value_m1734)s), (%(indicator_id_m1735)s, %(date_m1735)s, %(value_m1735)s), (%(indicator_id_m1736)s, %(date_m1736)s, %(value_m1736)s), (%(indicator_id_m1737)s, %(date_m1737)s, %(value_m1737)s), (%(indicator_id_m1738)s, %(date_m1738)s, %(value_m1738)s), (%(indicator_id_m1739)s, %(date_m1739)s, %(value_m1739)s), (%(indicator_id_m1740)s, %(date_m1740)s, %(value_m1740)s), (%(indicator_id_m1741)s, %(date_m1741)s, %(value_m1741)s), (%(indicator_id_m1742)s, %(date_m1742)s, %(value_m1742)s), (%(indicator_id_m1743)s, %(date_m1743)s, %(value_m1743)s), (%(indicator_id_m1744)s, %(date_m1744)s, %(value_m1744)s), (%(indicator_id_m1745)s, %(date_m1745)s, %(value_m1745)s), (%(indicator_id_m1746)s, %(date_m1746)s, %(value_m1746)s), (%(indicator_id_m1747)s, %(date_m1747)s, %(value_m1747)s), (%(indicator_id_m1748)s, %(date_m1748)s, %(value_m1748)s), (%(indicator_id_m1749)s, %(date_m1749)s, %(value_m1749)s), (%(indicator_id_m1750)s, %(date_m1750)s, %(value_m1750)s), (%(indicator_id_m1751)s, %(date_m1751)s, %(value_m1751)s), (%(indicator_id_m1752)s, %(date_m1752)s, %(value_m1752)s), (%(indicator_id_m1753)s, %(date_m1753)s, %(value_m1753)s), (%(indicator_id_m1754)s, %(date_m1754)s, %(value_m1754)s), (%(indicator_id_m1755)s, %(date_m1755)s, %(value_m1755)s), (%(indicator_id_m1756)s, %(date_m1756)s, %(value_m1756)s), (%(indicator_id_m1757)s, %(date_m1757)s, %(value_m1757)s), (%(indicator_id_m1758)s, %(date_m1758)s, %(value_m1758)s), (%(indicator_id_m1759)s, %(date_m1759)s, %(value_m1759)s), (%(indicator_id_m1760)s, %(date_m1760)s, %(value_m1760)s), (%(indicator_id_m1761)s, %(date_m1761)s, %(value_m1761)s), (%(indicator_id_m1762)s, %(date_m1762)s, %(value_m1762)s), (%(indicator_id_m1763)s, %(date_m1763)s, %(value_m1763)s), (%(indicator_id_m1764)s, %(date_m1764)s, %(value_m1764)s), (%(indicator_id_m1765)s, %(date_m1765)s, %(value_m1765)s), (%(indicator_id_m1766)s, %(date_m1766)s, %(value_m1766)s), (%(indicator_id_m1767)s, %(date_m1767)s, %(value_m1767)s), (%(indicator_id_m1768)s, %(date_m1768)s, %(value_m1768)s), (%(indicator_id_m1769)s, %(date_m1769)s, %(value_m1769)s), (%(indicator_id_m1770)s, %(date_m1770)s, %(value_m1770)s), (%(indicator_id_m1771)s, %(date_m1771)s, %(value_m1771)s), (%(indicator_id_m1772)s, %(date_m1772)s, %(value_m1772)s), (%(indicator_id_m1773)s, %(date_m1773)s, %(value_m1773)s), (%(indicator_id_m1774)s, %(date_m1774)s, %(value_m1774)s), (%(indicator_id_m1775)s, %(date_m1775)s, %(value_m1775)s), (%(indicator_id_m1776)s, %(date_m1776)s, %(value_m1776)s), (%(indicator_id_m1777)s, %(date_m1777)s, %(value_m1777)s), (%(indicator_id_m1778)s, %(date_m1778)s, %(value_m1778)s), (%(indicator_id_m1779)s, %(date_m1779)s, %(value_m1779)s), (%(indicator_id_m1780)s, %(date_m1780)s, %(value_m1780)s), (%(indicator_id_m1781)s, %(date_m1781)s, %(value_m1781)s), (%(indicator_id_m1782)s, %(date_m1782)s, %(value_m1782)s), (%(indicator_id_m1783)s, %(date_m1783)s, %(value_m1783)s), (%(indicator_id_m1784)s, %(date_m1784)s, %(value_m1784)s), (%(indicator_id_m1785)s, %(date_m1785)s, %(value_m1785)s), (%(indicator_id_m1786)s, %(date_m1786)s, %(value_m1786)s), (%(indicator_id_m1787)s, %(date_m1787)s, %(value_m1787)s), (%(indicator_id_m1788)s, %(date_m1788)s, %(value_m1788)s), (%(indicator_id_m1789)s, %(date_m1789)s, %(value_m1789)s), (%(indicator_id_m1790)s, %(date_m1790)s, %(value_m1790)s), (%(indicator_id_m1791)s, %(date_m1791)s, %(value_m1791)s), (%(indicator_id_m1792)s, %(date_m1792)s, %(value_m1792)s), (%(indicator_id_m1793)s, %(date_m1793)s, %(value_m1793)s) ON CONFLICT (indicator_id, date) DO NOTHING]
[parameters: {'indicator_id_m0': 'kr.cpi.headline.m', 'date_m0': '2020-01-01', 'value_m0': 100.09, 'indicator_id_m1': 'kr.cpi.headline.m', 'date_m1': '2020-02-01', 'value_m1': 100.16, 'indicator_id_m2': 'kr.cpi.headline.m', 'date_m2': '2020-03-01', 'value_m2': 99.94, 'indicator_id_m3': 'kr.cpi.headline.m', 'date_m3': '2020-04-01', 'value_m3': 99.5, 'indicator_id_m4': 'kr.cpi.headline.m', 'date_m4': '2020-05-01', 'value_m4': 99.44, 'indicator_id_m5': 'kr.cpi.headline.m', 'date_m5': '2020-06-01', 'value_m5': 99.71, 'indicator_id_m6': 'kr.cpi.headline.m', 'date_m6': '2020-07-01', 'value_m6': 99.63, 'indicator_id_m7': 'kr.cpi.headline.m', 'date_m7': '2020-08-01', 'value_m7': 100.19, 'indicator_id_m8': 'kr.cpi.headline.m', 'date_m8': '2020-09-01', 'value_m8': 100.74, 'indicator_id_m9': 'kr.cpi.headline.m', 'date_m9': '2020-10-01', 'value_m9': 100.18, 'indicator_id_m10': 'kr.cpi.headline.m', 'date_m10': '2020-11-01', 'value_m10': 100.09, 'indicator_id_m11': 'kr.cpi.headline.m', 'date_m11': '2020-12-01', 'value_m11': 100.33, 'indicator_id_m12': 'kr.cpi.headline.m', 'date_m12': '2021-01-01', 'value_m12': 101.04, 'indicator_id_m13': 'kr.cpi.headline.m', 'date_m13': '2021-02-01', 'value_m13': 101.58, 'indicator_id_m14': 'kr.cpi.headline.m', 'date_m14': '2021-03-01', 'value_m14': 101.84, 'indicator_id_m15': 'kr.cpi.headline.m', 'date_m15': '2021-04-01', 'value_m15': 101.98, 'indicator_id_m16': 'kr.cpi.headline.m', 'date_m16': '2021-05-01' ... 5282 parameters truncated ... 'date_m1777': '2025-08-06', 'value_m1777': 3198.14, 'indicator_id_m1778': 'kr.kospi.d', 'date_m1778': '2025-08-07', 'value_m1778': 3227.68, 'indicator_id_m1779': 'kr.kospi.d', 'date_m1779': '2025-08-08', 'value_m1779': 3210.01, 'indicator_id_m1780': 'kr.kospi.d', 'date_m1780': '2025-08-11', 'value_m1780': 3206.77, 'indicator_id_m1781': 'kr.kospi.d', 'date_m1781': '2025-08-12', 'value_m1781': 3189.91, 'indicator_id_m1782': 'kr.kospi.d', 'date_m1782': '2025-08-13', 'value_m1782': 3224.37, 'indicator_id_m1783': 'kr.kospi.d', 'date_m1783': '2025-08-14', 'value_m1783': 3225.66, 'indicator_id_m1784': 'kr.kospi.d', 'date_m1784': '2025-08-18', 'value_m1784': 3177.28, 'indicator_id_m1785': 'kr.kospi.d', 'date_m1785': '2025-08-19', 'value_m1785': 3151.56, 'indicator_id_m1786': 'kr.kospi.d', 'date_m1786': '2025-08-20', 'value_m1786': 3130.09, 'indicator_id_m1787': 'kr.kospi.d', 'date_m1787': '2025-08-21', 'value_m1787': 3141.74, 'indicator_id_m1788': 'kr.kospi.d', 'date_m1788': '2025-08-22', 'value_m1788': 3168.73, 'indicator_id_m1789': 'kr.kospi.d', 'date_m1789': '2025-08-25', 'value_m1789': 3209.86, 'indicator_id_m1790': 'kr.kospi.d', 'date_m1790': '2025-08-26', 'value_m1790': 3179.36, 'indicator_id_m1791': 'kr.kospi.d', 'date_m1791': '2025-08-27', 'value_m1791': 3187.16, 'indicator_id_m1792': 'kr.kospi.d', 'date_m1792': '2025-08-28', 'value_m1792': 3196.32, 'indicator_id_m1793': 'kr.kospi.d', 'date_m1793': '2025-08-29', 'value_m1793': 3186.01}]
(Background on this error at: https://sqlalche.me/e/20/gkpj)
2025-09-17 03:19:46,665 - INFO - __main__ - Inspecting statistics schema…
2025-09-17 18:48:48,507 - INFO - __main__ - 
--- 1단계: 신규 기사 수집 시작 ---
2025-09-17 18:48:48,718 - INFO - app.core.collectors - 네이버 API '주식' 키워드로 5개 기사 메타데이터 수신 성공.
2025-09-17 18:48:48,719 - INFO - app.core.monitoring - 성능 모니터링 - call_naver_api: 실행시간=0.21초, 메모리변화=+0.0%, 현재메모리=73.5%
2025-09-17 18:48:49,457 - INFO - app.core.collectors - 기사 크롤링 완료: 1개 이미지 추출 - http://www.whitepaper.co.kr/news/articleView.html?idxno=252151
2025-09-17 18:48:49,458 - INFO - app.core.monitoring - 성능 모니터링 - crawl_article_with_newspaper3k: 실행시간=0.74초, 메모리변화=+0.0%, 현재메모리=73.5%
2025-09-17 18:48:49,555 - INFO - app.core.services - 신규 기사 저장 완료: (ID: 74) 노소영ㆍ김건희 접촉 의혹 …'세기의 이혼 소송' 조만간 결론나나
2025-09-17 18:48:49,922 - INFO - app.core.monitoring - 성능 모니터링 - crawl_article_with_newspaper3k: 실행시간=0.37초, 메모리변화=+0.0%, 현재메모리=73.6%
2025-09-17 18:48:49,922 - WARNING - __main__ - 콘텐츠가 너무 짧거나 없어서 수집을 건너뜁니다: https://www.kmib.co.kr/article/view.asp?arcid=1758101387&code=11121100&cp=nv
2025-09-17 18:48:53,369 - INFO - app.core.collectors - 기사 크롤링 완료: 5개 이미지 추출 - https://news.kbs.co.kr/news/pc/view/view.do?ncd=8360242&ref=A
2025-09-17 18:48:53,370 - INFO - app.core.monitoring - 성능 모니터링 - crawl_article_with_newspaper3k: 실행시간=3.45초, 메모리변화=+0.1%, 현재메모리=73.7%
2025-09-17 18:48:53,381 - INFO - app.core.services - 신규 기사 저장 완료: (ID: 75) KBS 뉴스
2025-09-17 18:48:54,938 - INFO - app.core.collectors - 기사 크롤링 완료: 1개 이미지 추출 - https://www.dkilbo.com/news/articleView.html?idxno=514399
2025-09-17 18:48:54,940 - INFO - app.core.monitoring - 성능 모니터링 - crawl_article_with_newspaper3k: 실행시간=1.56초, 메모리변화=+0.0%, 현재메모리=73.7%
2025-09-17 18:48:54,950 - INFO - app.core.services - 신규 기사 저장 완료: (ID: 76) 포스코홀딩스, 안전 관리 자회사 ‘포스코세이프티솔루션’ 설립
2025-09-17 18:48:57,600 - INFO - app.core.collectors - 기사 크롤링 완료: 5개 이미지 추출 - https://www.topstarnews.net/news/articleView.html?idxno=15809305
2025-09-17 18:48:57,602 - INFO - app.core.monitoring - 성능 모니터링 - crawl_article_with_newspaper3k: 실행시간=2.65초, 메모리변화=+0.0%, 현재메모리=73.7%
2025-09-17 18:48:57,609 - INFO - app.core.services - 신규 기사 저장 완료: (ID: 77) 리플 XRP 공급 충격 불가피…블랙록·JP모건의 조용한 움직임
2025-09-17 18:48:57,609 - INFO - __main__ - --- 1단계: 신규 기사 수집 완료 ---

2025-09-17 18:48:57,620 - INFO - __main__ - --- 2단계: 총 4개의 기사 처리 시작 ---
2025-09-17 18:48:57,627 - INFO - app.core.services - 기사 ID 75의 상태를 PROCESSING(으)로 업데이트.
2025-09-17 18:48:57,636 - ERROR - app.core.monitoring - analyze_article_with_llm 실행 중 오류: ' "indicator_id"'
Traceback (most recent call last):
  File "/home/asd1702/fin_sight_server/app/core/monitoring.py", line 76, in wrapper
    result = func(*args, **kwargs)
  File "/home/asd1702/fin_sight_server/app/core/processors.py", line 154, in analyze_article_with_llm
    final_system_prompt = SYSTEM_PROMPT_TEMPLATE.format(
KeyError: ' "indicator_id"'
2025-09-17 18:48:57,637 - INFO - app.core.monitoring - 성능 모니터링 - analyze_article_with_llm: 실행시간=0.01초, 메모리변화=+0.0%, 현재메모리=73.7%
2025-09-17 18:48:57,637 - CRITICAL - __main__ - 
기사 ID 75 처리 중 예상치 못한 심각한 오류 발생: ' "indicator_id"'
Traceback (most recent call last):
  File "/home/asd1702/fin_sight_server/scripts/pipeline.py", line 66, in run_article_processing_pipeline
    analysis_result = processors.analyze_article_with_llm(db=db, content=full_content)
  File "/home/asd1702/fin_sight_server/app/core/monitoring.py", line 76, in wrapper
    result = func(*args, **kwargs)
  File "/home/asd1702/fin_sight_server/app/core/processors.py", line 154, in analyze_article_with_llm
    final_system_prompt = SYSTEM_PROMPT_TEMPLATE.format(
KeyError: ' "indicator_id"'
2025-09-17 18:48:57,646 - INFO - app.core.services - 기사 ID 75의 상태를 FAILED(으)로 업데이트.
2025-09-17 18:48:57,652 - INFO - app.core.services - 기사 ID 76의 상태를 PROCESSING(으)로 업데이트.
2025-09-17 18:48:57,654 - ERROR - app.core.monitoring - analyze_article_with_llm 실행 중 오류: ' "indicator_id"'
Traceback (most recent call last):
  File "/home/asd1702/fin_sight_server/app/core/monitoring.py", line 76, in wrapper
    result = func(*args, **kwargs)
  File "/home/asd1702/fin_sight_server/app/core/processors.py", line 154, in analyze_article_with_llm
    final_system_prompt = SYSTEM_PROMPT_TEMPLATE.format(
KeyError: ' "indicator_id"'
2025-09-17 18:48:57,655 - INFO - app.core.monitoring - 성능 모니터링 - analyze_article_with_llm: 실행시간=0.00초, 메모리변화=+0.0%, 현재메모리=73.7%
2025-09-17 18:48:57,655 - CRITICAL - __main__ - 
기사 ID 76 처리 중 예상치 못한 심각한 오류 발생: ' "indicator_id"'
Traceback (most recent call last):
  File "/home/asd1702/fin_sight_server/scripts/pipeline.py", line 66, in run_article_processing_pipeline
    analysis_result = processors.analyze_article_with_llm(db=db, content=full_content)
  File "/home/asd1702/fin_sight_server/app/core/monitoring.py", line 76, in wrapper
    result = func(*args, **kwargs)
  File "/home/asd1702/fin_sight_server/app/core/processors.py", line 154, in analyze_article_with_llm
    final_system_prompt = SYSTEM_PROMPT_TEMPLATE.format(
KeyError: ' "indicator_id"'
2025-09-17 18:48:57,660 - INFO - app.core.services - 기사 ID 76의 상태를 FAILED(으)로 업데이트.
2025-09-17 18:48:57,664 - INFO - app.core.services - 기사 ID 74의 상태를 PROCESSING(으)로 업데이트.
2025-09-17 18:48:57,666 - ERROR - app.core.monitoring - analyze_article_with_llm 실행 중 오류: ' "indicator_id"'
Traceback (most recent call last):
  File "/home/asd1702/fin_sight_server/app/core/monitoring.py", line 76, in wrapper
    result = func(*args, **kwargs)
  File "/home/asd1702/fin_sight_server/app/core/processors.py", line 154, in analyze_article_with_llm
    final_system_prompt = SYSTEM_PROMPT_TEMPLATE.format(
KeyError: ' "indicator_id"'
2025-09-17 18:48:57,667 - INFO - app.core.monitoring - 성능 모니터링 - analyze_article_with_llm: 실행시간=0.00초, 메모리변화=+0.0%, 현재메모리=73.7%
2025-09-17 18:48:57,667 - CRITICAL - __main__ - 
기사 ID 74 처리 중 예상치 못한 심각한 오류 발생: ' "indicator_id"'
Traceback (most recent call last):
  File "/home/asd1702/fin_sight_server/scripts/pipeline.py", line 66, in run_article_processing_pipeline
    analysis_result = processors.analyze_article_with_llm(db=db, content=full_content)
  File "/home/asd1702/fin_sight_server/app/core/monitoring.py", line 76, in wrapper
    result = func(*args, **kwargs)
  File "/home/asd1702/fin_sight_server/app/core/processors.py", line 154, in analyze_article_with_llm
    final_system_prompt = SYSTEM_PROMPT_TEMPLATE.format(
KeyError: ' "indicator_id"'
2025-09-17 18:48:57,673 - INFO - app.core.services - 기사 ID 74의 상태를 FAILED(으)로 업데이트.
2025-09-17 18:48:57,678 - INFO - app.core.services - 기사 ID 77의 상태를 PROCESSING(으)로 업데이트.
2025-09-17 18:48:57,681 - ERROR - app.core.monitoring - analyze_article_with_llm 실행 중 오류: ' "indicator_id"'
Traceback (most recent call last):
  File "/home/asd1702/fin_sight_server/app/core/monitoring.py", line 76, in wrapper
    result = func(*args, **kwargs)
  File "/home/asd1702/fin_sight_server/app/core/processors.py", line 154, in analyze_article_with_llm
    final_system_prompt = SYSTEM_PROMPT_TEMPLATE.format(
KeyError: ' "indicator_id"'
2025-09-17 18:48:57,681 - INFO - app.core.monitoring - 성능 모니터링 - analyze_article_with_llm: 실행시간=0.00초, 메모리변화=+0.0%, 현재메모리=73.7%
2025-09-17 18:48:57,681 - CRITICAL - __main__ - 
기사 ID 77 처리 중 예상치 못한 심각한 오류 발생: ' "indicator_id"'
Traceback (most recent call last):
  File "/home/asd1702/fin_sight_server/scripts/pipeline.py", line 66, in run_article_processing_pipeline
    analysis_result = processors.analyze_article_with_llm(db=db, content=full_content)
  File "/home/asd1702/fin_sight_server/app/core/monitoring.py", line 76, in wrapper
    result = func(*args, **kwargs)
  File "/home/asd1702/fin_sight_server/app/core/processors.py", line 154, in analyze_article_with_llm
    final_system_prompt = SYSTEM_PROMPT_TEMPLATE.format(
KeyError: ' "indicator_id"'
2025-09-17 18:48:57,688 - INFO - app.core.services - 기사 ID 77의 상태를 FAILED(으)로 업데이트.
2025-09-17 18:48:57,688 - INFO - __main__ - --- 2단계: 기사 처리 완료 ---
2025-09-17 18:54:36,654 - INFO - __main__ - 
--- 1단계: 신규 기사 수집 시작 ---
2025-09-17 18:54:37,290 - INFO - app.core.collectors - 네이버 API '주식' 키워드로 5개 기사 메타데이터 수신 성공.
2025-09-17 18:54:37,291 - INFO - app.core.monitoring - 성능 모니터링 - call_naver_api: 실행시간=0.63초, 메모리변화=+0.0%, 현재메모리=74.9%
2025-09-17 18:54:46,143 - INFO - app.core.collectors - 기사 크롤링 완료: 4개 이미지 추출 - https://www.ebn.co.kr/news/articleView.html?idxno=1678994
2025-09-17 18:54:46,144 - WARNING - app.core.monitoring - 성능 모니터링 - crawl_article_with_newspaper3k: 실행시간=8.85초, 메모리변화=+0.1%, 현재메모리=75.0%
2025-09-17 18:54:46,194 - INFO - app.core.services - 신규 기사 저장 완료: (ID: 78) HMM, 2.1조 규모 자사주 매입 완료…산은·해진공 지분 일부 매각 < 기업일반 < 철강조선 < 기사본문
2025-09-17 18:54:47,019 - INFO - app.core.collectors - 기사 크롤링 완료: 0개 이미지 추출 - http://coinreaders.com/187098
2025-09-17 18:54:47,020 - INFO - app.core.monitoring - 성능 모니터링 - crawl_article_with_newspaper3k: 실행시간=0.83초, 메모리변화=+0.0%, 현재메모리=75.0%
2025-09-17 18:54:47,027 - INFO - app.core.services - 신규 기사 저장 완료: (ID: 79) 비트코인, S&P500 동조화 현상...15% 랠리 이어갈까?
2025-09-17 18:54:47,938 - INFO - app.core.collectors - 기사 크롤링 완료: 4개 이미지 추출 - http://www.sisacast.kr/news/articleView.html?idxno=82022
2025-09-17 18:54:47,939 - INFO - app.core.monitoring - 성능 모니터링 - crawl_article_with_newspaper3k: 실행시간=0.91초, 메모리변화=+0.1%, 현재메모리=75.1%
2025-09-17 18:54:47,946 - INFO - app.core.services - 신규 기사 저장 완료: (ID: 80) KB증권, 신용대출 고객 대상 최대 100만원 리워드
2025-09-17 18:54:49,748 - INFO - app.core.collectors - 기사 크롤링 완료: 3개 이미지 추출 - http://www.intn.co.kr/news/articleView.html?idxno=2046041
2025-09-17 18:54:49,749 - INFO - app.core.monitoring - 성능 모니터링 - crawl_article_with_newspaper3k: 실행시간=1.80초, 메모리변화=+0.0%, 현재메모리=75.1%
2025-09-17 18:54:49,755 - INFO - app.core.services - 신규 기사 저장 완료: (ID: 81) 세무사회, '보험·해외주식 과세' 세무실무연구발표회 성황리 개최
2025-09-17 18:54:50,777 - INFO - app.core.collectors - 기사 크롤링 완료: 1개 이미지 추출 - http://www.fnnews.com/news/202509171848047409
2025-09-17 18:54:50,778 - INFO - app.core.monitoring - 성능 모니터링 - crawl_article_with_newspaper3k: 실행시간=1.02초, 메모리변화=+0.0%, 현재메모리=75.1%
2025-09-17 18:54:50,796 - INFO - app.core.services - 신규 기사 저장 완료: (ID: 82) 포스코 사업장 안전관리 강화…포스코세이프티솔루션 설립
2025-09-17 18:54:50,797 - INFO - __main__ - --- 1단계: 신규 기사 수집 완료 ---

2025-09-17 18:54:50,800 - INFO - __main__ - --- 2단계: 총 9개의 기사 처리 시작 ---
2025-09-17 18:54:50,807 - INFO - app.core.services - 기사 ID 79의 상태를 PROCESSING(으)로 업데이트.
2025-09-17 18:54:59,275 - INFO - httpx - HTTP Request: POST https://api.openai.com/v1/chat/completions "HTTP/1.1 200 OK"
2025-09-17 18:54:59,288 - INFO - app.core.processors - LLM 분석 데이터 수신 및 파싱 성공
2025-09-17 18:54:59,288 - WARNING - app.core.monitoring - 성능 모니터링 - analyze_article_with_llm: 실행시간=8.48초, 메모리변화=+0.1%, 현재메모리=75.2%
2025-09-17 18:54:59,289 - INFO - __main__ - 기사 ID 79: LLM이 관련 지표 ['kr.kospi.d']를 식별했습니다. 시계열 데이터를 조회합니다.
2025-09-17 18:54:59,311 - INFO - app.core.services - 기사 ID 79의 분석 결과 및 통계 데이터 저장 완료
2025-09-17 18:54:59,311 - INFO - __main__ - 기사 ID 79 처리 성공.
2025-09-17 18:54:59,316 - INFO - app.core.services - 기사 ID 78의 상태를 PROCESSING(으)로 업데이트.
2025-09-17 18:55:09,245 - INFO - httpx - HTTP Request: POST https://api.openai.com/v1/chat/completions "HTTP/1.1 200 OK"
2025-09-17 18:55:09,259 - INFO - app.core.processors - LLM 분석 데이터 수신 및 파싱 성공
2025-09-17 18:55:09,259 - WARNING - app.core.monitoring - 성능 모니터링 - analyze_article_with_llm: 실행시간=9.94초, 메모리변화=-1.0%, 현재메모리=74.2%
2025-09-17 18:55:09,260 - INFO - __main__ - 기사 ID 78: LLM이 관련 지표 ['kr.kospi.d']를 식별했습니다. 시계열 데이터를 조회합니다.
2025-09-17 18:55:09,280 - INFO - app.core.services - 기사 ID 78의 분석 결과 및 통계 데이터 저장 완료
2025-09-17 18:55:09,280 - INFO - __main__ - 기사 ID 78 처리 성공.
2025-09-17 18:55:09,284 - INFO - app.core.services - 기사 ID 75의 상태를 PROCESSING(으)로 업데이트.
2025-09-17 18:55:19,536 - INFO - httpx - HTTP Request: POST https://api.openai.com/v1/chat/completions "HTTP/1.1 200 OK"
2025-09-17 18:55:19,567 - INFO - app.core.processors - LLM 분석 데이터 수신 및 파싱 성공
2025-09-17 18:55:19,567 - WARNING - app.core.monitoring - 성능 모니터링 - analyze_article_with_llm: 실행시간=10.28초, 메모리변화=-0.1%, 현재메모리=74.1%
2025-09-17 18:55:19,567 - INFO - __main__ - 기사 ID 75: LLM이 관련 지표 ['kr.kospi.d']를 식별했습니다. 시계열 데이터를 조회합니다.
2025-09-17 18:55:19,576 - INFO - app.core.services - 기사 ID 75의 분석 결과 및 통계 데이터 저장 완료
2025-09-17 18:55:19,576 - INFO - __main__ - 기사 ID 75 처리 성공.
2025-09-17 18:55:19,580 - INFO - app.core.services - 기사 ID 76의 상태를 PROCESSING(으)로 업데이트.
2025-09-17 18:55:29,347 - INFO - httpx - HTTP Request: POST https://api.openai.com/v1/chat/completions "HTTP/1.1 200 OK"
2025-09-17 18:55:29,348 - INFO - app.core.processors - LLM 분석 데이터 수신 및 파싱 성공
2025-09-17 18:55:29,348 - WARNING - app.core.monitoring - 성능 모니터링 - analyze_article_with_llm: 실행시간=9.77초, 메모리변화=+0.1%, 현재메모리=74.2%
2025-09-17 18:55:29,353 - INFO - app.core.services - 기사 ID 76의 분석 결과 및 통계 데이터 저장 완료
2025-09-17 18:55:29,354 - INFO - __main__ - 기사 ID 76 처리 성공.
2025-09-17 18:55:29,358 - INFO - app.core.services - 기사 ID 74의 상태를 PROCESSING(으)로 업데이트.
2025-09-17 18:55:37,663 - INFO - httpx - HTTP Request: POST https://api.openai.com/v1/chat/completions "HTTP/1.1 200 OK"
2025-09-17 18:55:37,665 - INFO - app.core.processors - LLM 분석 데이터 수신 및 파싱 성공
2025-09-17 18:55:37,666 - WARNING - app.core.monitoring - 성능 모니터링 - analyze_article_with_llm: 실행시간=8.31초, 메모리변화=+0.0%, 현재메모리=74.2%
2025-09-17 18:55:37,674 - INFO - app.core.services - 기사 ID 74의 분석 결과 및 통계 데이터 저장 완료
2025-09-17 18:55:37,674 - INFO - __main__ - 기사 ID 74 처리 성공.
2025-09-17 18:55:37,678 - INFO - app.core.services - 기사 ID 77의 상태를 PROCESSING(으)로 업데이트.
2025-09-17 18:55:44,989 - INFO - httpx - HTTP Request: POST https://api.openai.com/v1/chat/completions "HTTP/1.1 200 OK"
2025-09-17 18:55:44,991 - INFO - app.core.processors - LLM 분석 데이터 수신 및 파싱 성공
2025-09-17 18:55:44,992 - WARNING - app.core.monitoring - 성능 모니터링 - analyze_article_with_llm: 실행시간=7.31초, 메모리변화=+0.0%, 현재메모리=74.2%
2025-09-17 18:55:44,992 - INFO - __main__ - 기사 ID 77: LLM이 관련 지표 ['kr.current.account.m']를 식별했습니다. 시계열 데이터를 조회합니다.
2025-09-17 18:55:45,004 - INFO - app.core.services - 기사 ID 77의 분석 결과 및 통계 데이터 저장 완료
2025-09-17 18:55:45,004 - INFO - __main__ - 기사 ID 77 처리 성공.
2025-09-17 18:55:45,009 - INFO - app.core.services - 기사 ID 80의 상태를 PROCESSING(으)로 업데이트.
2025-09-17 18:55:51,938 - INFO - httpx - HTTP Request: POST https://api.openai.com/v1/chat/completions "HTTP/1.1 200 OK"
2025-09-17 18:55:51,940 - INFO - app.core.processors - LLM 분석 데이터 수신 및 파싱 성공
2025-09-17 18:55:51,940 - WARNING - app.core.monitoring - 성능 모니터링 - analyze_article_with_llm: 실행시간=6.93초, 메모리변화=+0.0%, 현재메모리=74.2%
2025-09-17 18:55:51,947 - INFO - app.core.services - 기사 ID 80의 분석 결과 및 통계 데이터 저장 완료
2025-09-17 18:55:51,947 - INFO - __main__ - 기사 ID 80 처리 성공.
2025-09-17 18:55:51,953 - INFO - app.core.services - 기사 ID 81의 상태를 PROCESSING(으)로 업데이트.
2025-09-17 18:55:59,030 - INFO - httpx - HTTP Request: POST https://api.openai.com/v1/chat/completions "HTTP/1.1 200 OK"
2025-09-17 18:55:59,031 - INFO - app.core.processors - LLM 분석 데이터 수신 및 파싱 성공
2025-09-17 18:55:59,032 - WARNING - app.core.monitoring - 성능 모니터링 - analyze_article_with_llm: 실행시간=7.08초, 메모리변화=-0.1%, 현재메모리=74.1%
2025-09-17 18:55:59,037 - INFO - app.core.services - 기사 ID 81의 분석 결과 및 통계 데이터 저장 완료
2025-09-17 18:55:59,037 - INFO - __main__ - 기사 ID 81 처리 성공.
2025-09-17 18:55:59,041 - INFO - app.core.services - 기사 ID 82의 상태를 PROCESSING(으)로 업데이트.
2025-09-17 18:56:08,612 - INFO - httpx - HTTP Request: POST https://api.openai.com/v1/chat/completions "HTTP/1.1 200 OK"
2025-09-17 18:56:08,632 - INFO - app.core.processors - LLM 분석 데이터 수신 및 파싱 성공
2025-09-17 18:56:08,632 - WARNING - app.core.monitoring - 성능 모니터링 - analyze_article_with_llm: 실행시간=9.59초, 메모리변화=+0.1%, 현재메모리=74.2%
2025-09-17 18:56:08,650 - INFO - app.core.services - 기사 ID 82의 분석 결과 및 통계 데이터 저장 완료
2025-09-17 18:56:08,650 - INFO - __main__ - 기사 ID 82 처리 성공.
2025-09-17 18:56:08,651 - INFO - __main__ - --- 2단계: 기사 처리 완료 ---
2025-09-17 19:08:31,048 - INFO - __main__ - Inspecting statistics schema…
2025-09-17 19:08:43,697 - INFO - __main__ - '/home/asd1702/fin_sight_server/data/catalog_core15.json'에서 지표 메타데이터를 로드합니다.
2025-09-17 19:08:43,740 - INFO - __main__ - 지표 메타데이터 저장 완료.
2025-09-17 19:08:43,741 - INFO - __main__ - '/home/asd1702/fin_sight_server/data/observations_core15.jsonl'에서 시계열 데이터를 로드하여 저장합니다.
2025-09-17 19:08:43,861 - CRITICAL - __main__ - DB 구축 중 예상치 못한 오류 발생: (psycopg2.errors.ForeignKeyViolation) insert or update on table "observations" violates foreign key constraint "observations_indicator_id_fkey"
DETAIL:  Key (indicator_id)=(kr.cpi.core.m) is not present in table "indicators".

[SQL: INSERT INTO statistics.observations (indicator_id, date, value) VALUES (%(indicator_id_m0)s, %(date_m0)s, %(value_m0)s), (%(indicator_id_m1)s, %(date_m1)s, %(value_m1)s), (%(indicator_id_m2)s, %(date_m2)s, %(value_m2)s), (%(indicator_id_m3)s, %(date_m3)s, %(value_m3)s), (%(indicator_id_m4)s, %(date_m4)s, %(value_m4)s), (%(indicator_id_m5)s, %(date_m5)s, %(value_m5)s), (%(indicator_id_m6)s, %(date_m6)s, %(value_m6)s), (%(indicator_id_m7)s, %(date_m7)s, %(value_m7)s), (%(indicator_id_m8)s, %(date_m8)s, %(value_m8)s), (%(indicator_id_m9)s, %(date_m9)s, %(value_m9)s), (%(indicator_id_m10)s, %(date_m10)s, %(value_m10)s), (%(indicator_id_m11)s, %(date_m11)s, %(value_m11)s), (%(indicator_id_m12)s, %(date_m12)s, %(value_m12)s), (%(indicator_id_m13)s, %(date_m13)s, %(value_m13)s), (%(indicator_id_m14)s, %(date_m14)s, %(value_m14)s), (%(indicator_id_m15)s, %(date_m15)s, %(value_m15)s), (%(indicator_id_m16)s, %(date_m16)s, %(value_m16)s), (%(indicator_id_m17)s, %(date_m17)s, %(value_m17)s), (%(indicator_id_m18)s, %(date_m18)s, %(value_m18)s), (%(indicator_id_m19)s, %(date_m19)s, %(value_m19)s), (%(indicator_id_m20)s, %(date_m20)s, %(value_m20)s), (%(indicator_id_m21)s, %(date_m21)s, %(value_m21)s), (%(indicator_id_m22)s, %(date_m22)s, %(value_m22)s), (%(indicator_id_m23)s, %(date_m23)s, %(value_m23)s), (%(indicator_id_m24)s, %(date_m24)s, %(value_m24)s), (%(indicator_id_m25)s, %(date_m25)s, %(value_m25)s), (%(indicator_id_m26)s, %(date_m26)s, %(value_m26)s), (%(indicator_id_m27)s, %(date_m27)s, %(value_m27)s), (%(indicator_id_m28)s, %(date_m28)s, %(value_m28)s), (%(indicator_id_m29)s, %(date_m29)s, %(value_m29)s), (%(indicator_id_m30)s, %(date_m30)s, %(value_m30)s), (%(indicator_id_m31)s, %(date_m31)s, %(value_m31)s), (%(indicator_id_m32)s, %(date_m32)s, %(value_m32)s), (%(indicator_id_m33)s, %(date_m33)s, %(value_m33)s), (%(indicator_id_m34)s, %(date_m34)s, %(value_m34)s), (%(indicator_id_m35)s, %(date_m35)s, %(value_m35)s), (%(indicator_id_m36)s, %(date_m36)s, %(value_m36)s), (%(indicator_id_m37)s, %(date_m37)s, %(value_m37)s), (%(indicator_id_m38)s, %(date_m38)s, %(value_m38)s), (%(indicator_id_m39)s, %(date_m39)s, %(value_m39)s), (%(indicator_id_m40)s, %(date_m40)s, %(value_m40)s), (%(indicator_id_m41)s, %(date_m41)s, %(value_m41)s), (%(indicator_id_m42)s, %(date_m42)s, %(value_m42)s), (%(indicator_id_m43)s, %(date_m43)s, %(value_m43)s), (%(indicator_id_m44)s, %(date_m44)s, %(value_m44)s), (%(indicator_id_m45)s, %(date_m45)s, %(value_m45)s), (%(indicator_id_m46)s, %(date_m46)s, %(value_m46)s), (%(indicator_id_m47)s, %(date_m47)s, %(value_m47)s), (%(indicator_id_m48)s, %(date_m48)s, %(value_m48)s), (%(indicator_id_m49)s, %(date_m49)s, %(value_m49)s), (%(indicator_id_m50)s, %(date_m50)s, %(value_m50)s), (%(indicator_id_m51)s, %(date_m51)s, %(value_m51)s), (%(indicator_id_m52)s, %(date_m52)s, %(value_m52)s), (%(indicator_id_m53)s, %(date_m53)s, %(value_m53)s), (%(indicator_id_m54)s, %(date_m54)s, %(value_m54)s), (%(indicator_id_m55)s, %(date_m55)s, %(value_m55)s), (%(indicator_id_m56)s, %(date_m56)s, %(value_m56)s), (%(indicator_id_m57)s, %(date_m57)s, %(value_m57)s), (%(indicator_id_m58)s, %(date_m58)s, %(value_m58)s), (%(indicator_id_m59)s, %(date_m59)s, %(value_m59)s), (%(indicator_id_m60)s, %(date_m60)s, %(value_m60)s), (%(indicator_id_m61)s, %(date_m61)s, %(value_m61)s), (%(indicator_id_m62)s, %(date_m62)s, %(value_m62)s), (%(indicator_id_m63)s, %(date_m63)s, %(value_m63)s), (%(indicator_id_m64)s, %(date_m64)s, %(value_m64)s), (%(indicator_id_m65)s, %(date_m65)s, %(value_m65)s), (%(indicator_id_m66)s, %(date_m66)s, %(value_m66)s), (%(indicator_id_m67)s, %(date_m67)s, %(value_m67)s), (%(indicator_id_m68)s, %(date_m68)s, %(value_m68)s), (%(indicator_id_m69)s, %(date_m69)s, %(value_m69)s), (%(indicator_id_m70)s, %(date_m70)s, %(value_m70)s), (%(indicator_id_m71)s, %(date_m71)s, %(value_m71)s), (%(indicator_id_m72)s, %(date_m72)s, %(value_m72)s), (%(indicator_id_m73)s, %(date_m73)s, %(value_m73)s), (%(indicator_id_m74)s, %(date_m74)s, %(value_m74)s), (%(indicator_id_m75)s, %(date_m75)s, %(value_m75)s), (%(indicator_id_m76)s, %(date_m76)s, %(value_m76)s), (%(indicator_id_m77)s, %(date_m77)s, %(value_m77)s), (%(indicator_id_m78)s, %(date_m78)s, %(value_m78)s), (%(indicator_id_m79)s, %(date_m79)s, %(value_m79)s), (%(indicator_id_m80)s, %(date_m80)s, %(value_m80)s), (%(indicator_id_m81)s, %(date_m81)s, %(value_m81)s), (%(indicator_id_m82)s, %(date_m82)s, %(value_m82)s), (%(indicator_id_m83)s, %(date_m83)s, %(value_m83)s), (%(indicator_id_m84)s, %(date_m84)s, %(value_m84)s), (%(indicator_id_m85)s, %(date_m85)s, %(value_m85)s), (%(indicator_id_m86)s, %(date_m86)s, %(value_m86)s), (%(indicator_id_m87)s, %(date_m87)s, %(value_m87)s), (%(indicator_id_m88)s, %(date_m88)s, %(value_m88)s), (%(indicator_id_m89)s, %(date_m89)s, %(value_m89)s), (%(indicator_id_m90)s, %(date_m90)s, %(value_m90)s), (%(indicator_id_m91)s, %(date_m91)s, %(value_m91)s), (%(indicator_id_m92)s, %(date_m92)s, %(value_m92)s), (%(indicator_id_m93)s, %(date_m93)s, %(value_m93)s), (%(indicator_id_m94)s, %(date_m94)s, %(value_m94)s), (%(indicator_id_m95)s, %(date_m95)s, %(value_m95)s), (%(indicator_id_m96)s, %(date_m96)s, %(value_m96)s), (%(indicator_id_m97)s, %(date_m97)s, %(value_m97)s), (%(indicator_id_m98)s, %(date_m98)s, %(value_m98)s), (%(indicator_id_m99)s, %(date_m99)s, %(value_m99)s), (%(indicator_id_m100)s, %(date_m100)s, %(value_m100)s), (%(indicator_id_m101)s, %(date_m101)s, %(value_m101)s), (%(indicator_id_m102)s, %(date_m102)s, %(value_m102)s), (%(indicator_id_m103)s, %(date_m103)s, %(value_m103)s), (%(indicator_id_m104)s, %(date_m104)s, %(value_m104)s), (%(indicator_id_m105)s, %(date_m105)s, %(value_m105)s), (%(indicator_id_m106)s, %(date_m106)s, %(value_m106)s), (%(indicator_id_m107)s, %(date_m107)s, %(value_m107)s), (%(indicator_id_m108)s, %(date_m108)s, %(value_m108)s), (%(indicator_id_m109)s, %(date_m109)s, %(value_m109)s), (%(indicator_id_m110)s, %(date_m110)s, %(value_m110)s), (%(indicator_id_m111)s, %(date_m111)s, %(value_m111)s), (%(indicator_id_m112)s, %(date_m112)s, %(value_m112)s), (%(indicator_id_m113)s, %(date_m113)s, %(value_m113)s), (%(indicator_id_m114)s, %(date_m114)s, %(value_m114)s), (%(indicator_id_m115)s, %(date_m115)s, %(value_m115)s), (%(indicator_id_m116)s, %(date_m116)s, %(value_m116)s), (%(indicator_id_m117)s, %(date_m117)s, %(value_m117)s), (%(indicator_id_m118)s, %(date_m118)s, %(value_m118)s), (%(indicator_id_m119)s, %(date_m119)s, %(value_m119)s), (%(indicator_id_m120)s, %(date_m120)s, %(value_m120)s), (%(indicator_id_m121)s, %(date_m121)s, %(value_m121)s), (%(indicator_id_m122)s, %(date_m122)s, %(value_m122)s), (%(indicator_id_m123)s, %(date_m123)s, %(value_m123)s), (%(indicator_id_m124)s, %(date_m124)s, %(value_m124)s), (%(indicator_id_m125)s, %(date_m125)s, %(value_m125)s), (%(indicator_id_m126)s, %(date_m126)s, %(value_m126)s), (%(indicator_id_m127)s, %(date_m127)s, %(value_m127)s), (%(indicator_id_m128)s, %(date_m128)s, %(value_m128)s), (%(indicator_id_m129)s, %(date_m129)s, %(value_m129)s), (%(indicator_id_m130)s, %(date_m130)s, %(value_m130)s), (%(indicator_id_m131)s, %(date_m131)s, %(value_m131)s), (%(indicator_id_m132)s, %(date_m132)s, %(value_m132)s), (%(indicator_id_m133)s, %(date_m133)s, %(value_m133)s), (%(indicator_id_m134)s, %(date_m134)s, %(value_m134)s), (%(indicator_id_m135)s, %(date_m135)s, %(value_m135)s), (%(indicator_id_m136)s, %(date_m136)s, %(value_m136)s), (%(indicator_id_m137)s, %(date_m137)s, %(value_m137)s), (%(indicator_id_m138)s, %(date_m138)s, %(value_m138)s), (%(indicator_id_m139)s, %(date_m139)s, %(value_m139)s), (%(indicator_id_m140)s, %(date_m140)s, %(value_m140)s), (%(indicator_id_m141)s, %(date_m141)s, %(value_m141)s), (%(indicator_id_m142)s, %(date_m142)s, %(value_m142)s), (%(indicator_id_m143)s, %(date_m143)s, %(value_m143)s), (%(indicator_id_m144)s, %(date_m144)s, %(value_m144)s), (%(indicator_id_m145)s, %(date_m145)s, %(value_m145)s), (%(indicator_id_m146)s, %(date_m146)s, %(value_m146)s), (%(indicator_id_m147)s, %(date_m147)s, %(value_m147)s), (%(indicator_id_m148)s, %(date_m148)s, %(value_m148)s), (%(indicator_id_m149)s, %(date_m149)s, %(value_m149)s), (%(indicator_id_m150)s, %(date_m150)s, %(value_m150)s), (%(indicator_id_m151)s, %(date_m151)s, %(value_m151)s), (%(indicator_id_m152)s, %(date_m152)s, %(value_m152)s), (%(indicator_id_m153)s, %(date_m153)s, %(value_m153)s), (%(indicator_id_m154)s, %(date_m154)s, %(value_m154)s), (%(indicator_id_m155)s, %(date_m155)s, %(value_m155)s), (%(indicator_id_m156)s, %(date_m156)s, %(value_m156)s), (%(indicator_id_m157)s, %(date_m157)s, %(value_m157)s), (%(indicator_id_m158)s, %(date_m158)s, %(value_m158)s), (%(indicator_id_m159)s, %(date_m159)s, %(value_m159)s), (%(indicator_id_m160)s, %(date_m160)s, %(value_m160)s), (%(indicator_id_m161)s, %(date_m161)s, %(value_m161)s), (%(indicator_id_m162)s, %(date_m162)s, %(value_m162)s), (%(indicator_id_m163)s, %(date_m163)s, %(value_m163)s), (%(indicator_id_m164)s, %(date_m164)s, %(value_m164)s), (%(indicator_id_m165)s, %(date_m165)s, %(value_m165)s), (%(indicator_id_m166)s, %(date_m166)s, %(value_m166)s), (%(indicator_id_m167)s, %(date_m167)s, %(value_m167)s), (%(indicator_id_m168)s, %(date_m168)s, %(value_m168)s), (%(indicator_id_m169)s, %(date_m169)s, %(value_m169)s), (%(indicator_id_m170)s, %(date_m170)s, %(value_m170)s), (%(indicator_id_m171)s, %(date_m171)s, %(value_m171)s), (%(indicator_id_m172)s, %(date_m172)s, %(value_m172)s), (%(indicator_id_m173)s, %(date_m173)s, %(value_m173)s), (%(indicator_id_m174)s, %(date_m174)s, %(value_m174)s), (%(indicator_id_m175)s, %(date_m175)s, %(value_m175)s), (%(indicator_id_m176)s, %(date_m176)s, %(value_m176)s), (%(indicator_id_m177)s, %(date_m177)s, %(value_m177)s), (%(indicator_id_m178)s, %(date_m178)s, %(value_m178)s), (%(indicator_id_m179)s, %(date_m179)s, %(value_m179)s), (%(indicator_id_m180)s, %(date_m180)s, %(value_m180)s), (%(indicator_id_m181)s, %(date_m181)s, %(value_m181)s), (%(indicator_id_m182)s, %(date_m182)s, %(value_m182)s), (%(indicator_id_m183)s, %(date_m183)s, %(value_m183)s), (%(indicator_id_m184)s, %(date_m184)s, %(value_m184)s), (%(indicator_id_m185)s, %(date_m185)s, %(value_m185)s), (%(indicator_id_m186)s, %(date_m186)s, %(value_m186)s), (%(indicator_id_m187)s, %(date_m187)s, %(value_m187)s), (%(indicator_id_m188)s, %(date_m188)s, %(value_m188)s), (%(indicator_id_m189)s, %(date_m189)s, %(value_m189)s), (%(indicator_id_m190)s, %(date_m190)s, %(value_m190)s), (%(indicator_id_m191)s, %(date_m191)s, %(value_m191)s), (%(indicator_id_m192)s, %(date_m192)s, %(value_m192)s), (%(indicator_id_m193)s, %(date_m193)s, %(value_m193)s), (%(indicator_id_m194)s, %(date_m194)s, %(value_m194)s), (%(indicator_id_m195)s, %(date_m195)s, %(value_m195)s), (%(indicator_id_m196)s, %(date_m196)s, %(value_m196)s), (%(indicator_id_m197)s, %(date_m197)s, %(value_m197)s), (%(indicator_id_m198)s, %(date_m198)s, %(value_m198)s), (%(indicator_id_m199)s, %(date_m199)s, %(value_m199)s), (%(indicator_id_m200)s, %(date_m200)s, %(value_m200)s), (%(indicator_id_m201)s, %(date_m201)s, %(value_m201)s), (%(indicator_id_m202)s, %(date_m202)s, %(value_m202)s), (%(indicator_id_m203)s, %(date_m203)s, %(value_m203)s), (%(indicator_id_m204)s, %(date_m204)s, %(value_m204)s), (%(indicator_id_m205)s, %(date_m205)s, %(value_m205)s), (%(indicator_id_m206)s, %(date_m206)s, %(value_m206)s), (%(indicator_id_m207)s, %(date_m207)s, %(value_m207)s), (%(indicator_id_m208)s, %(date_m208)s, %(value_m208)s), (%(indicator_id_m209)s, %(date_m209)s, %(value_m209)s), (%(indicator_id_m210)s, %(date_m210)s, %(value_m210)s), (%(indicator_id_m211)s, %(date_m211)s, %(value_m211)s), (%(indicator_id_m212)s, %(date_m212)s, %(value_m212)s), (%(indicator_id_m213)s, %(date_m213)s, %(value_m213)s), (%(indicator_id_m214)s, %(date_m214)s, %(value_m214)s), (%(indicator_id_m215)s, %(date_m215)s, %(value_m215)s), (%(indicator_id_m216)s, %(date_m216)s, %(value_m216)s), (%(indicator_id_m217)s, %(date_m217)s, %(value_m217)s), (%(indicator_id_m218)s, %(date_m218)s, %(value_m218)s), (%(indicator_id_m219)s, %(date_m219)s, %(value_m219)s), (%(indicator_id_m220)s, %(date_m220)s, %(value_m220)s), (%(indicator_id_m221)s, %(date_m221)s, %(value_m221)s), (%(indicator_id_m222)s, %(date_m222)s, %(value_m222)s), (%(indicator_id_m223)s, %(date_m223)s, %(value_m223)s), (%(indicator_id_m224)s, %(date_m224)s, %(value_m224)s), (%(indicator_id_m225)s, %(date_m225)s, %(value_m225)s), (%(indicator_id_m226)s, %(date_m226)s, %(value_m226)s), (%(indicator_id_m227)s, %(date_m227)s, %(value_m227)s), (%(indicator_id_m228)s, %(date_m228)s, %(value_m228)s), (%(indicator_id_m229)s, %(date_m229)s, %(value_m229)s), (%(indicator_id_m230)s, %(date_m230)s, %(value_m230)s), (%(indicator_id_m231)s, %(date_m231)s, %(value_m231)s), (%(indicator_id_m232)s, %(date_m232)s, %(value_m232)s), (%(indicator_id_m233)s, %(date_m233)s, %(value_m233)s), (%(indicator_id_m234)s, %(date_m234)s, %(value_m234)s), (%(indicator_id_m235)s, %(date_m235)s, %(value_m235)s), (%(indicator_id_m236)s, %(date_m236)s, %(value_m236)s), (%(indicator_id_m237)s, %(date_m237)s, %(value_m237)s), (%(indicator_id_m238)s, %(date_m238)s, %(value_m238)s), (%(indicator_id_m239)s, %(date_m239)s, %(value_m239)s), (%(indicator_id_m240)s, %(date_m240)s, %(value_m240)s), (%(indicator_id_m241)s, %(date_m241)s, %(value_m241)s), (%(indicator_id_m242)s, %(date_m242)s, %(value_m242)s), (%(indicator_id_m243)s, %(date_m243)s, %(value_m243)s), (%(indicator_id_m244)s, %(date_m244)s, %(value_m244)s), (%(indicator_id_m245)s, %(date_m245)s, %(value_m245)s), (%(indicator_id_m246)s, %(date_m246)s, %(value_m246)s), (%(indicator_id_m247)s, %(date_m247)s, %(value_m247)s), (%(indicator_id_m248)s, %(date_m248)s, %(value_m248)s), (%(indicator_id_m249)s, %(date_m249)s, %(value_m249)s), (%(indicator_id_m250)s, %(date_m250)s, %(value_m250)s), (%(indicator_id_m251)s, %(date_m251)s, %(value_m251)s), (%(indicator_id_m252)s, %(date_m252)s, %(value_m252)s), (%(indicator_id_m253)s, %(date_m253)s, %(value_m253)s), (%(indicator_id_m254)s, %(date_m254)s, %(value_m254)s), (%(indicator_id_m255)s, %(date_m255)s, %(value_m255)s), (%(indicator_id_m256)s, %(date_m256)s, %(value_m256)s), (%(indicator_id_m257)s, %(date_m257)s, %(value_m257)s), (%(indicator_id_m258)s, %(date_m258)s, %(value_m258)s), (%(indicator_id_m259)s, %(date_m259)s, %(value_m259)s), (%(indicator_id_m260)s, %(date_m260)s, %(value_m260)s), (%(indicator_id_m261)s, %(date_m261)s, %(value_m261)s), (%(indicator_id_m262)s, %(date_m262)s, %(value_m262)s), (%(indicator_id_m263)s, %(date_m263)s, %(value_m263)s), (%(indicator_id_m264)s, %(date_m264)s, %(value_m264)s), (%(indicator_id_m265)s, %(date_m265)s, %(value_m265)s), (%(indicator_id_m266)s, %(date_m266)s, %(value_m266)s), (%(indicator_id_m267)s, %(date_m267)s, %(value_m267)s), (%(indicator_id_m268)s, %(date_m268)s, %(value_m268)s), (%(indicator_id_m269)s, %(date_m269)s, %(value_m269)s), (%(indicator_id_m270)s, %(date_m270)s, %(value_m270)s), (%(indicator_id_m271)s, %(date_m271)s, %(value_m271)s), (%(indicator_id_m272)s, %(date_m272)s, %(value_m272)s), (%(indicator_id_m273)s, %(date_m273)s, %(value_m273)s), (%(indicator_id_m274)s, %(date_m274)s, %(value_m274)s), (%(indicator_id_m275)s, %(date_m275)s, %(value_m275)s), (%(indicator_id_m276)s, %(date_m276)s, %(value_m276)s), (%(indicator_id_m277)s, %(date_m277)s, %(value_m277)s), (%(indicator_id_m278)s, %(date_m278)s, %(value_m278)s), (%(indicator_id_m279)s, %(date_m279)s, %(value_m279)s), (%(indicator_id_m280)s, %(date_m280)s, %(value_m280)s), (%(indicator_id_m281)s, %(date_m281)s, %(value_m281)s), (%(indicator_id_m282)s, %(date_m282)s, %(value_m282)s), (%(indicator_id_m283)s, %(date_m283)s, %(value_m283)s), (%(indicator_id_m284)s, %(date_m284)s, %(value_m284)s), (%(indicator_id_m285)s, %(date_m285)s, %(value_m285)s), (%(indicator_id_m286)s, %(date_m286)s, %(value_m286)s), (%(indicator_id_m287)s, %(date_m287)s, %(value_m287)s), (%(indicator_id_m288)s, %(date_m288)s, %(value_m288)s), (%(indicator_id_m289)s, %(date_m289)s, %(value_m289)s), (%(indicator_id_m290)s, %(date_m290)s, %(value_m290)s), (%(indicator_id_m291)s, %(date_m291)s, %(value_m291)s), (%(indicator_id_m292)s, %(date_m292)s, %(value_m292)s), (%(indicator_id_m293)s, %(date_m293)s, %(value_m293)s), (%(indicator_id_m294)s, %(date_m294)s, %(value_m294)s), (%(indicator_id_m295)s, %(date_m295)s, %(value_m295)s), (%(indicator_id_m296)s, %(date_m296)s, %(value_m296)s), (%(indicator_id_m297)s, %(date_m297)s, %(value_m297)s), (%(indicator_id_m298)s, %(date_m298)s, %(value_m298)s), (%(indicator_id_m299)s, %(date_m299)s, %(value_m299)s), (%(indicator_id_m300)s, %(date_m300)s, %(value_m300)s), (%(indicator_id_m301)s, %(date_m301)s, %(value_m301)s), (%(indicator_id_m302)s, %(date_m302)s, %(value_m302)s), (%(indicator_id_m303)s, %(date_m303)s, %(value_m303)s), (%(indicator_id_m304)s, %(date_m304)s, %(value_m304)s), (%(indicator_id_m305)s, %(date_m305)s, %(value_m305)s), (%(indicator_id_m306)s, %(date_m306)s, %(value_m306)s), (%(indicator_id_m307)s, %(date_m307)s, %(value_m307)s), (%(indicator_id_m308)s, %(date_m308)s, %(value_m308)s), (%(indicator_id_m309)s, %(date_m309)s, %(value_m309)s), (%(indicator_id_m310)s, %(date_m310)s, %(value_m310)s), (%(indicator_id_m311)s, %(date_m311)s, %(value_m311)s), (%(indicator_id_m312)s, %(date_m312)s, %(value_m312)s), (%(indicator_id_m313)s, %(date_m313)s, %(value_m313)s), (%(indicator_id_m314)s, %(date_m314)s, %(value_m314)s), (%(indicator_id_m315)s, %(date_m315)s, %(value_m315)s), (%(indicator_id_m316)s, %(date_m316)s, %(value_m316)s), (%(indicator_id_m317)s, %(date_m317)s, %(value_m317)s), (%(indicator_id_m318)s, %(date_m318)s, %(value_m318)s), (%(indicator_id_m319)s, %(date_m319)s, %(value_m319)s), (%(indicator_id_m320)s, %(date_m320)s, %(value_m320)s), (%(indicator_id_m321)s, %(date_m321)s, %(value_m321)s), (%(indicator_id_m322)s, %(date_m322)s, %(value_m322)s), (%(indicator_id_m323)s, %(date_m323)s, %(value_m323)s), (%(indicator_id_m324)s, %(date_m324)s, %(value_m324)s), (%(indicator_id_m325)s, %(date_m325)s, %(value_m325)s), (%(indicator_id_m326)s, %(date_m326)s, %(value_m326)s), (%(indicator_id_m327)s, %(date_m327)s, %(value_m327)s), (%(indicator_id_m328)s, %(date_m328)s, %(value_m328)s), (%(indicator_id_m329)s, %(date_m329)s, %(value_m329)s), (%(indicator_id_m330)s, %(date_m330)s, %(value_m330)s), (%(indicator_id_m331)s, %(date_m331)s, %(value_m331)s), (%(indicator_id_m332)s, %(date_m332)s, %(value_m332)s), (%(indicator_id_m333)s, %(date_m333)s, %(value_m333)s), (%(indicator_id_m334)s, %(date_m334)s, %(value_m334)s), (%(indicator_id_m335)s, %(date_m335)s, %(value_m335)s), (%(indicator_id_m336)s, %(date_m336)s, %(value_m336)s), (%(indicator_id_m337)s, %(date_m337)s, %(value_m337)s), (%(indicator_id_m338)s, %(date_m338)s, %(value_m338)s), (%(indicator_id_m339)s, %(date_m339)s, %(value_m339)s), (%(indicator_id_m340)s, %(date_m340)s, %(value_m340)s), (%(indicator_id_m341)s, %(date_m341)s, %(value_m341)s), (%(indicator_id_m342)s, %(date_m342)s, %(value_m342)s), (%(indicator_id_m343)s, %(date_m343)s, %(value_m343)s), (%(indicator_id_m344)s, %(date_m344)s, %(value_m344)s), (%(indicator_id_m345)s, %(date_m345)s, %(value_m345)s), (%(indicator_id_m346)s, %(date_m346)s, %(value_m346)s), (%(indicator_id_m347)s, %(date_m347)s, %(value_m347)s), (%(indicator_id_m348)s, %(date_m348)s, %(value_m348)s), (%(indicator_id_m349)s, %(date_m349)s, %(value_m349)s), (%(indicator_id_m350)s, %(date_m350)s, %(value_m350)s), (%(indicator_id_m351)s, %(date_m351)s, %(value_m351)s), (%(indicator_id_m352)s, %(date_m352)s, %(value_m352)s), (%(indicator_id_m353)s, %(date_m353)s, %(value_m353)s), (%(indicator_id_m354)s, %(date_m354)s, %(value_m354)s), (%(indicator_id_m355)s, %(date_m355)s, %(value_m355)s), (%(indicator_id_m356)s, %(date_m356)s, %(value_m356)s), (%(indicator_id_m357)s, %(date_m357)s, %(value_m357)s), (%(indicator_id_m358)s, %(date_m358)s, %(value_m358)s), (%(indicator_id_m359)s, %(date_m359)s, %(value_m359)s), (%(indicator_id_m360)s, %(date_m360)s, %(value_m360)s), (%(indicator_id_m361)s, %(date_m361)s, %(value_m361)s), (%(indicator_id_m362)s, %(date_m362)s, %(value_m362)s), (%(indicator_id_m363)s, %(date_m363)s, %(value_m363)s), (%(indicator_id_m364)s, %(date_m364)s, %(value_m364)s), (%(indicator_id_m365)s, %(date_m365)s, %(value_m365)s), (%(indicator_id_m366)s, %(date_m366)s, %(value_m366)s), (%(indicator_id_m367)s, %(date_m367)s, %(value_m367)s), (%(indicator_id_m368)s, %(date_m368)s, %(value_m368)s), (%(indicator_id_m369)s, %(date_m369)s, %(value_m369)s), (%(indicator_id_m370)s, %(date_m370)s, %(value_m370)s), (%(indicator_id_m371)s, %(date_m371)s, %(value_m371)s), (%(indicator_id_m372)s, %(date_m372)s, %(value_m372)s), (%(indicator_id_m373)s, %(date_m373)s, %(value_m373)s), (%(indicator_id_m374)s, %(date_m374)s, %(value_m374)s), (%(indicator_id_m375)s, %(date_m375)s, %(value_m375)s), (%(indicator_id_m376)s, %(date_m376)s, %(value_m376)s), (%(indicator_id_m377)s, %(date_m377)s, %(value_m377)s), (%(indicator_id_m378)s, %(date_m378)s, %(value_m378)s), (%(indicator_id_m379)s, %(date_m379)s, %(value_m379)s), (%(indicator_id_m380)s, %(date_m380)s, %(value_m380)s), (%(indicator_id_m381)s, %(date_m381)s, %(value_m381)s), (%(indicator_id_m382)s, %(date_m382)s, %(value_m382)s), (%(indicator_id_m383)s, %(date_m383)s, %(value_m383)s), (%(indicator_id_m384)s, %(date_m384)s, %(value_m384)s), (%(indicator_id_m385)s, %(date_m385)s, %(value_m385)s), (%(indicator_id_m386)s, %(date_m386)s, %(value_m386)s), (%(indicator_id_m387)s, %(date_m387)s, %(value_m387)s), (%(indicator_id_m388)s, %(date_m388)s, %(value_m388)s), (%(indicator_id_m389)s, %(date_m389)s, %(value_m389)s), (%(indicator_id_m390)s, %(date_m390)s, %(value_m390)s), (%(indicator_id_m391)s, %(date_m391)s, %(value_m391)s), (%(indicator_id_m392)s, %(date_m392)s, %(value_m392)s), (%(indicator_id_m393)s, %(date_m393)s, %(value_m393)s), (%(indicator_id_m394)s, %(date_m394)s, %(value_m394)s), (%(indicator_id_m395)s, %(date_m395)s, %(value_m395)s), (%(indicator_id_m396)s, %(date_m396)s, %(value_m396)s), (%(indicator_id_m397)s, %(date_m397)s, %(value_m397)s), (%(indicator_id_m398)s, %(date_m398)s, %(value_m398)s), (%(indicator_id_m399)s, %(date_m399)s, %(value_m399)s), (%(indicator_id_m400)s, %(date_m400)s, %(value_m400)s), (%(indicator_id_m401)s, %(date_m401)s, %(value_m401)s), (%(indicator_id_m402)s, %(date_m402)s, %(value_m402)s), (%(indicator_id_m403)s, %(date_m403)s, %(value_m403)s), (%(indicator_id_m404)s, %(date_m404)s, %(value_m404)s), (%(indicator_id_m405)s, %(date_m405)s, %(value_m405)s), (%(indicator_id_m406)s, %(date_m406)s, %(value_m406)s), (%(indicator_id_m407)s, %(date_m407)s, %(value_m407)s), (%(indicator_id_m408)s, %(date_m408)s, %(value_m408)s), (%(indicator_id_m409)s, %(date_m409)s, %(value_m409)s), (%(indicator_id_m410)s, %(date_m410)s, %(value_m410)s), (%(indicator_id_m411)s, %(date_m411)s, %(value_m411)s), (%(indicator_id_m412)s, %(date_m412)s, %(value_m412)s), (%(indicator_id_m413)s, %(date_m413)s, %(value_m413)s), (%(indicator_id_m414)s, %(date_m414)s, %(value_m414)s), (%(indicator_id_m415)s, %(date_m415)s, %(value_m415)s), (%(indicator_id_m416)s, %(date_m416)s, %(value_m416)s), (%(indicator_id_m417)s, %(date_m417)s, %(value_m417)s), (%(indicator_id_m418)s, %(date_m418)s, %(value_m418)s), (%(indicator_id_m419)s, %(date_m419)s, %(value_m419)s), (%(indicator_id_m420)s, %(date_m420)s, %(value_m420)s), (%(indicator_id_m421)s, %(date_m421)s, %(value_m421)s), (%(indicator_id_m422)s, %(date_m422)s, %(value_m422)s), (%(indicator_id_m423)s, %(date_m423)s, %(value_m423)s), (%(indicator_id_m424)s, %(date_m424)s, %(value_m424)s), (%(indicator_id_m425)s, %(date_m425)s, %(value_m425)s), (%(indicator_id_m426)s, %(date_m426)s, %(value_m426)s), (%(indicator_id_m427)s, %(date_m427)s, %(value_m427)s), (%(indicator_id_m428)s, %(date_m428)s, %(value_m428)s), (%(indicator_id_m429)s, %(date_m429)s, %(value_m429)s), (%(indicator_id_m430)s, %(date_m430)s, %(value_m430)s), (%(indicator_id_m431)s, %(date_m431)s, %(value_m431)s), (%(indicator_id_m432)s, %(date_m432)s, %(value_m432)s), (%(indicator_id_m433)s, %(date_m433)s, %(value_m433)s), (%(indicator_id_m434)s, %(date_m434)s, %(value_m434)s), (%(indicator_id_m435)s, %(date_m435)s, %(value_m435)s), (%(indicator_id_m436)s, %(date_m436)s, %(value_m436)s), (%(indicator_id_m437)s, %(date_m437)s, %(value_m437)s), (%(indicator_id_m438)s, %(date_m438)s, %(value_m438)s), (%(indicator_id_m439)s, %(date_m439)s, %(value_m439)s), (%(indicator_id_m440)s, %(date_m440)s, %(value_m440)s), (%(indicator_id_m441)s, %(date_m441)s, %(value_m441)s), (%(indicator_id_m442)s, %(date_m442)s, %(value_m442)s), (%(indicator_id_m443)s, %(date_m443)s, %(value_m443)s), (%(indicator_id_m444)s, %(date_m444)s, %(value_m444)s), (%(indicator_id_m445)s, %(date_m445)s, %(value_m445)s), (%(indicator_id_m446)s, %(date_m446)s, %(value_m446)s), (%(indicator_id_m447)s, %(date_m447)s, %(value_m447)s), (%(indicator_id_m448)s, %(date_m448)s, %(value_m448)s), (%(indicator_id_m449)s, %(date_m449)s, %(value_m449)s), (%(indicator_id_m450)s, %(date_m450)s, %(value_m450)s), (%(indicator_id_m451)s, %(date_m451)s, %(value_m451)s), (%(indicator_id_m452)s, %(date_m452)s, %(value_m452)s), (%(indicator_id_m453)s, %(date_m453)s, %(value_m453)s), (%(indicator_id_m454)s, %(date_m454)s, %(value_m454)s), (%(indicator_id_m455)s, %(date_m455)s, %(value_m455)s), (%(indicator_id_m456)s, %(date_m456)s, %(value_m456)s), (%(indicator_id_m457)s, %(date_m457)s, %(value_m457)s), (%(indicator_id_m458)s, %(date_m458)s, %(value_m458)s), (%(indicator_id_m459)s, %(date_m459)s, %(value_m459)s), (%(indicator_id_m460)s, %(date_m460)s, %(value_m460)s), (%(indicator_id_m461)s, %(date_m461)s, %(value_m461)s), (%(indicator_id_m462)s, %(date_m462)s, %(value_m462)s), (%(indicator_id_m463)s, %(date_m463)s, %(value_m463)s), (%(indicator_id_m464)s, %(date_m464)s, %(value_m464)s), (%(indicator_id_m465)s, %(date_m465)s, %(value_m465)s), (%(indicator_id_m466)s, %(date_m466)s, %(value_m466)s), (%(indicator_id_m467)s, %(date_m467)s, %(value_m467)s), (%(indicator_id_m468)s, %(date_m468)s, %(value_m468)s), (%(indicator_id_m469)s, %(date_m469)s, %(value_m469)s), (%(indicator_id_m470)s, %(date_m470)s, %(value_m470)s), (%(indicator_id_m471)s, %(date_m471)s, %(value_m471)s), (%(indicator_id_m472)s, %(date_m472)s, %(value_m472)s), (%(indicator_id_m473)s, %(date_m473)s, %(value_m473)s), (%(indicator_id_m474)s, %(date_m474)s, %(value_m474)s), (%(indicator_id_m475)s, %(date_m475)s, %(value_m475)s), (%(indicator_id_m476)s, %(date_m476)s, %(value_m476)s), (%(indicator_id_m477)s, %(date_m477)s, %(value_m477)s), (%(indicator_id_m478)s, %(date_m478)s, %(value_m478)s), (%(indicator_id_m479)s, %(date_m479)s, %(value_m479)s), (%(indicator_id_m480)s, %(date_m480)s, %(value_m480)s), (%(indicator_id_m481)s, %(date_m481)s, %(value_m481)s), (%(indicator_id_m482)s, %(date_m482)s, %(value_m482)s), (%(indicator_id_m483)s, %(date_m483)s, %(value_m483)s), (%(indicator_id_m484)s, %(date_m484)s, %(value_m484)s), (%(indicator_id_m485)s, %(date_m485)s, %(value_m485)s), (%(indicator_id_m486)s, %(date_m486)s, %(value_m486)s), (%(indicator_id_m487)s, %(date_m487)s, %(value_m487)s), (%(indicator_id_m488)s, %(date_m488)s, %(value_m488)s), (%(indicator_id_m489)s, %(date_m489)s, %(value_m489)s), (%(indicator_id_m490)s, %(date_m490)s, %(value_m490)s), (%(indicator_id_m491)s, %(date_m491)s, %(value_m491)s), (%(indicator_id_m492)s, %(date_m492)s, %(value_m492)s), (%(indicator_id_m493)s, %(date_m493)s, %(value_m493)s), (%(indicator_id_m494)s, %(date_m494)s, %(value_m494)s), (%(indicator_id_m495)s, %(date_m495)s, %(value_m495)s), (%(indicator_id_m496)s, %(date_m496)s, %(value_m496)s), (%(indicator_id_m497)s, %(date_m497)s, %(value_m497)s), (%(indicator_id_m498)s, %(date_m498)s, %(value_m498)s), (%(indicator_id_m499)s, %(date_m499)s, %(value_m499)s), (%(indicator_id_m500)s, %(date_m500)s, %(value_m500)s), (%(indicator_id_m501)s, %(date_m501)s, %(value_m501)s), (%(indicator_id_m502)s, %(date_m502)s, %(value_m502)s), (%(indicator_id_m503)s, %(date_m503)s, %(value_m503)s), (%(indicator_id_m504)s, %(date_m504)s, %(value_m504)s), (%(indicator_id_m505)s, %(date_m505)s, %(value_m505)s), (%(indicator_id_m506)s, %(date_m506)s, %(value_m506)s), (%(indicator_id_m507)s, %(date_m507)s, %(value_m507)s), (%(indicator_id_m508)s, %(date_m508)s, %(value_m508)s), (%(indicator_id_m509)s, %(date_m509)s, %(value_m509)s), (%(indicator_id_m510)s, %(date_m510)s, %(value_m510)s), (%(indicator_id_m511)s, %(date_m511)s, %(value_m511)s), (%(indicator_id_m512)s, %(date_m512)s, %(value_m512)s), (%(indicator_id_m513)s, %(date_m513)s, %(value_m513)s), (%(indicator_id_m514)s, %(date_m514)s, %(value_m514)s), (%(indicator_id_m515)s, %(date_m515)s, %(value_m515)s), (%(indicator_id_m516)s, %(date_m516)s, %(value_m516)s), (%(indicator_id_m517)s, %(date_m517)s, %(value_m517)s), (%(indicator_id_m518)s, %(date_m518)s, %(value_m518)s), (%(indicator_id_m519)s, %(date_m519)s, %(value_m519)s), (%(indicator_id_m520)s, %(date_m520)s, %(value_m520)s), (%(indicator_id_m521)s, %(date_m521)s, %(value_m521)s), (%(indicator_id_m522)s, %(date_m522)s, %(value_m522)s), (%(indicator_id_m523)s, %(date_m523)s, %(value_m523)s), (%(indicator_id_m524)s, %(date_m524)s, %(value_m524)s), (%(indicator_id_m525)s, %(date_m525)s, %(value_m525)s), (%(indicator_id_m526)s, %(date_m526)s, %(value_m526)s), (%(indicator_id_m527)s, %(date_m527)s, %(value_m527)s), (%(indicator_id_m528)s, %(date_m528)s, %(value_m528)s), (%(indicator_id_m529)s, %(date_m529)s, %(value_m529)s), (%(indicator_id_m530)s, %(date_m530)s, %(value_m530)s), (%(indicator_id_m531)s, %(date_m531)s, %(value_m531)s), (%(indicator_id_m532)s, %(date_m532)s, %(value_m532)s), (%(indicator_id_m533)s, %(date_m533)s, %(value_m533)s), (%(indicator_id_m534)s, %(date_m534)s, %(value_m534)s), (%(indicator_id_m535)s, %(date_m535)s, %(value_m535)s), (%(indicator_id_m536)s, %(date_m536)s, %(value_m536)s), (%(indicator_id_m537)s, %(date_m537)s, %(value_m537)s), (%(indicator_id_m538)s, %(date_m538)s, %(value_m538)s), (%(indicator_id_m539)s, %(date_m539)s, %(value_m539)s), (%(indicator_id_m540)s, %(date_m540)s, %(value_m540)s), (%(indicator_id_m541)s, %(date_m541)s, %(value_m541)s), (%(indicator_id_m542)s, %(date_m542)s, %(value_m542)s), (%(indicator_id_m543)s, %(date_m543)s, %(value_m543)s), (%(indicator_id_m544)s, %(date_m544)s, %(value_m544)s), (%(indicator_id_m545)s, %(date_m545)s, %(value_m545)s), (%(indicator_id_m546)s, %(date_m546)s, %(value_m546)s), (%(indicator_id_m547)s, %(date_m547)s, %(value_m547)s), (%(indicator_id_m548)s, %(date_m548)s, %(value_m548)s), (%(indicator_id_m549)s, %(date_m549)s, %(value_m549)s), (%(indicator_id_m550)s, %(date_m550)s, %(value_m550)s), (%(indicator_id_m551)s, %(date_m551)s, %(value_m551)s), (%(indicator_id_m552)s, %(date_m552)s, %(value_m552)s), (%(indicator_id_m553)s, %(date_m553)s, %(value_m553)s), (%(indicator_id_m554)s, %(date_m554)s, %(value_m554)s), (%(indicator_id_m555)s, %(date_m555)s, %(value_m555)s), (%(indicator_id_m556)s, %(date_m556)s, %(value_m556)s), (%(indicator_id_m557)s, %(date_m557)s, %(value_m557)s), (%(indicator_id_m558)s, %(date_m558)s, %(value_m558)s), (%(indicator_id_m559)s, %(date_m559)s, %(value_m559)s), (%(indicator_id_m560)s, %(date_m560)s, %(value_m560)s), (%(indicator_id_m561)s, %(date_m561)s, %(value_m561)s), (%(indicator_id_m562)s, %(date_m562)s, %(value_m562)s), (%(indicator_id_m563)s, %(date_m563)s, %(value_m563)s), (%(indicator_id_m564)s, %(date_m564)s, %(value_m564)s), (%(indicator_id_m565)s, %(date_m565)s, %(value_m565)s), (%(indicator_id_m566)s, %(date_m566)s, %(value_m566)s), (%(indicator_id_m567)s, %(date_m567)s, %(value_m567)s), (%(indicator_id_m568)s, %(date_m568)s, %(value_m568)s), (%(indicator_id_m569)s, %(date_m569)s, %(value_m569)s), (%(indicator_id_m570)s, %(date_m570)s, %(value_m570)s), (%(indicator_id_m571)s, %(date_m571)s, %(value_m571)s), (%(indicator_id_m572)s, %(date_m572)s, %(value_m572)s), (%(indicator_id_m573)s, %(date_m573)s, %(value_m573)s), (%(indicator_id_m574)s, %(date_m574)s, %(value_m574)s), (%(indicator_id_m575)s, %(date_m575)s, %(value_m575)s), (%(indicator_id_m576)s, %(date_m576)s, %(value_m576)s), (%(indicator_id_m577)s, %(date_m577)s, %(value_m577)s), (%(indicator_id_m578)s, %(date_m578)s, %(value_m578)s), (%(indicator_id_m579)s, %(date_m579)s, %(value_m579)s), (%(indicator_id_m580)s, %(date_m580)s, %(value_m580)s), (%(indicator_id_m581)s, %(date_m581)s, %(value_m581)s), (%(indicator_id_m582)s, %(date_m582)s, %(value_m582)s), (%(indicator_id_m583)s, %(date_m583)s, %(value_m583)s), (%(indicator_id_m584)s, %(date_m584)s, %(value_m584)s), (%(indicator_id_m585)s, %(date_m585)s, %(value_m585)s), (%(indicator_id_m586)s, %(date_m586)s, %(value_m586)s), (%(indicator_id_m587)s, %(date_m587)s, %(value_m587)s), (%(indicator_id_m588)s, %(date_m588)s, %(value_m588)s), (%(indicator_id_m589)s, %(date_m589)s, %(value_m589)s), (%(indicator_id_m590)s, %(date_m590)s, %(value_m590)s), (%(indicator_id_m591)s, %(date_m591)s, %(value_m591)s), (%(indicator_id_m592)s, %(date_m592)s, %(value_m592)s), (%(indicator_id_m593)s, %(date_m593)s, %(value_m593)s), (%(indicator_id_m594)s, %(date_m594)s, %(value_m594)s), (%(indicator_id_m595)s, %(date_m595)s, %(value_m595)s), (%(indicator_id_m596)s, %(date_m596)s, %(value_m596)s), (%(indicator_id_m597)s, %(date_m597)s, %(value_m597)s), (%(indicator_id_m598)s, %(date_m598)s, %(value_m598)s), (%(indicator_id_m599)s, %(date_m599)s, %(value_m599)s), (%(indicator_id_m600)s, %(date_m600)s, %(value_m600)s), (%(indicator_id_m601)s, %(date_m601)s, %(value_m601)s), (%(indicator_id_m602)s, %(date_m602)s, %(value_m602)s), (%(indicator_id_m603)s, %(date_m603)s, %(value_m603)s), (%(indicator_id_m604)s, %(date_m604)s, %(value_m604)s), (%(indicator_id_m605)s, %(date_m605)s, %(value_m605)s), (%(indicator_id_m606)s, %(date_m606)s, %(value_m606)s), (%(indicator_id_m607)s, %(date_m607)s, %(value_m607)s), (%(indicator_id_m608)s, %(date_m608)s, %(value_m608)s), (%(indicator_id_m609)s, %(date_m609)s, %(value_m609)s), (%(indicator_id_m610)s, %(date_m610)s, %(value_m610)s), (%(indicator_id_m611)s, %(date_m611)s, %(value_m611)s), (%(indicator_id_m612)s, %(date_m612)s, %(value_m612)s), (%(indicator_id_m613)s, %(date_m613)s, %(value_m613)s), (%(indicator_id_m614)s, %(date_m614)s, %(value_m614)s), (%(indicator_id_m615)s, %(date_m615)s, %(value_m615)s), (%(indicator_id_m616)s, %(date_m616)s, %(value_m616)s), (%(indicator_id_m617)s, %(date_m617)s, %(value_m617)s), (%(indicator_id_m618)s, %(date_m618)s, %(value_m618)s), (%(indicator_id_m619)s, %(date_m619)s, %(value_m619)s), (%(indicator_id_m620)s, %(date_m620)s, %(value_m620)s), (%(indicator_id_m621)s, %(date_m621)s, %(value_m621)s), (%(indicator_id_m622)s, %(date_m622)s, %(value_m622)s), (%(indicator_id_m623)s, %(date_m623)s, %(value_m623)s), (%(indicator_id_m624)s, %(date_m624)s, %(value_m624)s), (%(indicator_id_m625)s, %(date_m625)s, %(value_m625)s), (%(indicator_id_m626)s, %(date_m626)s, %(value_m626)s), (%(indicator_id_m627)s, %(date_m627)s, %(value_m627)s), (%(indicator_id_m628)s, %(date_m628)s, %(value_m628)s), (%(indicator_id_m629)s, %(date_m629)s, %(value_m629)s), (%(indicator_id_m630)s, %(date_m630)s, %(value_m630)s), (%(indicator_id_m631)s, %(date_m631)s, %(value_m631)s), (%(indicator_id_m632)s, %(date_m632)s, %(value_m632)s), (%(indicator_id_m633)s, %(date_m633)s, %(value_m633)s), (%(indicator_id_m634)s, %(date_m634)s, %(value_m634)s), (%(indicator_id_m635)s, %(date_m635)s, %(value_m635)s), (%(indicator_id_m636)s, %(date_m636)s, %(value_m636)s), (%(indicator_id_m637)s, %(date_m637)s, %(value_m637)s), (%(indicator_id_m638)s, %(date_m638)s, %(value_m638)s), (%(indicator_id_m639)s, %(date_m639)s, %(value_m639)s), (%(indicator_id_m640)s, %(date_m640)s, %(value_m640)s), (%(indicator_id_m641)s, %(date_m641)s, %(value_m641)s), (%(indicator_id_m642)s, %(date_m642)s, %(value_m642)s), (%(indicator_id_m643)s, %(date_m643)s, %(value_m643)s), (%(indicator_id_m644)s, %(date_m644)s, %(value_m644)s), (%(indicator_id_m645)s, %(date_m645)s, %(value_m645)s), (%(indicator_id_m646)s, %(date_m646)s, %(value_m646)s), (%(indicator_id_m647)s, %(date_m647)s, %(value_m647)s), (%(indicator_id_m648)s, %(date_m648)s, %(value_m648)s), (%(indicator_id_m649)s, %(date_m649)s, %(value_m649)s), (%(indicator_id_m650)s, %(date_m650)s, %(value_m650)s), (%(indicator_id_m651)s, %(date_m651)s, %(value_m651)s), (%(indicator_id_m652)s, %(date_m652)s, %(value_m652)s), (%(indicator_id_m653)s, %(date_m653)s, %(value_m653)s), (%(indicator_id_m654)s, %(date_m654)s, %(value_m654)s), (%(indicator_id_m655)s, %(date_m655)s, %(value_m655)s), (%(indicator_id_m656)s, %(date_m656)s, %(value_m656)s), (%(indicator_id_m657)s, %(date_m657)s, %(value_m657)s), (%(indicator_id_m658)s, %(date_m658)s, %(value_m658)s), (%(indicator_id_m659)s, %(date_m659)s, %(value_m659)s), (%(indicator_id_m660)s, %(date_m660)s, %(value_m660)s), (%(indicator_id_m661)s, %(date_m661)s, %(value_m661)s), (%(indicator_id_m662)s, %(date_m662)s, %(value_m662)s), (%(indicator_id_m663)s, %(date_m663)s, %(value_m663)s), (%(indicator_id_m664)s, %(date_m664)s, %(value_m664)s), (%(indicator_id_m665)s, %(date_m665)s, %(value_m665)s), (%(indicator_id_m666)s, %(date_m666)s, %(value_m666)s), (%(indicator_id_m667)s, %(date_m667)s, %(value_m667)s), (%(indicator_id_m668)s, %(date_m668)s, %(value_m668)s), (%(indicator_id_m669)s, %(date_m669)s, %(value_m669)s), (%(indicator_id_m670)s, %(date_m670)s, %(value_m670)s), (%(indicator_id_m671)s, %(date_m671)s, %(value_m671)s), (%(indicator_id_m672)s, %(date_m672)s, %(value_m672)s), (%(indicator_id_m673)s, %(date_m673)s, %(value_m673)s), (%(indicator_id_m674)s, %(date_m674)s, %(value_m674)s), (%(indicator_id_m675)s, %(date_m675)s, %(value_m675)s), (%(indicator_id_m676)s, %(date_m676)s, %(value_m676)s), (%(indicator_id_m677)s, %(date_m677)s, %(value_m677)s), (%(indicator_id_m678)s, %(date_m678)s, %(value_m678)s), (%(indicator_id_m679)s, %(date_m679)s, %(value_m679)s), (%(indicator_id_m680)s, %(date_m680)s, %(value_m680)s), (%(indicator_id_m681)s, %(date_m681)s, %(value_m681)s), (%(indicator_id_m682)s, %(date_m682)s, %(value_m682)s), (%(indicator_id_m683)s, %(date_m683)s, %(value_m683)s), (%(indicator_id_m684)s, %(date_m684)s, %(value_m684)s), (%(indicator_id_m685)s, %(date_m685)s, %(value_m685)s), (%(indicator_id_m686)s, %(date_m686)s, %(value_m686)s), (%(indicator_id_m687)s, %(date_m687)s, %(value_m687)s), (%(indicator_id_m688)s, %(date_m688)s, %(value_m688)s), (%(indicator_id_m689)s, %(date_m689)s, %(value_m689)s), (%(indicator_id_m690)s, %(date_m690)s, %(value_m690)s), (%(indicator_id_m691)s, %(date_m691)s, %(value_m691)s), (%(indicator_id_m692)s, %(date_m692)s, %(value_m692)s), (%(indicator_id_m693)s, %(date_m693)s, %(value_m693)s), (%(indicator_id_m694)s, %(date_m694)s, %(value_m694)s), (%(indicator_id_m695)s, %(date_m695)s, %(value_m695)s), (%(indicator_id_m696)s, %(date_m696)s, %(value_m696)s), (%(indicator_id_m697)s, %(date_m697)s, %(value_m697)s), (%(indicator_id_m698)s, %(date_m698)s, %(value_m698)s), (%(indicator_id_m699)s, %(date_m699)s, %(value_m699)s), (%(indicator_id_m700)s, %(date_m700)s, %(value_m700)s), (%(indicator_id_m701)s, %(date_m701)s, %(value_m701)s), (%(indicator_id_m702)s, %(date_m702)s, %(value_m702)s), (%(indicator_id_m703)s, %(date_m703)s, %(value_m703)s), (%(indicator_id_m704)s, %(date_m704)s, %(value_m704)s), (%(indicator_id_m705)s, %(date_m705)s, %(value_m705)s), (%(indicator_id_m706)s, %(date_m706)s, %(value_m706)s), (%(indicator_id_m707)s, %(date_m707)s, %(value_m707)s), (%(indicator_id_m708)s, %(date_m708)s, %(value_m708)s), (%(indicator_id_m709)s, %(date_m709)s, %(value_m709)s), (%(indicator_id_m710)s, %(date_m710)s, %(value_m710)s), (%(indicator_id_m711)s, %(date_m711)s, %(value_m711)s), (%(indicator_id_m712)s, %(date_m712)s, %(value_m712)s), (%(indicator_id_m713)s, %(date_m713)s, %(value_m713)s), (%(indicator_id_m714)s, %(date_m714)s, %(value_m714)s), (%(indicator_id_m715)s, %(date_m715)s, %(value_m715)s), (%(indicator_id_m716)s, %(date_m716)s, %(value_m716)s), (%(indicator_id_m717)s, %(date_m717)s, %(value_m717)s), (%(indicator_id_m718)s, %(date_m718)s, %(value_m718)s), (%(indicator_id_m719)s, %(date_m719)s, %(value_m719)s), (%(indicator_id_m720)s, %(date_m720)s, %(value_m720)s), (%(indicator_id_m721)s, %(date_m721)s, %(value_m721)s), (%(indicator_id_m722)s, %(date_m722)s, %(value_m722)s), (%(indicator_id_m723)s, %(date_m723)s, %(value_m723)s), (%(indicator_id_m724)s, %(date_m724)s, %(value_m724)s), (%(indicator_id_m725)s, %(date_m725)s, %(value_m725)s), (%(indicator_id_m726)s, %(date_m726)s, %(value_m726)s), (%(indicator_id_m727)s, %(date_m727)s, %(value_m727)s), (%(indicator_id_m728)s, %(date_m728)s, %(value_m728)s), (%(indicator_id_m729)s, %(date_m729)s, %(value_m729)s), (%(indicator_id_m730)s, %(date_m730)s, %(value_m730)s), (%(indicator_id_m731)s, %(date_m731)s, %(value_m731)s), (%(indicator_id_m732)s, %(date_m732)s, %(value_m732)s), (%(indicator_id_m733)s, %(date_m733)s, %(value_m733)s), (%(indicator_id_m734)s, %(date_m734)s, %(value_m734)s), (%(indicator_id_m735)s, %(date_m735)s, %(value_m735)s), (%(indicator_id_m736)s, %(date_m736)s, %(value_m736)s), (%(indicator_id_m737)s, %(date_m737)s, %(value_m737)s), (%(indicator_id_m738)s, %(date_m738)s, %(value_m738)s), (%(indicator_id_m739)s, %(date_m739)s, %(value_m739)s), (%(indicator_id_m740)s, %(date_m740)s, %(value_m740)s), (%(indicator_id_m741)s, %(date_m741)s, %(value_m741)s), (%(indicator_id_m742)s, %(date_m742)s, %(value_m742)s), (%(indicator_id_m743)s, %(date_m743)s, %(value_m743)s), (%(indicator_id_m744)s, %(date_m744)s, %(value_m744)s), (%(indicator_id_m745)s, %(date_m745)s, %(value_m745)s), (%(indicator_id_m746)s, %(date_m746)s, %(value_m746)s), (%(indicator_id_m747)s, %(date_m747)s, %(value_m747)s), (%(indicator_id_m748)s, %(date_m748)s, %(value_m748)s), (%(indicator_id_m749)s, %(date_m749)s, %(value_m749)s), (%(indicator_id_m750)s, %(date_m750)s, %(value_m750)s), (%(indicator_id_m751)s, %(date_m751)s, %(value_m751)s), (%(indicator_id_m752)s, %(date_m752)s, %(value_m752)s), (%(indicator_id_m753)s, %(date_m753)s, %(value_m753)s), (%(indicator_id_m754)s, %(date_m754)s, %(value_m754)s), (%(indicator_id_m755)s, %(date_m755)s, %(value_m755)s), (%(indicator_id_m756)s, %(date_m756)s, %(value_m756)s), (%(indicator_id_m757)s, %(date_m757)s, %(value_m757)s), (%(indicator_id_m758)s, %(date_m758)s, %(value_m758)s), (%(indicator_id_m759)s, %(date_m759)s, %(value_m759)s), (%(indicator_id_m760)s, %(date_m760)s, %(value_m760)s), (%(indicator_id_m761)s, %(date_m761)s, %(value_m761)s), (%(indicator_id_m762)s, %(date_m762)s, %(value_m762)s), (%(indicator_id_m763)s, %(date_m763)s, %(value_m763)s), (%(indicator_id_m764)s, %(date_m764)s, %(value_m764)s), (%(indicator_id_m765)s, %(date_m765)s, %(value_m765)s), (%(indicator_id_m766)s, %(date_m766)s, %(value_m766)s), (%(indicator_id_m767)s, %(date_m767)s, %(value_m767)s), (%(indicator_id_m768)s, %(date_m768)s, %(value_m768)s), (%(indicator_id_m769)s, %(date_m769)s, %(value_m769)s), (%(indicator_id_m770)s, %(date_m770)s, %(value_m770)s), (%(indicator_id_m771)s, %(date_m771)s, %(value_m771)s), (%(indicator_id_m772)s, %(date_m772)s, %(value_m772)s), (%(indicator_id_m773)s, %(date_m773)s, %(value_m773)s), (%(indicator_id_m774)s, %(date_m774)s, %(value_m774)s), (%(indicator_id_m775)s, %(date_m775)s, %(value_m775)s), (%(indicator_id_m776)s, %(date_m776)s, %(value_m776)s), (%(indicator_id_m777)s, %(date_m777)s, %(value_m777)s), (%(indicator_id_m778)s, %(date_m778)s, %(value_m778)s), (%(indicator_id_m779)s, %(date_m779)s, %(value_m779)s), (%(indicator_id_m780)s, %(date_m780)s, %(value_m780)s), (%(indicator_id_m781)s, %(date_m781)s, %(value_m781)s), (%(indicator_id_m782)s, %(date_m782)s, %(value_m782)s), (%(indicator_id_m783)s, %(date_m783)s, %(value_m783)s), (%(indicator_id_m784)s, %(date_m784)s, %(value_m784)s), (%(indicator_id_m785)s, %(date_m785)s, %(value_m785)s), (%(indicator_id_m786)s, %(date_m786)s, %(value_m786)s), (%(indicator_id_m787)s, %(date_m787)s, %(value_m787)s), (%(indicator_id_m788)s, %(date_m788)s, %(value_m788)s), (%(indicator_id_m789)s, %(date_m789)s, %(value_m789)s), (%(indicator_id_m790)s, %(date_m790)s, %(value_m790)s), (%(indicator_id_m791)s, %(date_m791)s, %(value_m791)s), (%(indicator_id_m792)s, %(date_m792)s, %(value_m792)s), (%(indicator_id_m793)s, %(date_m793)s, %(value_m793)s), (%(indicator_id_m794)s, %(date_m794)s, %(value_m794)s), (%(indicator_id_m795)s, %(date_m795)s, %(value_m795)s), (%(indicator_id_m796)s, %(date_m796)s, %(value_m796)s), (%(indicator_id_m797)s, %(date_m797)s, %(value_m797)s), (%(indicator_id_m798)s, %(date_m798)s, %(value_m798)s), (%(indicator_id_m799)s, %(date_m799)s, %(value_m799)s), (%(indicator_id_m800)s, %(date_m800)s, %(value_m800)s), (%(indicator_id_m801)s, %(date_m801)s, %(value_m801)s), (%(indicator_id_m802)s, %(date_m802)s, %(value_m802)s), (%(indicator_id_m803)s, %(date_m803)s, %(value_m803)s), (%(indicator_id_m804)s, %(date_m804)s, %(value_m804)s), (%(indicator_id_m805)s, %(date_m805)s, %(value_m805)s), (%(indicator_id_m806)s, %(date_m806)s, %(value_m806)s), (%(indicator_id_m807)s, %(date_m807)s, %(value_m807)s), (%(indicator_id_m808)s, %(date_m808)s, %(value_m808)s), (%(indicator_id_m809)s, %(date_m809)s, %(value_m809)s), (%(indicator_id_m810)s, %(date_m810)s, %(value_m810)s), (%(indicator_id_m811)s, %(date_m811)s, %(value_m811)s), (%(indicator_id_m812)s, %(date_m812)s, %(value_m812)s), (%(indicator_id_m813)s, %(date_m813)s, %(value_m813)s), (%(indicator_id_m814)s, %(date_m814)s, %(value_m814)s), (%(indicator_id_m815)s, %(date_m815)s, %(value_m815)s), (%(indicator_id_m816)s, %(date_m816)s, %(value_m816)s), (%(indicator_id_m817)s, %(date_m817)s, %(value_m817)s), (%(indicator_id_m818)s, %(date_m818)s, %(value_m818)s), (%(indicator_id_m819)s, %(date_m819)s, %(value_m819)s), (%(indicator_id_m820)s, %(date_m820)s, %(value_m820)s), (%(indicator_id_m821)s, %(date_m821)s, %(value_m821)s), (%(indicator_id_m822)s, %(date_m822)s, %(value_m822)s), (%(indicator_id_m823)s, %(date_m823)s, %(value_m823)s), (%(indicator_id_m824)s, %(date_m824)s, %(value_m824)s), (%(indicator_id_m825)s, %(date_m825)s, %(value_m825)s), (%(indicator_id_m826)s, %(date_m826)s, %(value_m826)s), (%(indicator_id_m827)s, %(date_m827)s, %(value_m827)s), (%(indicator_id_m828)s, %(date_m828)s, %(value_m828)s), (%(indicator_id_m829)s, %(date_m829)s, %(value_m829)s), (%(indicator_id_m830)s, %(date_m830)s, %(value_m830)s), (%(indicator_id_m831)s, %(date_m831)s, %(value_m831)s), (%(indicator_id_m832)s, %(date_m832)s, %(value_m832)s), (%(indicator_id_m833)s, %(date_m833)s, %(value_m833)s), (%(indicator_id_m834)s, %(date_m834)s, %(value_m834)s), (%(indicator_id_m835)s, %(date_m835)s, %(value_m835)s), (%(indicator_id_m836)s, %(date_m836)s, %(value_m836)s), (%(indicator_id_m837)s, %(date_m837)s, %(value_m837)s), (%(indicator_id_m838)s, %(date_m838)s, %(value_m838)s), (%(indicator_id_m839)s, %(date_m839)s, %(value_m839)s), (%(indicator_id_m840)s, %(date_m840)s, %(value_m840)s), (%(indicator_id_m841)s, %(date_m841)s, %(value_m841)s), (%(indicator_id_m842)s, %(date_m842)s, %(value_m842)s), (%(indicator_id_m843)s, %(date_m843)s, %(value_m843)s), (%(indicator_id_m844)s, %(date_m844)s, %(value_m844)s), (%(indicator_id_m845)s, %(date_m845)s, %(value_m845)s), (%(indicator_id_m846)s, %(date_m846)s, %(value_m846)s), (%(indicator_id_m847)s, %(date_m847)s, %(value_m847)s), (%(indicator_id_m848)s, %(date_m848)s, %(value_m848)s), (%(indicator_id_m849)s, %(date_m849)s, %(value_m849)s), (%(indicator_id_m850)s, %(date_m850)s, %(value_m850)s), (%(indicator_id_m851)s, %(date_m851)s, %(value_m851)s), (%(indicator_id_m852)s, %(date_m852)s, %(value_m852)s), (%(indicator_id_m853)s, %(date_m853)s, %(value_m853)s), (%(indicator_id_m854)s, %(date_m854)s, %(value_m854)s), (%(indicator_id_m855)s, %(date_m855)s, %(value_m855)s), (%(indicator_id_m856)s, %(date_m856)s, %(value_m856)s), (%(indicator_id_m857)s, %(date_m857)s, %(value_m857)s), (%(indicator_id_m858)s, %(date_m858)s, %(value_m858)s), (%(indicator_id_m859)s, %(date_m859)s, %(value_m859)s), (%(indicator_id_m860)s, %(date_m860)s, %(value_m860)s), (%(indicator_id_m861)s, %(date_m861)s, %(value_m861)s), (%(indicator_id_m862)s, %(date_m862)s, %(value_m862)s), (%(indicator_id_m863)s, %(date_m863)s, %(value_m863)s), (%(indicator_id_m864)s, %(date_m864)s, %(value_m864)s), (%(indicator_id_m865)s, %(date_m865)s, %(value_m865)s), (%(indicator_id_m866)s, %(date_m866)s, %(value_m866)s), (%(indicator_id_m867)s, %(date_m867)s, %(value_m867)s), (%(indicator_id_m868)s, %(date_m868)s, %(value_m868)s), (%(indicator_id_m869)s, %(date_m869)s, %(value_m869)s), (%(indicator_id_m870)s, %(date_m870)s, %(value_m870)s), (%(indicator_id_m871)s, %(date_m871)s, %(value_m871)s), (%(indicator_id_m872)s, %(date_m872)s, %(value_m872)s), (%(indicator_id_m873)s, %(date_m873)s, %(value_m873)s), (%(indicator_id_m874)s, %(date_m874)s, %(value_m874)s), (%(indicator_id_m875)s, %(date_m875)s, %(value_m875)s), (%(indicator_id_m876)s, %(date_m876)s, %(value_m876)s), (%(indicator_id_m877)s, %(date_m877)s, %(value_m877)s), (%(indicator_id_m878)s, %(date_m878)s, %(value_m878)s), (%(indicator_id_m879)s, %(date_m879)s, %(value_m879)s), (%(indicator_id_m880)s, %(date_m880)s, %(value_m880)s), (%(indicator_id_m881)s, %(date_m881)s, %(value_m881)s), (%(indicator_id_m882)s, %(date_m882)s, %(value_m882)s), (%(indicator_id_m883)s, %(date_m883)s, %(value_m883)s), (%(indicator_id_m884)s, %(date_m884)s, %(value_m884)s), (%(indicator_id_m885)s, %(date_m885)s, %(value_m885)s), (%(indicator_id_m886)s, %(date_m886)s, %(value_m886)s), (%(indicator_id_m887)s, %(date_m887)s, %(value_m887)s), (%(indicator_id_m888)s, %(date_m888)s, %(value_m888)s), (%(indicator_id_m889)s, %(date_m889)s, %(value_m889)s), (%(indicator_id_m890)s, %(date_m890)s, %(value_m890)s), (%(indicator_id_m891)s, %(date_m891)s, %(value_m891)s), (%(indicator_id_m892)s, %(date_m892)s, %(value_m892)s), (%(indicator_id_m893)s, %(date_m893)s, %(value_m893)s), (%(indicator_id_m894)s, %(date_m894)s, %(value_m894)s), (%(indicator_id_m895)s, %(date_m895)s, %(value_m895)s), (%(indicator_id_m896)s, %(date_m896)s, %(value_m896)s), (%(indicator_id_m897)s, %(date_m897)s, %(value_m897)s), (%(indicator_id_m898)s, %(date_m898)s, %(value_m898)s), (%(indicator_id_m899)s, %(date_m899)s, %(value_m899)s), (%(indicator_id_m900)s, %(date_m900)s, %(value_m900)s), (%(indicator_id_m901)s, %(date_m901)s, %(value_m901)s), (%(indicator_id_m902)s, %(date_m902)s, %(value_m902)s), (%(indicator_id_m903)s, %(date_m903)s, %(value_m903)s), (%(indicator_id_m904)s, %(date_m904)s, %(value_m904)s), (%(indicator_id_m905)s, %(date_m905)s, %(value_m905)s), (%(indicator_id_m906)s, %(date_m906)s, %(value_m906)s), (%(indicator_id_m907)s, %(date_m907)s, %(value_m907)s), (%(indicator_id_m908)s, %(date_m908)s, %(value_m908)s), (%(indicator_id_m909)s, %(date_m909)s, %(value_m909)s), (%(indicator_id_m910)s, %(date_m910)s, %(value_m910)s), (%(indicator_id_m911)s, %(date_m911)s, %(value_m911)s), (%(indicator_id_m912)s, %(date_m912)s, %(value_m912)s), (%(indicator_id_m913)s, %(date_m913)s, %(value_m913)s), (%(indicator_id_m914)s, %(date_m914)s, %(value_m914)s), (%(indicator_id_m915)s, %(date_m915)s, %(value_m915)s), (%(indicator_id_m916)s, %(date_m916)s, %(value_m916)s), (%(indicator_id_m917)s, %(date_m917)s, %(value_m917)s), (%(indicator_id_m918)s, %(date_m918)s, %(value_m918)s), (%(indicator_id_m919)s, %(date_m919)s, %(value_m919)s), (%(indicator_id_m920)s, %(date_m920)s, %(value_m920)s), (%(indicator_id_m921)s, %(date_m921)s, %(value_m921)s), (%(indicator_id_m922)s, %(date_m922)s, %(value_m922)s), (%(indicator_id_m923)s, %(date_m923)s, %(value_m923)s), (%(indicator_id_m924)s, %(date_m924)s, %(value_m924)s), (%(indicator_id_m925)s, %(date_m925)s, %(value_m925)s), (%(indicator_id_m926)s, %(date_m926)s, %(value_m926)s), (%(indicator_id_m927)s, %(date_m927)s, %(value_m927)s), (%(indicator_id_m928)s, %(date_m928)s, %(value_m928)s), (%(indicator_id_m929)s, %(date_m929)s, %(value_m929)s), (%(indicator_id_m930)s, %(date_m930)s, %(value_m930)s), (%(indicator_id_m931)s, %(date_m931)s, %(value_m931)s), (%(indicator_id_m932)s, %(date_m932)s, %(value_m932)s), (%(indicator_id_m933)s, %(date_m933)s, %(value_m933)s), (%(indicator_id_m934)s, %(date_m934)s, %(value_m934)s), (%(indicator_id_m935)s, %(date_m935)s, %(value_m935)s), (%(indicator_id_m936)s, %(date_m936)s, %(value_m936)s), (%(indicator_id_m937)s, %(date_m937)s, %(value_m937)s), (%(indicator_id_m938)s, %(date_m938)s, %(value_m938)s), (%(indicator_id_m939)s, %(date_m939)s, %(value_m939)s), (%(indicator_id_m940)s, %(date_m940)s, %(value_m940)s), (%(indicator_id_m941)s, %(date_m941)s, %(value_m941)s), (%(indicator_id_m942)s, %(date_m942)s, %(value_m942)s), (%(indicator_id_m943)s, %(date_m943)s, %(value_m943)s), (%(indicator_id_m944)s, %(date_m944)s, %(value_m944)s), (%(indicator_id_m945)s, %(date_m945)s, %(value_m945)s), (%(indicator_id_m946)s, %(date_m946)s, %(value_m946)s), (%(indicator_id_m947)s, %(date_m947)s, %(value_m947)s), (%(indicator_id_m948)s, %(date_m948)s, %(value_m948)s), (%(indicator_id_m949)s, %(date_m949)s, %(value_m949)s), (%(indicator_id_m950)s, %(date_m950)s, %(value_m950)s), (%(indicator_id_m951)s, %(date_m951)s, %(value_m951)s), (%(indicator_id_m952)s, %(date_m952)s, %(value_m952)s), (%(indicator_id_m953)s, %(date_m953)s, %(value_m953)s), (%(indicator_id_m954)s, %(date_m954)s, %(value_m954)s), (%(indicator_id_m955)s, %(date_m955)s, %(value_m955)s), (%(indicator_id_m956)s, %(date_m956)s, %(value_m956)s), (%(indicator_id_m957)s, %(date_m957)s, %(value_m957)s), (%(indicator_id_m958)s, %(date_m958)s, %(value_m958)s), (%(indicator_id_m959)s, %(date_m959)s, %(value_m959)s), (%(indicator_id_m960)s, %(date_m960)s, %(value_m960)s), (%(indicator_id_m961)s, %(date_m961)s, %(value_m961)s), (%(indicator_id_m962)s, %(date_m962)s, %(value_m962)s), (%(indicator_id_m963)s, %(date_m963)s, %(value_m963)s), (%(indicator_id_m964)s, %(date_m964)s, %(value_m964)s), (%(indicator_id_m965)s, %(date_m965)s, %(value_m965)s), (%(indicator_id_m966)s, %(date_m966)s, %(value_m966)s), (%(indicator_id_m967)s, %(date_m967)s, %(value_m967)s), (%(indicator_id_m968)s, %(date_m968)s, %(value_m968)s), (%(indicator_id_m969)s, %(date_m969)s, %(value_m969)s), (%(indicator_id_m970)s, %(date_m970)s, %(value_m970)s), (%(indicator_id_m971)s, %(date_m971)s, %(value_m971)s), (%(indicator_id_m972)s, %(date_m972)s, %(value_m972)s), (%(indicator_id_m973)s, %(date_m973)s, %(value_m973)s), (%(indicator_id_m974)s, %(date_m974)s, %(value_m974)s), (%(indicator_id_m975)s, %(date_m975)s, %(value_m975)s), (%(indicator_id_m976)s, %(date_m976)s, %(value_m976)s), (%(indicator_id_m977)s, %(date_m977)s, %(value_m977)s), (%(indicator_id_m978)s, %(date_m978)s, %(value_m978)s), (%(indicator_id_m979)s, %(date_m979)s, %(value_m979)s), (%(indicator_id_m980)s, %(date_m980)s, %(value_m980)s), (%(indicator_id_m981)s, %(date_m981)s, %(value_m981)s), (%(indicator_id_m982)s, %(date_m982)s, %(value_m982)s), (%(indicator_id_m983)s, %(date_m983)s, %(value_m983)s), (%(indicator_id_m984)s, %(date_m984)s, %(value_m984)s), (%(indicator_id_m985)s, %(date_m985)s, %(value_m985)s), (%(indicator_id_m986)s, %(date_m986)s, %(value_m986)s), (%(indicator_id_m987)s, %(date_m987)s, %(value_m987)s), (%(indicator_id_m988)s, %(date_m988)s, %(value_m988)s), (%(indicator_id_m989)s, %(date_m989)s, %(value_m989)s), (%(indicator_id_m990)s, %(date_m990)s, %(value_m990)s), (%(indicator_id_m991)s, %(date_m991)s, %(value_m991)s), (%(indicator_id_m992)s, %(date_m992)s, %(value_m992)s), (%(indicator_id_m993)s, %(date_m993)s, %(value_m993)s), (%(indicator_id_m994)s, %(date_m994)s, %(value_m994)s), (%(indicator_id_m995)s, %(date_m995)s, %(value_m995)s), (%(indicator_id_m996)s, %(date_m996)s, %(value_m996)s), (%(indicator_id_m997)s, %(date_m997)s, %(value_m997)s), (%(indicator_id_m998)s, %(date_m998)s, %(value_m998)s), (%(indicator_id_m999)s, %(date_m999)s, %(value_m999)s), (%(indicator_id_m1000)s, %(date_m1000)s, %(value_m1000)s), (%(indicator_id_m1001)s, %(date_m1001)s, %(value_m1001)s), (%(indicator_id_m1002)s, %(date_m1002)s, %(value_m1002)s), (%(indicator_id_m1003)s, %(date_m1003)s, %(value_m1003)s), (%(indicator_id_m1004)s, %(date_m1004)s, %(value_m1004)s), (%(indicator_id_m1005)s, %(date_m1005)s, %(value_m1005)s), (%(indicator_id_m1006)s, %(date_m1006)s, %(value_m1006)s), (%(indicator_id_m1007)s, %(date_m1007)s, %(value_m1007)s), (%(indicator_id_m1008)s, %(date_m1008)s, %(value_m1008)s), (%(indicator_id_m1009)s, %(date_m1009)s, %(value_m1009)s), (%(indicator_id_m1010)s, %(date_m1010)s, %(value_m1010)s), (%(indicator_id_m1011)s, %(date_m1011)s, %(value_m1011)s), (%(indicator_id_m1012)s, %(date_m1012)s, %(value_m1012)s), (%(indicator_id_m1013)s, %(date_m1013)s, %(value_m1013)s), (%(indicator_id_m1014)s, %(date_m1014)s, %(value_m1014)s), (%(indicator_id_m1015)s, %(date_m1015)s, %(value_m1015)s), (%(indicator_id_m1016)s, %(date_m1016)s, %(value_m1016)s), (%(indicator_id_m1017)s, %(date_m1017)s, %(value_m1017)s), (%(indicator_id_m1018)s, %(date_m1018)s, %(value_m1018)s), (%(indicator_id_m1019)s, %(date_m1019)s, %(value_m1019)s), (%(indicator_id_m1020)s, %(date_m1020)s, %(value_m1020)s), (%(indicator_id_m1021)s, %(date_m1021)s, %(value_m1021)s), (%(indicator_id_m1022)s, %(date_m1022)s, %(value_m1022)s), (%(indicator_id_m1023)s, %(date_m1023)s, %(value_m1023)s), (%(indicator_id_m1024)s, %(date_m1024)s, %(value_m1024)s), (%(indicator_id_m1025)s, %(date_m1025)s, %(value_m1025)s), (%(indicator_id_m1026)s, %(date_m1026)s, %(value_m1026)s), (%(indicator_id_m1027)s, %(date_m1027)s, %(value_m1027)s), (%(indicator_id_m1028)s, %(date_m1028)s, %(value_m1028)s), (%(indicator_id_m1029)s, %(date_m1029)s, %(value_m1029)s), (%(indicator_id_m1030)s, %(date_m1030)s, %(value_m1030)s), (%(indicator_id_m1031)s, %(date_m1031)s, %(value_m1031)s), (%(indicator_id_m1032)s, %(date_m1032)s, %(value_m1032)s), (%(indicator_id_m1033)s, %(date_m1033)s, %(value_m1033)s), (%(indicator_id_m1034)s, %(date_m1034)s, %(value_m1034)s), (%(indicator_id_m1035)s, %(date_m1035)s, %(value_m1035)s), (%(indicator_id_m1036)s, %(date_m1036)s, %(value_m1036)s), (%(indicator_id_m1037)s, %(date_m1037)s, %(value_m1037)s), (%(indicator_id_m1038)s, %(date_m1038)s, %(value_m1038)s), (%(indicator_id_m1039)s, %(date_m1039)s, %(value_m1039)s), (%(indicator_id_m1040)s, %(date_m1040)s, %(value_m1040)s), (%(indicator_id_m1041)s, %(date_m1041)s, %(value_m1041)s), (%(indicator_id_m1042)s, %(date_m1042)s, %(value_m1042)s), (%(indicator_id_m1043)s, %(date_m1043)s, %(value_m1043)s), (%(indicator_id_m1044)s, %(date_m1044)s, %(value_m1044)s), (%(indicator_id_m1045)s, %(date_m1045)s, %(value_m1045)s), (%(indicator_id_m1046)s, %(date_m1046)s, %(value_m1046)s), (%(indicator_id_m1047)s, %(date_m1047)s, %(value_m1047)s), (%(indicator_id_m1048)s, %(date_m1048)s, %(value_m1048)s), (%(indicator_id_m1049)s, %(date_m1049)s, %(value_m1049)s), (%(indicator_id_m1050)s, %(date_m1050)s, %(value_m1050)s), (%(indicator_id_m1051)s, %(date_m1051)s, %(value_m1051)s), (%(indicator_id_m1052)s, %(date_m1052)s, %(value_m1052)s), (%(indicator_id_m1053)s, %(date_m1053)s, %(value_m1053)s), (%(indicator_id_m1054)s, %(date_m1054)s, %(value_m1054)s), (%(indicator_id_m1055)s, %(date_m1055)s, %(value_m1055)s), (%(indicator_id_m1056)s, %(date_m1056)s, %(value_m1056)s), (%(indicator_id_m1057)s, %(date_m1057)s, %(value_m1057)s), (%(indicator_id_m1058)s, %(date_m1058)s, %(value_m1058)s), (%(indicator_id_m1059)s, %(date_m1059)s, %(value_m1059)s), (%(indicator_id_m1060)s, %(date_m1060)s, %(value_m1060)s), (%(indicator_id_m1061)s, %(date_m1061)s, %(value_m1061)s), (%(indicator_id_m1062)s, %(date_m1062)s, %(value_m1062)s), (%(indicator_id_m1063)s, %(date_m1063)s, %(value_m1063)s), (%(indicator_id_m1064)s, %(date_m1064)s, %(value_m1064)s), (%(indicator_id_m1065)s, %(date_m1065)s, %(value_m1065)s), (%(indicator_id_m1066)s, %(date_m1066)s, %(value_m1066)s), (%(indicator_id_m1067)s, %(date_m1067)s, %(value_m1067)s), (%(indicator_id_m1068)s, %(date_m1068)s, %(value_m1068)s), (%(indicator_id_m1069)s, %(date_m1069)s, %(value_m1069)s), (%(indicator_id_m1070)s, %(date_m1070)s, %(value_m1070)s), (%(indicator_id_m1071)s, %(date_m1071)s, %(value_m1071)s), (%(indicator_id_m1072)s, %(date_m1072)s, %(value_m1072)s), (%(indicator_id_m1073)s, %(date_m1073)s, %(value_m1073)s), (%(indicator_id_m1074)s, %(date_m1074)s, %(value_m1074)s), (%(indicator_id_m1075)s, %(date_m1075)s, %(value_m1075)s), (%(indicator_id_m1076)s, %(date_m1076)s, %(value_m1076)s), (%(indicator_id_m1077)s, %(date_m1077)s, %(value_m1077)s), (%(indicator_id_m1078)s, %(date_m1078)s, %(value_m1078)s), (%(indicator_id_m1079)s, %(date_m1079)s, %(value_m1079)s), (%(indicator_id_m1080)s, %(date_m1080)s, %(value_m1080)s), (%(indicator_id_m1081)s, %(date_m1081)s, %(value_m1081)s), (%(indicator_id_m1082)s, %(date_m1082)s, %(value_m1082)s), (%(indicator_id_m1083)s, %(date_m1083)s, %(value_m1083)s), (%(indicator_id_m1084)s, %(date_m1084)s, %(value_m1084)s), (%(indicator_id_m1085)s, %(date_m1085)s, %(value_m1085)s), (%(indicator_id_m1086)s, %(date_m1086)s, %(value_m1086)s), (%(indicator_id_m1087)s, %(date_m1087)s, %(value_m1087)s), (%(indicator_id_m1088)s, %(date_m1088)s, %(value_m1088)s), (%(indicator_id_m1089)s, %(date_m1089)s, %(value_m1089)s), (%(indicator_id_m1090)s, %(date_m1090)s, %(value_m1090)s), (%(indicator_id_m1091)s, %(date_m1091)s, %(value_m1091)s), (%(indicator_id_m1092)s, %(date_m1092)s, %(value_m1092)s), (%(indicator_id_m1093)s, %(date_m1093)s, %(value_m1093)s), (%(indicator_id_m1094)s, %(date_m1094)s, %(value_m1094)s), (%(indicator_id_m1095)s, %(date_m1095)s, %(value_m1095)s), (%(indicator_id_m1096)s, %(date_m1096)s, %(value_m1096)s), (%(indicator_id_m1097)s, %(date_m1097)s, %(value_m1097)s), (%(indicator_id_m1098)s, %(date_m1098)s, %(value_m1098)s), (%(indicator_id_m1099)s, %(date_m1099)s, %(value_m1099)s), (%(indicator_id_m1100)s, %(date_m1100)s, %(value_m1100)s), (%(indicator_id_m1101)s, %(date_m1101)s, %(value_m1101)s), (%(indicator_id_m1102)s, %(date_m1102)s, %(value_m1102)s), (%(indicator_id_m1103)s, %(date_m1103)s, %(value_m1103)s), (%(indicator_id_m1104)s, %(date_m1104)s, %(value_m1104)s), (%(indicator_id_m1105)s, %(date_m1105)s, %(value_m1105)s), (%(indicator_id_m1106)s, %(date_m1106)s, %(value_m1106)s), (%(indicator_id_m1107)s, %(date_m1107)s, %(value_m1107)s), (%(indicator_id_m1108)s, %(date_m1108)s, %(value_m1108)s), (%(indicator_id_m1109)s, %(date_m1109)s, %(value_m1109)s), (%(indicator_id_m1110)s, %(date_m1110)s, %(value_m1110)s), (%(indicator_id_m1111)s, %(date_m1111)s, %(value_m1111)s), (%(indicator_id_m1112)s, %(date_m1112)s, %(value_m1112)s), (%(indicator_id_m1113)s, %(date_m1113)s, %(value_m1113)s), (%(indicator_id_m1114)s, %(date_m1114)s, %(value_m1114)s), (%(indicator_id_m1115)s, %(date_m1115)s, %(value_m1115)s), (%(indicator_id_m1116)s, %(date_m1116)s, %(value_m1116)s), (%(indicator_id_m1117)s, %(date_m1117)s, %(value_m1117)s), (%(indicator_id_m1118)s, %(date_m1118)s, %(value_m1118)s), (%(indicator_id_m1119)s, %(date_m1119)s, %(value_m1119)s), (%(indicator_id_m1120)s, %(date_m1120)s, %(value_m1120)s), (%(indicator_id_m1121)s, %(date_m1121)s, %(value_m1121)s), (%(indicator_id_m1122)s, %(date_m1122)s, %(value_m1122)s), (%(indicator_id_m1123)s, %(date_m1123)s, %(value_m1123)s), (%(indicator_id_m1124)s, %(date_m1124)s, %(value_m1124)s), (%(indicator_id_m1125)s, %(date_m1125)s, %(value_m1125)s), (%(indicator_id_m1126)s, %(date_m1126)s, %(value_m1126)s), (%(indicator_id_m1127)s, %(date_m1127)s, %(value_m1127)s), (%(indicator_id_m1128)s, %(date_m1128)s, %(value_m1128)s), (%(indicator_id_m1129)s, %(date_m1129)s, %(value_m1129)s), (%(indicator_id_m1130)s, %(date_m1130)s, %(value_m1130)s), (%(indicator_id_m1131)s, %(date_m1131)s, %(value_m1131)s), (%(indicator_id_m1132)s, %(date_m1132)s, %(value_m1132)s), (%(indicator_id_m1133)s, %(date_m1133)s, %(value_m1133)s), (%(indicator_id_m1134)s, %(date_m1134)s, %(value_m1134)s), (%(indicator_id_m1135)s, %(date_m1135)s, %(value_m1135)s), (%(indicator_id_m1136)s, %(date_m1136)s, %(value_m1136)s), (%(indicator_id_m1137)s, %(date_m1137)s, %(value_m1137)s), (%(indicator_id_m1138)s, %(date_m1138)s, %(value_m1138)s), (%(indicator_id_m1139)s, %(date_m1139)s, %(value_m1139)s), (%(indicator_id_m1140)s, %(date_m1140)s, %(value_m1140)s), (%(indicator_id_m1141)s, %(date_m1141)s, %(value_m1141)s), (%(indicator_id_m1142)s, %(date_m1142)s, %(value_m1142)s), (%(indicator_id_m1143)s, %(date_m1143)s, %(value_m1143)s), (%(indicator_id_m1144)s, %(date_m1144)s, %(value_m1144)s), (%(indicator_id_m1145)s, %(date_m1145)s, %(value_m1145)s), (%(indicator_id_m1146)s, %(date_m1146)s, %(value_m1146)s), (%(indicator_id_m1147)s, %(date_m1147)s, %(value_m1147)s), (%(indicator_id_m1148)s, %(date_m1148)s, %(value_m1148)s), (%(indicator_id_m1149)s, %(date_m1149)s, %(value_m1149)s), (%(indicator_id_m1150)s, %(date_m1150)s, %(value_m1150)s), (%(indicator_id_m1151)s, %(date_m1151)s, %(value_m1151)s), (%(indicator_id_m1152)s, %(date_m1152)s, %(value_m1152)s), (%(indicator_id_m1153)s, %(date_m1153)s, %(value_m1153)s), (%(indicator_id_m1154)s, %(date_m1154)s, %(value_m1154)s), (%(indicator_id_m1155)s, %(date_m1155)s, %(value_m1155)s), (%(indicator_id_m1156)s, %(date_m1156)s, %(value_m1156)s), (%(indicator_id_m1157)s, %(date_m1157)s, %(value_m1157)s), (%(indicator_id_m1158)s, %(date_m1158)s, %(value_m1158)s), (%(indicator_id_m1159)s, %(date_m1159)s, %(value_m1159)s), (%(indicator_id_m1160)s, %(date_m1160)s, %(value_m1160)s), (%(indicator_id_m1161)s, %(date_m1161)s, %(value_m1161)s), (%(indicator_id_m1162)s, %(date_m1162)s, %(value_m1162)s), (%(indicator_id_m1163)s, %(date_m1163)s, %(value_m1163)s), (%(indicator_id_m1164)s, %(date_m1164)s, %(value_m1164)s), (%(indicator_id_m1165)s, %(date_m1165)s, %(value_m1165)s), (%(indicator_id_m1166)s, %(date_m1166)s, %(value_m1166)s), (%(indicator_id_m1167)s, %(date_m1167)s, %(value_m1167)s), (%(indicator_id_m1168)s, %(date_m1168)s, %(value_m1168)s), (%(indicator_id_m1169)s, %(date_m1169)s, %(value_m1169)s), (%(indicator_id_m1170)s, %(date_m1170)s, %(value_m1170)s), (%(indicator_id_m1171)s, %(date_m1171)s, %(value_m1171)s), (%(indicator_id_m1172)s, %(date_m1172)s, %(value_m1172)s), (%(indicator_id_m1173)s, %(date_m1173)s, %(value_m1173)s), (%(indicator_id_m1174)s, %(date_m1174)s, %(value_m1174)s), (%(indicator_id_m1175)s, %(date_m1175)s, %(value_m1175)s), (%(indicator_id_m1176)s, %(date_m1176)s, %(value_m1176)s), (%(indicator_id_m1177)s, %(date_m1177)s, %(value_m1177)s), (%(indicator_id_m1178)s, %(date_m1178)s, %(value_m1178)s), (%(indicator_id_m1179)s, %(date_m1179)s, %(value_m1179)s), (%(indicator_id_m1180)s, %(date_m1180)s, %(value_m1180)s), (%(indicator_id_m1181)s, %(date_m1181)s, %(value_m1181)s), (%(indicator_id_m1182)s, %(date_m1182)s, %(value_m1182)s), (%(indicator_id_m1183)s, %(date_m1183)s, %(value_m1183)s), (%(indicator_id_m1184)s, %(date_m1184)s, %(value_m1184)s), (%(indicator_id_m1185)s, %(date_m1185)s, %(value_m1185)s), (%(indicator_id_m1186)s, %(date_m1186)s, %(value_m1186)s), (%(indicator_id_m1187)s, %(date_m1187)s, %(value_m1187)s), (%(indicator_id_m1188)s, %(date_m1188)s, %(value_m1188)s), (%(indicator_id_m1189)s, %(date_m1189)s, %(value_m1189)s), (%(indicator_id_m1190)s, %(date_m1190)s, %(value_m1190)s), (%(indicator_id_m1191)s, %(date_m1191)s, %(value_m1191)s), (%(indicator_id_m1192)s, %(date_m1192)s, %(value_m1192)s), (%(indicator_id_m1193)s, %(date_m1193)s, %(value_m1193)s), (%(indicator_id_m1194)s, %(date_m1194)s, %(value_m1194)s), (%(indicator_id_m1195)s, %(date_m1195)s, %(value_m1195)s), (%(indicator_id_m1196)s, %(date_m1196)s, %(value_m1196)s), (%(indicator_id_m1197)s, %(date_m1197)s, %(value_m1197)s), (%(indicator_id_m1198)s, %(date_m1198)s, %(value_m1198)s), (%(indicator_id_m1199)s, %(date_m1199)s, %(value_m1199)s), (%(indicator_id_m1200)s, %(date_m1200)s, %(value_m1200)s), (%(indicator_id_m1201)s, %(date_m1201)s, %(value_m1201)s), (%(indicator_id_m1202)s, %(date_m1202)s, %(value_m1202)s), (%(indicator_id_m1203)s, %(date_m1203)s, %(value_m1203)s), (%(indicator_id_m1204)s, %(date_m1204)s, %(value_m1204)s), (%(indicator_id_m1205)s, %(date_m1205)s, %(value_m1205)s), (%(indicator_id_m1206)s, %(date_m1206)s, %(value_m1206)s), (%(indicator_id_m1207)s, %(date_m1207)s, %(value_m1207)s), (%(indicator_id_m1208)s, %(date_m1208)s, %(value_m1208)s), (%(indicator_id_m1209)s, %(date_m1209)s, %(value_m1209)s), (%(indicator_id_m1210)s, %(date_m1210)s, %(value_m1210)s), (%(indicator_id_m1211)s, %(date_m1211)s, %(value_m1211)s), (%(indicator_id_m1212)s, %(date_m1212)s, %(value_m1212)s), (%(indicator_id_m1213)s, %(date_m1213)s, %(value_m1213)s), (%(indicator_id_m1214)s, %(date_m1214)s, %(value_m1214)s), (%(indicator_id_m1215)s, %(date_m1215)s, %(value_m1215)s), (%(indicator_id_m1216)s, %(date_m1216)s, %(value_m1216)s), (%(indicator_id_m1217)s, %(date_m1217)s, %(value_m1217)s), (%(indicator_id_m1218)s, %(date_m1218)s, %(value_m1218)s), (%(indicator_id_m1219)s, %(date_m1219)s, %(value_m1219)s), (%(indicator_id_m1220)s, %(date_m1220)s, %(value_m1220)s), (%(indicator_id_m1221)s, %(date_m1221)s, %(value_m1221)s), (%(indicator_id_m1222)s, %(date_m1222)s, %(value_m1222)s), (%(indicator_id_m1223)s, %(date_m1223)s, %(value_m1223)s), (%(indicator_id_m1224)s, %(date_m1224)s, %(value_m1224)s), (%(indicator_id_m1225)s, %(date_m1225)s, %(value_m1225)s), (%(indicator_id_m1226)s, %(date_m1226)s, %(value_m1226)s), (%(indicator_id_m1227)s, %(date_m1227)s, %(value_m1227)s), (%(indicator_id_m1228)s, %(date_m1228)s, %(value_m1228)s), (%(indicator_id_m1229)s, %(date_m1229)s, %(value_m1229)s), (%(indicator_id_m1230)s, %(date_m1230)s, %(value_m1230)s), (%(indicator_id_m1231)s, %(date_m1231)s, %(value_m1231)s), (%(indicator_id_m1232)s, %(date_m1232)s, %(value_m1232)s), (%(indicator_id_m1233)s, %(date_m1233)s, %(value_m1233)s), (%(indicator_id_m1234)s, %(date_m1234)s, %(value_m1234)s), (%(indicator_id_m1235)s, %(date_m1235)s, %(value_m1235)s), (%(indicator_id_m1236)s, %(date_m1236)s, %(value_m1236)s), (%(indicator_id_m1237)s, %(date_m1237)s, %(value_m1237)s), (%(indicator_id_m1238)s, %(date_m1238)s, %(value_m1238)s), (%(indicator_id_m1239)s, %(date_m1239)s, %(value_m1239)s), (%(indicator_id_m1240)s, %(date_m1240)s, %(value_m1240)s), (%(indicator_id_m1241)s, %(date_m1241)s, %(value_m1241)s), (%(indicator_id_m1242)s, %(date_m1242)s, %(value_m1242)s), (%(indicator_id_m1243)s, %(date_m1243)s, %(value_m1243)s), (%(indicator_id_m1244)s, %(date_m1244)s, %(value_m1244)s), (%(indicator_id_m1245)s, %(date_m1245)s, %(value_m1245)s), (%(indicator_id_m1246)s, %(date_m1246)s, %(value_m1246)s), (%(indicator_id_m1247)s, %(date_m1247)s, %(value_m1247)s), (%(indicator_id_m1248)s, %(date_m1248)s, %(value_m1248)s), (%(indicator_id_m1249)s, %(date_m1249)s, %(value_m1249)s), (%(indicator_id_m1250)s, %(date_m1250)s, %(value_m1250)s), (%(indicator_id_m1251)s, %(date_m1251)s, %(value_m1251)s), (%(indicator_id_m1252)s, %(date_m1252)s, %(value_m1252)s), (%(indicator_id_m1253)s, %(date_m1253)s, %(value_m1253)s), (%(indicator_id_m1254)s, %(date_m1254)s, %(value_m1254)s), (%(indicator_id_m1255)s, %(date_m1255)s, %(value_m1255)s), (%(indicator_id_m1256)s, %(date_m1256)s, %(value_m1256)s), (%(indicator_id_m1257)s, %(date_m1257)s, %(value_m1257)s), (%(indicator_id_m1258)s, %(date_m1258)s, %(value_m1258)s), (%(indicator_id_m1259)s, %(date_m1259)s, %(value_m1259)s), (%(indicator_id_m1260)s, %(date_m1260)s, %(value_m1260)s), (%(indicator_id_m1261)s, %(date_m1261)s, %(value_m1261)s), (%(indicator_id_m1262)s, %(date_m1262)s, %(value_m1262)s), (%(indicator_id_m1263)s, %(date_m1263)s, %(value_m1263)s), (%(indicator_id_m1264)s, %(date_m1264)s, %(value_m1264)s), (%(indicator_id_m1265)s, %(date_m1265)s, %(value_m1265)s), (%(indicator_id_m1266)s, %(date_m1266)s, %(value_m1266)s), (%(indicator_id_m1267)s, %(date_m1267)s, %(value_m1267)s), (%(indicator_id_m1268)s, %(date_m1268)s, %(value_m1268)s), (%(indicator_id_m1269)s, %(date_m1269)s, %(value_m1269)s), (%(indicator_id_m1270)s, %(date_m1270)s, %(value_m1270)s), (%(indicator_id_m1271)s, %(date_m1271)s, %(value_m1271)s), (%(indicator_id_m1272)s, %(date_m1272)s, %(value_m1272)s), (%(indicator_id_m1273)s, %(date_m1273)s, %(value_m1273)s), (%(indicator_id_m1274)s, %(date_m1274)s, %(value_m1274)s), (%(indicator_id_m1275)s, %(date_m1275)s, %(value_m1275)s), (%(indicator_id_m1276)s, %(date_m1276)s, %(value_m1276)s), (%(indicator_id_m1277)s, %(date_m1277)s, %(value_m1277)s), (%(indicator_id_m1278)s, %(date_m1278)s, %(value_m1278)s), (%(indicator_id_m1279)s, %(date_m1279)s, %(value_m1279)s), (%(indicator_id_m1280)s, %(date_m1280)s, %(value_m1280)s), (%(indicator_id_m1281)s, %(date_m1281)s, %(value_m1281)s), (%(indicator_id_m1282)s, %(date_m1282)s, %(value_m1282)s), (%(indicator_id_m1283)s, %(date_m1283)s, %(value_m1283)s), (%(indicator_id_m1284)s, %(date_m1284)s, %(value_m1284)s), (%(indicator_id_m1285)s, %(date_m1285)s, %(value_m1285)s), (%(indicator_id_m1286)s, %(date_m1286)s, %(value_m1286)s), (%(indicator_id_m1287)s, %(date_m1287)s, %(value_m1287)s), (%(indicator_id_m1288)s, %(date_m1288)s, %(value_m1288)s), (%(indicator_id_m1289)s, %(date_m1289)s, %(value_m1289)s), (%(indicator_id_m1290)s, %(date_m1290)s, %(value_m1290)s), (%(indicator_id_m1291)s, %(date_m1291)s, %(value_m1291)s), (%(indicator_id_m1292)s, %(date_m1292)s, %(value_m1292)s), (%(indicator_id_m1293)s, %(date_m1293)s, %(value_m1293)s), (%(indicator_id_m1294)s, %(date_m1294)s, %(value_m1294)s), (%(indicator_id_m1295)s, %(date_m1295)s, %(value_m1295)s), (%(indicator_id_m1296)s, %(date_m1296)s, %(value_m1296)s), (%(indicator_id_m1297)s, %(date_m1297)s, %(value_m1297)s), (%(indicator_id_m1298)s, %(date_m1298)s, %(value_m1298)s), (%(indicator_id_m1299)s, %(date_m1299)s, %(value_m1299)s), (%(indicator_id_m1300)s, %(date_m1300)s, %(value_m1300)s), (%(indicator_id_m1301)s, %(date_m1301)s, %(value_m1301)s), (%(indicator_id_m1302)s, %(date_m1302)s, %(value_m1302)s), (%(indicator_id_m1303)s, %(date_m1303)s, %(value_m1303)s), (%(indicator_id_m1304)s, %(date_m1304)s, %(value_m1304)s), (%(indicator_id_m1305)s, %(date_m1305)s, %(value_m1305)s), (%(indicator_id_m1306)s, %(date_m1306)s, %(value_m1306)s), (%(indicator_id_m1307)s, %(date_m1307)s, %(value_m1307)s), (%(indicator_id_m1308)s, %(date_m1308)s, %(value_m1308)s), (%(indicator_id_m1309)s, %(date_m1309)s, %(value_m1309)s), (%(indicator_id_m1310)s, %(date_m1310)s, %(value_m1310)s), (%(indicator_id_m1311)s, %(date_m1311)s, %(value_m1311)s), (%(indicator_id_m1312)s, %(date_m1312)s, %(value_m1312)s), (%(indicator_id_m1313)s, %(date_m1313)s, %(value_m1313)s), (%(indicator_id_m1314)s, %(date_m1314)s, %(value_m1314)s), (%(indicator_id_m1315)s, %(date_m1315)s, %(value_m1315)s), (%(indicator_id_m1316)s, %(date_m1316)s, %(value_m1316)s), (%(indicator_id_m1317)s, %(date_m1317)s, %(value_m1317)s), (%(indicator_id_m1318)s, %(date_m1318)s, %(value_m1318)s), (%(indicator_id_m1319)s, %(date_m1319)s, %(value_m1319)s), (%(indicator_id_m1320)s, %(date_m1320)s, %(value_m1320)s), (%(indicator_id_m1321)s, %(date_m1321)s, %(value_m1321)s), (%(indicator_id_m1322)s, %(date_m1322)s, %(value_m1322)s), (%(indicator_id_m1323)s, %(date_m1323)s, %(value_m1323)s), (%(indicator_id_m1324)s, %(date_m1324)s, %(value_m1324)s), (%(indicator_id_m1325)s, %(date_m1325)s, %(value_m1325)s), (%(indicator_id_m1326)s, %(date_m1326)s, %(value_m1326)s), (%(indicator_id_m1327)s, %(date_m1327)s, %(value_m1327)s), (%(indicator_id_m1328)s, %(date_m1328)s, %(value_m1328)s), (%(indicator_id_m1329)s, %(date_m1329)s, %(value_m1329)s), (%(indicator_id_m1330)s, %(date_m1330)s, %(value_m1330)s), (%(indicator_id_m1331)s, %(date_m1331)s, %(value_m1331)s), (%(indicator_id_m1332)s, %(date_m1332)s, %(value_m1332)s), (%(indicator_id_m1333)s, %(date_m1333)s, %(value_m1333)s), (%(indicator_id_m1334)s, %(date_m1334)s, %(value_m1334)s), (%(indicator_id_m1335)s, %(date_m1335)s, %(value_m1335)s), (%(indicator_id_m1336)s, %(date_m1336)s, %(value_m1336)s), (%(indicator_id_m1337)s, %(date_m1337)s, %(value_m1337)s), (%(indicator_id_m1338)s, %(date_m1338)s, %(value_m1338)s), (%(indicator_id_m1339)s, %(date_m1339)s, %(value_m1339)s), (%(indicator_id_m1340)s, %(date_m1340)s, %(value_m1340)s), (%(indicator_id_m1341)s, %(date_m1341)s, %(value_m1341)s), (%(indicator_id_m1342)s, %(date_m1342)s, %(value_m1342)s), (%(indicator_id_m1343)s, %(date_m1343)s, %(value_m1343)s), (%(indicator_id_m1344)s, %(date_m1344)s, %(value_m1344)s), (%(indicator_id_m1345)s, %(date_m1345)s, %(value_m1345)s), (%(indicator_id_m1346)s, %(date_m1346)s, %(value_m1346)s), (%(indicator_id_m1347)s, %(date_m1347)s, %(value_m1347)s), (%(indicator_id_m1348)s, %(date_m1348)s, %(value_m1348)s), (%(indicator_id_m1349)s, %(date_m1349)s, %(value_m1349)s), (%(indicator_id_m1350)s, %(date_m1350)s, %(value_m1350)s), (%(indicator_id_m1351)s, %(date_m1351)s, %(value_m1351)s), (%(indicator_id_m1352)s, %(date_m1352)s, %(value_m1352)s), (%(indicator_id_m1353)s, %(date_m1353)s, %(value_m1353)s), (%(indicator_id_m1354)s, %(date_m1354)s, %(value_m1354)s), (%(indicator_id_m1355)s, %(date_m1355)s, %(value_m1355)s), (%(indicator_id_m1356)s, %(date_m1356)s, %(value_m1356)s), (%(indicator_id_m1357)s, %(date_m1357)s, %(value_m1357)s), (%(indicator_id_m1358)s, %(date_m1358)s, %(value_m1358)s), (%(indicator_id_m1359)s, %(date_m1359)s, %(value_m1359)s), (%(indicator_id_m1360)s, %(date_m1360)s, %(value_m1360)s), (%(indicator_id_m1361)s, %(date_m1361)s, %(value_m1361)s), (%(indicator_id_m1362)s, %(date_m1362)s, %(value_m1362)s), (%(indicator_id_m1363)s, %(date_m1363)s, %(value_m1363)s), (%(indicator_id_m1364)s, %(date_m1364)s, %(value_m1364)s), (%(indicator_id_m1365)s, %(date_m1365)s, %(value_m1365)s), (%(indicator_id_m1366)s, %(date_m1366)s, %(value_m1366)s), (%(indicator_id_m1367)s, %(date_m1367)s, %(value_m1367)s), (%(indicator_id_m1368)s, %(date_m1368)s, %(value_m1368)s), (%(indicator_id_m1369)s, %(date_m1369)s, %(value_m1369)s), (%(indicator_id_m1370)s, %(date_m1370)s, %(value_m1370)s), (%(indicator_id_m1371)s, %(date_m1371)s, %(value_m1371)s), (%(indicator_id_m1372)s, %(date_m1372)s, %(value_m1372)s), (%(indicator_id_m1373)s, %(date_m1373)s, %(value_m1373)s), (%(indicator_id_m1374)s, %(date_m1374)s, %(value_m1374)s), (%(indicator_id_m1375)s, %(date_m1375)s, %(value_m1375)s), (%(indicator_id_m1376)s, %(date_m1376)s, %(value_m1376)s), (%(indicator_id_m1377)s, %(date_m1377)s, %(value_m1377)s), (%(indicator_id_m1378)s, %(date_m1378)s, %(value_m1378)s), (%(indicator_id_m1379)s, %(date_m1379)s, %(value_m1379)s), (%(indicator_id_m1380)s, %(date_m1380)s, %(value_m1380)s), (%(indicator_id_m1381)s, %(date_m1381)s, %(value_m1381)s), (%(indicator_id_m1382)s, %(date_m1382)s, %(value_m1382)s), (%(indicator_id_m1383)s, %(date_m1383)s, %(value_m1383)s), (%(indicator_id_m1384)s, %(date_m1384)s, %(value_m1384)s), (%(indicator_id_m1385)s, %(date_m1385)s, %(value_m1385)s), (%(indicator_id_m1386)s, %(date_m1386)s, %(value_m1386)s), (%(indicator_id_m1387)s, %(date_m1387)s, %(value_m1387)s), (%(indicator_id_m1388)s, %(date_m1388)s, %(value_m1388)s), (%(indicator_id_m1389)s, %(date_m1389)s, %(value_m1389)s), (%(indicator_id_m1390)s, %(date_m1390)s, %(value_m1390)s), (%(indicator_id_m1391)s, %(date_m1391)s, %(value_m1391)s), (%(indicator_id_m1392)s, %(date_m1392)s, %(value_m1392)s), (%(indicator_id_m1393)s, %(date_m1393)s, %(value_m1393)s), (%(indicator_id_m1394)s, %(date_m1394)s, %(value_m1394)s), (%(indicator_id_m1395)s, %(date_m1395)s, %(value_m1395)s), (%(indicator_id_m1396)s, %(date_m1396)s, %(value_m1396)s), (%(indicator_id_m1397)s, %(date_m1397)s, %(value_m1397)s), (%(indicator_id_m1398)s, %(date_m1398)s, %(value_m1398)s), (%(indicator_id_m1399)s, %(date_m1399)s, %(value_m1399)s), (%(indicator_id_m1400)s, %(date_m1400)s, %(value_m1400)s), (%(indicator_id_m1401)s, %(date_m1401)s, %(value_m1401)s), (%(indicator_id_m1402)s, %(date_m1402)s, %(value_m1402)s), (%(indicator_id_m1403)s, %(date_m1403)s, %(value_m1403)s), (%(indicator_id_m1404)s, %(date_m1404)s, %(value_m1404)s), (%(indicator_id_m1405)s, %(date_m1405)s, %(value_m1405)s), (%(indicator_id_m1406)s, %(date_m1406)s, %(value_m1406)s), (%(indicator_id_m1407)s, %(date_m1407)s, %(value_m1407)s), (%(indicator_id_m1408)s, %(date_m1408)s, %(value_m1408)s), (%(indicator_id_m1409)s, %(date_m1409)s, %(value_m1409)s), (%(indicator_id_m1410)s, %(date_m1410)s, %(value_m1410)s), (%(indicator_id_m1411)s, %(date_m1411)s, %(value_m1411)s), (%(indicator_id_m1412)s, %(date_m1412)s, %(value_m1412)s), (%(indicator_id_m1413)s, %(date_m1413)s, %(value_m1413)s), (%(indicator_id_m1414)s, %(date_m1414)s, %(value_m1414)s), (%(indicator_id_m1415)s, %(date_m1415)s, %(value_m1415)s), (%(indicator_id_m1416)s, %(date_m1416)s, %(value_m1416)s), (%(indicator_id_m1417)s, %(date_m1417)s, %(value_m1417)s), (%(indicator_id_m1418)s, %(date_m1418)s, %(value_m1418)s), (%(indicator_id_m1419)s, %(date_m1419)s, %(value_m1419)s), (%(indicator_id_m1420)s, %(date_m1420)s, %(value_m1420)s), (%(indicator_id_m1421)s, %(date_m1421)s, %(value_m1421)s), (%(indicator_id_m1422)s, %(date_m1422)s, %(value_m1422)s), (%(indicator_id_m1423)s, %(date_m1423)s, %(value_m1423)s), (%(indicator_id_m1424)s, %(date_m1424)s, %(value_m1424)s), (%(indicator_id_m1425)s, %(date_m1425)s, %(value_m1425)s), (%(indicator_id_m1426)s, %(date_m1426)s, %(value_m1426)s), (%(indicator_id_m1427)s, %(date_m1427)s, %(value_m1427)s), (%(indicator_id_m1428)s, %(date_m1428)s, %(value_m1428)s), (%(indicator_id_m1429)s, %(date_m1429)s, %(value_m1429)s), (%(indicator_id_m1430)s, %(date_m1430)s, %(value_m1430)s), (%(indicator_id_m1431)s, %(date_m1431)s, %(value_m1431)s), (%(indicator_id_m1432)s, %(date_m1432)s, %(value_m1432)s), (%(indicator_id_m1433)s, %(date_m1433)s, %(value_m1433)s), (%(indicator_id_m1434)s, %(date_m1434)s, %(value_m1434)s), (%(indicator_id_m1435)s, %(date_m1435)s, %(value_m1435)s), (%(indicator_id_m1436)s, %(date_m1436)s, %(value_m1436)s), (%(indicator_id_m1437)s, %(date_m1437)s, %(value_m1437)s), (%(indicator_id_m1438)s, %(date_m1438)s, %(value_m1438)s), (%(indicator_id_m1439)s, %(date_m1439)s, %(value_m1439)s), (%(indicator_id_m1440)s, %(date_m1440)s, %(value_m1440)s), (%(indicator_id_m1441)s, %(date_m1441)s, %(value_m1441)s), (%(indicator_id_m1442)s, %(date_m1442)s, %(value_m1442)s), (%(indicator_id_m1443)s, %(date_m1443)s, %(value_m1443)s), (%(indicator_id_m1444)s, %(date_m1444)s, %(value_m1444)s), (%(indicator_id_m1445)s, %(date_m1445)s, %(value_m1445)s), (%(indicator_id_m1446)s, %(date_m1446)s, %(value_m1446)s), (%(indicator_id_m1447)s, %(date_m1447)s, %(value_m1447)s), (%(indicator_id_m1448)s, %(date_m1448)s, %(value_m1448)s), (%(indicator_id_m1449)s, %(date_m1449)s, %(value_m1449)s), (%(indicator_id_m1450)s, %(date_m1450)s, %(value_m1450)s), (%(indicator_id_m1451)s, %(date_m1451)s, %(value_m1451)s), (%(indicator_id_m1452)s, %(date_m1452)s, %(value_m1452)s), (%(indicator_id_m1453)s, %(date_m1453)s, %(value_m1453)s), (%(indicator_id_m1454)s, %(date_m1454)s, %(value_m1454)s), (%(indicator_id_m1455)s, %(date_m1455)s, %(value_m1455)s), (%(indicator_id_m1456)s, %(date_m1456)s, %(value_m1456)s), (%(indicator_id_m1457)s, %(date_m1457)s, %(value_m1457)s), (%(indicator_id_m1458)s, %(date_m1458)s, %(value_m1458)s), (%(indicator_id_m1459)s, %(date_m1459)s, %(value_m1459)s), (%(indicator_id_m1460)s, %(date_m1460)s, %(value_m1460)s), (%(indicator_id_m1461)s, %(date_m1461)s, %(value_m1461)s), (%(indicator_id_m1462)s, %(date_m1462)s, %(value_m1462)s), (%(indicator_id_m1463)s, %(date_m1463)s, %(value_m1463)s), (%(indicator_id_m1464)s, %(date_m1464)s, %(value_m1464)s), (%(indicator_id_m1465)s, %(date_m1465)s, %(value_m1465)s), (%(indicator_id_m1466)s, %(date_m1466)s, %(value_m1466)s), (%(indicator_id_m1467)s, %(date_m1467)s, %(value_m1467)s), (%(indicator_id_m1468)s, %(date_m1468)s, %(value_m1468)s), (%(indicator_id_m1469)s, %(date_m1469)s, %(value_m1469)s), (%(indicator_id_m1470)s, %(date_m1470)s, %(value_m1470)s), (%(indicator_id_m1471)s, %(date_m1471)s, %(value_m1471)s), (%(indicator_id_m1472)s, %(date_m1472)s, %(value_m1472)s), (%(indicator_id_m1473)s, %(date_m1473)s, %(value_m1473)s), (%(indicator_id_m1474)s, %(date_m1474)s, %(value_m1474)s), (%(indicator_id_m1475)s, %(date_m1475)s, %(value_m1475)s), (%(indicator_id_m1476)s, %(date_m1476)s, %(value_m1476)s), (%(indicator_id_m1477)s, %(date_m1477)s, %(value_m1477)s), (%(indicator_id_m1478)s, %(date_m1478)s, %(value_m1478)s), (%(indicator_id_m1479)s, %(date_m1479)s, %(value_m1479)s), (%(indicator_id_m1480)s, %(date_m1480)s, %(value_m1480)s), (%(indicator_id_m1481)s, %(date_m1481)s, %(value_m1481)s), (%(indicator_id_m1482)s, %(date_m1482)s, %(value_m1482)s), (%(indicator_id_m1483)s, %(date_m1483)s, %(value_m1483)s), (%(indicator_id_m1484)s, %(date_m1484)s, %(value_m1484)s), (%(indicator_id_m1485)s, %(date_m1485)s, %(value_m1485)s), (%(indicator_id_m1486)s, %(date_m1486)s, %(value_m1486)s), (%(indicator_id_m1487)s, %(date_m1487)s, %(value_m1487)s), (%(indicator_id_m1488)s, %(date_m1488)s, %(value_m1488)s), (%(indicator_id_m1489)s, %(date_m1489)s, %(value_m1489)s), (%(indicator_id_m1490)s, %(date_m1490)s, %(value_m1490)s), (%(indicator_id_m1491)s, %(date_m1491)s, %(value_m1491)s), (%(indicator_id_m1492)s, %(date_m1492)s, %(value_m1492)s), (%(indicator_id_m1493)s, %(date_m1493)s, %(value_m1493)s), (%(indicator_id_m1494)s, %(date_m1494)s, %(value_m1494)s), (%(indicator_id_m1495)s, %(date_m1495)s, %(value_m1495)s), (%(indicator_id_m1496)s, %(date_m1496)s, %(value_m1496)s), (%(indicator_id_m1497)s, %(date_m1497)s, %(value_m1497)s), (%(indicator_id_m1498)s, %(date_m1498)s, %(value_m1498)s), (%(indicator_id_m1499)s, %(date_m1499)s, %(value_m1499)s), (%(indicator_id_m1500)s, %(date_m1500)s, %(value_m1500)s), (%(indicator_id_m1501)s, %(date_m1501)s, %(value_m1501)s), (%(indicator_id_m1502)s, %(date_m1502)s, %(value_m1502)s), (%(indicator_id_m1503)s, %(date_m1503)s, %(value_m1503)s), (%(indicator_id_m1504)s, %(date_m1504)s, %(value_m1504)s), (%(indicator_id_m1505)s, %(date_m1505)s, %(value_m1505)s), (%(indicator_id_m1506)s, %(date_m1506)s, %(value_m1506)s), (%(indicator_id_m1507)s, %(date_m1507)s, %(value_m1507)s), (%(indicator_id_m1508)s, %(date_m1508)s, %(value_m1508)s), (%(indicator_id_m1509)s, %(date_m1509)s, %(value_m1509)s), (%(indicator_id_m1510)s, %(date_m1510)s, %(value_m1510)s), (%(indicator_id_m1511)s, %(date_m1511)s, %(value_m1511)s), (%(indicator_id_m1512)s, %(date_m1512)s, %(value_m1512)s), (%(indicator_id_m1513)s, %(date_m1513)s, %(value_m1513)s), (%(indicator_id_m1514)s, %(date_m1514)s, %(value_m1514)s), (%(indicator_id_m1515)s, %(date_m1515)s, %(value_m1515)s), (%(indicator_id_m1516)s, %(date_m1516)s, %(value_m1516)s), (%(indicator_id_m1517)s, %(date_m1517)s, %(value_m1517)s), (%(indicator_id_m1518)s, %(date_m1518)s, %(value_m1518)s), (%(indicator_id_m1519)s, %(date_m1519)s, %(value_m1519)s), (%(indicator_id_m1520)s, %(date_m1520)s, %(value_m1520)s), (%(indicator_id_m1521)s, %(date_m1521)s, %(value_m1521)s), (%(indicator_id_m1522)s, %(date_m1522)s, %(value_m1522)s), (%(indicator_id_m1523)s, %(date_m1523)s, %(value_m1523)s), (%(indicator_id_m1524)s, %(date_m1524)s, %(value_m1524)s), (%(indicator_id_m1525)s, %(date_m1525)s, %(value_m1525)s), (%(indicator_id_m1526)s, %(date_m1526)s, %(value_m1526)s), (%(indicator_id_m1527)s, %(date_m1527)s, %(value_m1527)s), (%(indicator_id_m1528)s, %(date_m1528)s, %(value_m1528)s), (%(indicator_id_m1529)s, %(date_m1529)s, %(value_m1529)s), (%(indicator_id_m1530)s, %(date_m1530)s, %(value_m1530)s), (%(indicator_id_m1531)s, %(date_m1531)s, %(value_m1531)s), (%(indicator_id_m1532)s, %(date_m1532)s, %(value_m1532)s), (%(indicator_id_m1533)s, %(date_m1533)s, %(value_m1533)s), (%(indicator_id_m1534)s, %(date_m1534)s, %(value_m1534)s), (%(indicator_id_m1535)s, %(date_m1535)s, %(value_m1535)s), (%(indicator_id_m1536)s, %(date_m1536)s, %(value_m1536)s), (%(indicator_id_m1537)s, %(date_m1537)s, %(value_m1537)s), (%(indicator_id_m1538)s, %(date_m1538)s, %(value_m1538)s), (%(indicator_id_m1539)s, %(date_m1539)s, %(value_m1539)s), (%(indicator_id_m1540)s, %(date_m1540)s, %(value_m1540)s), (%(indicator_id_m1541)s, %(date_m1541)s, %(value_m1541)s), (%(indicator_id_m1542)s, %(date_m1542)s, %(value_m1542)s), (%(indicator_id_m1543)s, %(date_m1543)s, %(value_m1543)s), (%(indicator_id_m1544)s, %(date_m1544)s, %(value_m1544)s), (%(indicator_id_m1545)s, %(date_m1545)s, %(value_m1545)s), (%(indicator_id_m1546)s, %(date_m1546)s, %(value_m1546)s), (%(indicator_id_m1547)s, %(date_m1547)s, %(value_m1547)s), (%(indicator_id_m1548)s, %(date_m1548)s, %(value_m1548)s), (%(indicator_id_m1549)s, %(date_m1549)s, %(value_m1549)s), (%(indicator_id_m1550)s, %(date_m1550)s, %(value_m1550)s), (%(indicator_id_m1551)s, %(date_m1551)s, %(value_m1551)s), (%(indicator_id_m1552)s, %(date_m1552)s, %(value_m1552)s), (%(indicator_id_m1553)s, %(date_m1553)s, %(value_m1553)s), (%(indicator_id_m1554)s, %(date_m1554)s, %(value_m1554)s), (%(indicator_id_m1555)s, %(date_m1555)s, %(value_m1555)s), (%(indicator_id_m1556)s, %(date_m1556)s, %(value_m1556)s), (%(indicator_id_m1557)s, %(date_m1557)s, %(value_m1557)s), (%(indicator_id_m1558)s, %(date_m1558)s, %(value_m1558)s), (%(indicator_id_m1559)s, %(date_m1559)s, %(value_m1559)s), (%(indicator_id_m1560)s, %(date_m1560)s, %(value_m1560)s), (%(indicator_id_m1561)s, %(date_m1561)s, %(value_m1561)s), (%(indicator_id_m1562)s, %(date_m1562)s, %(value_m1562)s), (%(indicator_id_m1563)s, %(date_m1563)s, %(value_m1563)s), (%(indicator_id_m1564)s, %(date_m1564)s, %(value_m1564)s), (%(indicator_id_m1565)s, %(date_m1565)s, %(value_m1565)s), (%(indicator_id_m1566)s, %(date_m1566)s, %(value_m1566)s), (%(indicator_id_m1567)s, %(date_m1567)s, %(value_m1567)s), (%(indicator_id_m1568)s, %(date_m1568)s, %(value_m1568)s), (%(indicator_id_m1569)s, %(date_m1569)s, %(value_m1569)s), (%(indicator_id_m1570)s, %(date_m1570)s, %(value_m1570)s), (%(indicator_id_m1571)s, %(date_m1571)s, %(value_m1571)s), (%(indicator_id_m1572)s, %(date_m1572)s, %(value_m1572)s), (%(indicator_id_m1573)s, %(date_m1573)s, %(value_m1573)s), (%(indicator_id_m1574)s, %(date_m1574)s, %(value_m1574)s), (%(indicator_id_m1575)s, %(date_m1575)s, %(value_m1575)s), (%(indicator_id_m1576)s, %(date_m1576)s, %(value_m1576)s), (%(indicator_id_m1577)s, %(date_m1577)s, %(value_m1577)s), (%(indicator_id_m1578)s, %(date_m1578)s, %(value_m1578)s), (%(indicator_id_m1579)s, %(date_m1579)s, %(value_m1579)s), (%(indicator_id_m1580)s, %(date_m1580)s, %(value_m1580)s), (%(indicator_id_m1581)s, %(date_m1581)s, %(value_m1581)s), (%(indicator_id_m1582)s, %(date_m1582)s, %(value_m1582)s), (%(indicator_id_m1583)s, %(date_m1583)s, %(value_m1583)s), (%(indicator_id_m1584)s, %(date_m1584)s, %(value_m1584)s), (%(indicator_id_m1585)s, %(date_m1585)s, %(value_m1585)s), (%(indicator_id_m1586)s, %(date_m1586)s, %(value_m1586)s), (%(indicator_id_m1587)s, %(date_m1587)s, %(value_m1587)s), (%(indicator_id_m1588)s, %(date_m1588)s, %(value_m1588)s), (%(indicator_id_m1589)s, %(date_m1589)s, %(value_m1589)s), (%(indicator_id_m1590)s, %(date_m1590)s, %(value_m1590)s), (%(indicator_id_m1591)s, %(date_m1591)s, %(value_m1591)s), (%(indicator_id_m1592)s, %(date_m1592)s, %(value_m1592)s), (%(indicator_id_m1593)s, %(date_m1593)s, %(value_m1593)s), (%(indicator_id_m1594)s, %(date_m1594)s, %(value_m1594)s), (%(indicator_id_m1595)s, %(date_m1595)s, %(value_m1595)s), (%(indicator_id_m1596)s, %(date_m1596)s, %(value_m1596)s), (%(indicator_id_m1597)s, %(date_m1597)s, %(value_m1597)s), (%(indicator_id_m1598)s, %(date_m1598)s, %(value_m1598)s), (%(indicator_id_m1599)s, %(date_m1599)s, %(value_m1599)s), (%(indicator_id_m1600)s, %(date_m1600)s, %(value_m1600)s), (%(indicator_id_m1601)s, %(date_m1601)s, %(value_m1601)s), (%(indicator_id_m1602)s, %(date_m1602)s, %(value_m1602)s), (%(indicator_id_m1603)s, %(date_m1603)s, %(value_m1603)s), (%(indicator_id_m1604)s, %(date_m1604)s, %(value_m1604)s), (%(indicator_id_m1605)s, %(date_m1605)s, %(value_m1605)s), (%(indicator_id_m1606)s, %(date_m1606)s, %(value_m1606)s), (%(indicator_id_m1607)s, %(date_m1607)s, %(value_m1607)s), (%(indicator_id_m1608)s, %(date_m1608)s, %(value_m1608)s), (%(indicator_id_m1609)s, %(date_m1609)s, %(value_m1609)s), (%(indicator_id_m1610)s, %(date_m1610)s, %(value_m1610)s), (%(indicator_id_m1611)s, %(date_m1611)s, %(value_m1611)s), (%(indicator_id_m1612)s, %(date_m1612)s, %(value_m1612)s), (%(indicator_id_m1613)s, %(date_m1613)s, %(value_m1613)s), (%(indicator_id_m1614)s, %(date_m1614)s, %(value_m1614)s), (%(indicator_id_m1615)s, %(date_m1615)s, %(value_m1615)s), (%(indicator_id_m1616)s, %(date_m1616)s, %(value_m1616)s), (%(indicator_id_m1617)s, %(date_m1617)s, %(value_m1617)s), (%(indicator_id_m1618)s, %(date_m1618)s, %(value_m1618)s), (%(indicator_id_m1619)s, %(date_m1619)s, %(value_m1619)s), (%(indicator_id_m1620)s, %(date_m1620)s, %(value_m1620)s), (%(indicator_id_m1621)s, %(date_m1621)s, %(value_m1621)s), (%(indicator_id_m1622)s, %(date_m1622)s, %(value_m1622)s), (%(indicator_id_m1623)s, %(date_m1623)s, %(value_m1623)s), (%(indicator_id_m1624)s, %(date_m1624)s, %(value_m1624)s), (%(indicator_id_m1625)s, %(date_m1625)s, %(value_m1625)s), (%(indicator_id_m1626)s, %(date_m1626)s, %(value_m1626)s), (%(indicator_id_m1627)s, %(date_m1627)s, %(value_m1627)s), (%(indicator_id_m1628)s, %(date_m1628)s, %(value_m1628)s), (%(indicator_id_m1629)s, %(date_m1629)s, %(value_m1629)s), (%(indicator_id_m1630)s, %(date_m1630)s, %(value_m1630)s), (%(indicator_id_m1631)s, %(date_m1631)s, %(value_m1631)s), (%(indicator_id_m1632)s, %(date_m1632)s, %(value_m1632)s), (%(indicator_id_m1633)s, %(date_m1633)s, %(value_m1633)s), (%(indicator_id_m1634)s, %(date_m1634)s, %(value_m1634)s), (%(indicator_id_m1635)s, %(date_m1635)s, %(value_m1635)s), (%(indicator_id_m1636)s, %(date_m1636)s, %(value_m1636)s), (%(indicator_id_m1637)s, %(date_m1637)s, %(value_m1637)s), (%(indicator_id_m1638)s, %(date_m1638)s, %(value_m1638)s), (%(indicator_id_m1639)s, %(date_m1639)s, %(value_m1639)s), (%(indicator_id_m1640)s, %(date_m1640)s, %(value_m1640)s), (%(indicator_id_m1641)s, %(date_m1641)s, %(value_m1641)s), (%(indicator_id_m1642)s, %(date_m1642)s, %(value_m1642)s), (%(indicator_id_m1643)s, %(date_m1643)s, %(value_m1643)s), (%(indicator_id_m1644)s, %(date_m1644)s, %(value_m1644)s), (%(indicator_id_m1645)s, %(date_m1645)s, %(value_m1645)s), (%(indicator_id_m1646)s, %(date_m1646)s, %(value_m1646)s), (%(indicator_id_m1647)s, %(date_m1647)s, %(value_m1647)s), (%(indicator_id_m1648)s, %(date_m1648)s, %(value_m1648)s), (%(indicator_id_m1649)s, %(date_m1649)s, %(value_m1649)s), (%(indicator_id_m1650)s, %(date_m1650)s, %(value_m1650)s), (%(indicator_id_m1651)s, %(date_m1651)s, %(value_m1651)s), (%(indicator_id_m1652)s, %(date_m1652)s, %(value_m1652)s), (%(indicator_id_m1653)s, %(date_m1653)s, %(value_m1653)s), (%(indicator_id_m1654)s, %(date_m1654)s, %(value_m1654)s), (%(indicator_id_m1655)s, %(date_m1655)s, %(value_m1655)s), (%(indicator_id_m1656)s, %(date_m1656)s, %(value_m1656)s), (%(indicator_id_m1657)s, %(date_m1657)s, %(value_m1657)s), (%(indicator_id_m1658)s, %(date_m1658)s, %(value_m1658)s), (%(indicator_id_m1659)s, %(date_m1659)s, %(value_m1659)s), (%(indicator_id_m1660)s, %(date_m1660)s, %(value_m1660)s), (%(indicator_id_m1661)s, %(date_m1661)s, %(value_m1661)s), (%(indicator_id_m1662)s, %(date_m1662)s, %(value_m1662)s), (%(indicator_id_m1663)s, %(date_m1663)s, %(value_m1663)s), (%(indicator_id_m1664)s, %(date_m1664)s, %(value_m1664)s), (%(indicator_id_m1665)s, %(date_m1665)s, %(value_m1665)s), (%(indicator_id_m1666)s, %(date_m1666)s, %(value_m1666)s), (%(indicator_id_m1667)s, %(date_m1667)s, %(value_m1667)s), (%(indicator_id_m1668)s, %(date_m1668)s, %(value_m1668)s), (%(indicator_id_m1669)s, %(date_m1669)s, %(value_m1669)s), (%(indicator_id_m1670)s, %(date_m1670)s, %(value_m1670)s), (%(indicator_id_m1671)s, %(date_m1671)s, %(value_m1671)s), (%(indicator_id_m1672)s, %(date_m1672)s, %(value_m1672)s), (%(indicator_id_m1673)s, %(date_m1673)s, %(value_m1673)s), (%(indicator_id_m1674)s, %(date_m1674)s, %(value_m1674)s), (%(indicator_id_m1675)s, %(date_m1675)s, %(value_m1675)s), (%(indicator_id_m1676)s, %(date_m1676)s, %(value_m1676)s), (%(indicator_id_m1677)s, %(date_m1677)s, %(value_m1677)s), (%(indicator_id_m1678)s, %(date_m1678)s, %(value_m1678)s), (%(indicator_id_m1679)s, %(date_m1679)s, %(value_m1679)s), (%(indicator_id_m1680)s, %(date_m1680)s, %(value_m1680)s), (%(indicator_id_m1681)s, %(date_m1681)s, %(value_m1681)s), (%(indicator_id_m1682)s, %(date_m1682)s, %(value_m1682)s), (%(indicator_id_m1683)s, %(date_m1683)s, %(value_m1683)s), (%(indicator_id_m1684)s, %(date_m1684)s, %(value_m1684)s), (%(indicator_id_m1685)s, %(date_m1685)s, %(value_m1685)s), (%(indicator_id_m1686)s, %(date_m1686)s, %(value_m1686)s), (%(indicator_id_m1687)s, %(date_m1687)s, %(value_m1687)s), (%(indicator_id_m1688)s, %(date_m1688)s, %(value_m1688)s), (%(indicator_id_m1689)s, %(date_m1689)s, %(value_m1689)s), (%(indicator_id_m1690)s, %(date_m1690)s, %(value_m1690)s), (%(indicator_id_m1691)s, %(date_m1691)s, %(value_m1691)s), (%(indicator_id_m1692)s, %(date_m1692)s, %(value_m1692)s), (%(indicator_id_m1693)s, %(date_m1693)s, %(value_m1693)s), (%(indicator_id_m1694)s, %(date_m1694)s, %(value_m1694)s), (%(indicator_id_m1695)s, %(date_m1695)s, %(value_m1695)s), (%(indicator_id_m1696)s, %(date_m1696)s, %(value_m1696)s), (%(indicator_id_m1697)s, %(date_m1697)s, %(value_m1697)s), (%(indicator_id_m1698)s, %(date_m1698)s, %(value_m1698)s), (%(indicator_id_m1699)s, %(date_m1699)s, %(value_m1699)s), (%(indicator_id_m1700)s, %(date_m1700)s, %(value_m1700)s), (%(indicator_id_m1701)s, %(date_m1701)s, %(value_m1701)s), (%(indicator_id_m1702)s, %(date_m1702)s, %(value_m1702)s), (%(indicator_id_m1703)s, %(date_m1703)s, %(value_m1703)s), (%(indicator_id_m1704)s, %(date_m1704)s, %(value_m1704)s), (%(indicator_id_m1705)s, %(date_m1705)s, %(value_m1705)s), (%(indicator_id_m1706)s, %(date_m1706)s, %(value_m1706)s), (%(indicator_id_m1707)s, %(date_m1707)s, %(value_m1707)s), (%(indicator_id_m1708)s, %(date_m1708)s, %(value_m1708)s), (%(indicator_id_m1709)s, %(date_m1709)s, %(value_m1709)s), (%(indicator_id_m1710)s, %(date_m1710)s, %(value_m1710)s), (%(indicator_id_m1711)s, %(date_m1711)s, %(value_m1711)s), (%(indicator_id_m1712)s, %(date_m1712)s, %(value_m1712)s), (%(indicator_id_m1713)s, %(date_m1713)s, %(value_m1713)s), (%(indicator_id_m1714)s, %(date_m1714)s, %(value_m1714)s), (%(indicator_id_m1715)s, %(date_m1715)s, %(value_m1715)s), (%(indicator_id_m1716)s, %(date_m1716)s, %(value_m1716)s), (%(indicator_id_m1717)s, %(date_m1717)s, %(value_m1717)s), (%(indicator_id_m1718)s, %(date_m1718)s, %(value_m1718)s), (%(indicator_id_m1719)s, %(date_m1719)s, %(value_m1719)s), (%(indicator_id_m1720)s, %(date_m1720)s, %(value_m1720)s), (%(indicator_id_m1721)s, %(date_m1721)s, %(value_m1721)s), (%(indicator_id_m1722)s, %(date_m1722)s, %(value_m1722)s), (%(indicator_id_m1723)s, %(date_m1723)s, %(value_m1723)s), (%(indicator_id_m1724)s, %(date_m1724)s, %(value_m1724)s), (%(indicator_id_m1725)s, %(date_m1725)s, %(value_m1725)s), (%(indicator_id_m1726)s, %(date_m1726)s, %(value_m1726)s), (%(indicator_id_m1727)s, %(date_m1727)s, %(value_m1727)s), (%(indicator_id_m1728)s, %(date_m1728)s, %(value_m1728)s), (%(indicator_id_m1729)s, %(date_m1729)s, %(value_m1729)s), (%(indicator_id_m1730)s, %(date_m1730)s, %(value_m1730)s), (%(indicator_id_m1731)s, %(date_m1731)s, %(value_m1731)s), (%(indicator_id_m1732)s, %(date_m1732)s, %(value_m1732)s), (%(indicator_id_m1733)s, %(date_m1733)s, %(value_m1733)s), (%(indicator_id_m1734)s, %(date_m1734)s, %(value_m1734)s), (%(indicator_id_m1735)s, %(date_m1735)s, %(value_m1735)s), (%(indicator_id_m1736)s, %(date_m1736)s, %(value_m1736)s), (%(indicator_id_m1737)s, %(date_m1737)s, %(value_m1737)s), (%(indicator_id_m1738)s, %(date_m1738)s, %(value_m1738)s), (%(indicator_id_m1739)s, %(date_m1739)s, %(value_m1739)s), (%(indicator_id_m1740)s, %(date_m1740)s, %(value_m1740)s), (%(indicator_id_m1741)s, %(date_m1741)s, %(value_m1741)s), (%(indicator_id_m1742)s, %(date_m1742)s, %(value_m1742)s), (%(indicator_id_m1743)s, %(date_m1743)s, %(value_m1743)s), (%(indicator_id_m1744)s, %(date_m1744)s, %(value_m1744)s), (%(indicator_id_m1745)s, %(date_m1745)s, %(value_m1745)s), (%(indicator_id_m1746)s, %(date_m1746)s, %(value_m1746)s), (%(indicator_id_m1747)s, %(date_m1747)s, %(value_m1747)s), (%(indicator_id_m1748)s, %(date_m1748)s, %(value_m1748)s), (%(indicator_id_m1749)s, %(date_m1749)s, %(value_m1749)s), (%(indicator_id_m1750)s, %(date_m1750)s, %(value_m1750)s), (%(indicator_id_m1751)s, %(date_m1751)s, %(value_m1751)s), (%(indicator_id_m1752)s, %(date_m1752)s, %(value_m1752)s), (%(indicator_id_m1753)s, %(date_m1753)s, %(value_m1753)s), (%(indicator_id_m1754)s, %(date_m1754)s, %(value_m1754)s), (%(indicator_id_m1755)s, %(date_m1755)s, %(value_m1755)s), (%(indicator_id_m1756)s, %(date_m1756)s, %(value_m1756)s), (%(indicator_id_m1757)s, %(date_m1757)s, %(value_m1757)s), (%(indicator_id_m1758)s, %(date_m1758)s, %(value_m1758)s), (%(indicator_id_m1759)s, %(date_m1759)s, %(value_m1759)s), (%(indicator_id_m1760)s, %(date_m1760)s, %(value_m1760)s), (%(indicator_id_m1761)s, %(date_m1761)s, %(value_m1761)s), (%(indicator_id_m1762)s, %(date_m1762)s, %(value_m1762)s), (%(indicator_id_m1763)s, %(date_m1763)s, %(value_m1763)s), (%(indicator_id_m1764)s, %(date_m1764)s, %(value_m1764)s), (%(indicator_id_m1765)s, %(date_m1765)s, %(value_m1765)s), (%(indicator_id_m1766)s, %(date_m1766)s, %(value_m1766)s), (%(indicator_id_m1767)s, %(date_m1767)s, %(value_m1767)s), (%(indicator_id_m1768)s, %(date_m1768)s, %(value_m1768)s), (%(indicator_id_m1769)s, %(date_m1769)s, %(value_m1769)s), (%(indicator_id_m1770)s, %(date_m1770)s, %(value_m1770)s), (%(indicator_id_m1771)s, %(date_m1771)s, %(value_m1771)s), (%(indicator_id_m1772)s, %(date_m1772)s, %(value_m1772)s), (%(indicator_id_m1773)s, %(date_m1773)s, %(value_m1773)s), (%(indicator_id_m1774)s, %(date_m1774)s, %(value_m1774)s), (%(indicator_id_m1775)s, %(date_m1775)s, %(value_m1775)s), (%(indicator_id_m1776)s, %(date_m1776)s, %(value_m1776)s), (%(indicator_id_m1777)s, %(date_m1777)s, %(value_m1777)s), (%(indicator_id_m1778)s, %(date_m1778)s, %(value_m1778)s), (%(indicator_id_m1779)s, %(date_m1779)s, %(value_m1779)s), (%(indicator_id_m1780)s, %(date_m1780)s, %(value_m1780)s), (%(indicator_id_m1781)s, %(date_m1781)s, %(value_m1781)s), (%(indicator_id_m1782)s, %(date_m1782)s, %(value_m1782)s), (%(indicator_id_m1783)s, %(date_m1783)s, %(value_m1783)s), (%(indicator_id_m1784)s, %(date_m1784)s, %(value_m1784)s), (%(indicator_id_m1785)s, %(date_m1785)s, %(value_m1785)s), (%(indicator_id_m1786)s, %(date_m1786)s, %(value_m1786)s), (%(indicator_id_m1787)s, %(date_m1787)s, %(value_m1787)s), (%(indicator_id_m1788)s, %(date_m1788)s, %(value_m1788)s), (%(indicator_id_m1789)s, %(date_m1789)s, %(value_m1789)s), (%(indicator_id_m1790)s, %(date_m1790)s, %(value_m1790)s), (%(indicator_id_m1791)s, %(date_m1791)s, %(value_m1791)s), (%(indicator_id_m1792)s, %(date_m1792)s, %(value_m1792)s), (%(indicator_id_m1793)s, %(date_m1793)s, %(value_m1793)s) ON CONFLICT (indicator_id, date) DO NOTHING]
[parameters: {'indicator_id_m0': 'kr.cpi.headline.m', 'date_m0': '2020-01-01', 'value_m0': 100.09, 'indicator_id_m1': 'kr.cpi.headline.m', 'date_m1': '2020-02-01', 'value_m1': 100.16, 'indicator_id_m2': 'kr.cpi.headline.m', 'date_m2': '2020-03-01', 'value_m2': 99.94, 'indicator_id_m3': 'kr.cpi.headline.m', 'date_m3': '2020-04-01', 'value_m3': 99.5, 'indicator_id_m4': 'kr.cpi.headline.m', 'date_m4': '2020-05-01', 'value_m4': 99.44, 'indicator_id_m5': 'kr.cpi.headline.m', 'date_m5': '2020-06-01', 'value_m5': 99.71, 'indicator_id_m6': 'kr.cpi.headline.m', 'date_m6': '2020-07-01', 'value_m6': 99.63, 'indicator_id_m7': 'kr.cpi.headline.m', 'date_m7': '2020-08-01', 'value_m7': 100.19, 'indicator_id_m8': 'kr.cpi.headline.m', 'date_m8': '2020-09-01', 'value_m8': 100.74, 'indicator_id_m9': 'kr.cpi.headline.m', 'date_m9': '2020-10-01', 'value_m9': 100.18, 'indicator_id_m10': 'kr.cpi.headline.m', 'date_m10': '2020-11-01', 'value_m10': 100.09, 'indicator_id_m11': 'kr.cpi.headline.m', 'date_m11': '2020-12-01', 'value_m11': 100.33, 'indicator_id_m12': 'kr.cpi.headline.m', 'date_m12': '2021-01-01', 'value_m12': 101.04, 'indicator_id_m13': 'kr.cpi.headline.m', 'date_m13': '2021-02-01', 'value_m13': 101.58, 'indicator_id_m14': 'kr.cpi.headline.m', 'date_m14': '2021-03-01', 'value_m14': 101.84, 'indicator_id_m15': 'kr.cpi.headline.m', 'date_m15': '2021-04-01', 'value_m15': 101.98, 'indicator_id_m16': 'kr.cpi.headline.m', 'date_m16': '2021-05-01' ... 5282 parameters truncated ... 'date_m1777': '2025-08-06', 'value_m1777': 3198.14, 'indicator_id_m1778': 'kr.kospi.d', 'date_m1778': '2025-08-07', 'value_m1778': 3227.68, 'indicator_id_m1779': 'kr.kospi.d', 'date_m1779': '2025-08-08', 'value_m1779': 3210.01, 'indicator_id_m1780': 'kr.kospi.d', 'date_m1780': '2025-08-11', 'value_m1780': 3206.77, 'indicator_id_m1781': 'kr.kospi.d', 'date_m1781': '2025-08-12', 'value_m1781': 3189.91, 'indicator_id_m1782': 'kr.kospi.d', 'date_m1782': '2025-08-13', 'value_m1782': 3224.37, 'indicator_id_m1783': 'kr.kospi.d', 'date_m1783': '2025-08-14', 'value_m1783': 3225.66, 'indicator_id_m1784': 'kr.kospi.d', 'date_m1784': '2025-08-18', 'value_m1784': 3177.28, 'indicator_id_m1785': 'kr.kospi.d', 'date_m1785': '2025-08-19', 'value_m1785': 3151.56, 'indicator_id_m1786': 'kr.kospi.d', 'date_m1786': '2025-08-20', 'value_m1786': 3130.09, 'indicator_id_m1787': 'kr.kospi.d', 'date_m1787': '2025-08-21', 'value_m1787': 3141.74, 'indicator_id_m1788': 'kr.kospi.d', 'date_m1788': '2025-08-22', 'value_m1788': 3168.73, 'indicator_id_m1789': 'kr.kospi.d', 'date_m1789': '2025-08-25', 'value_m1789': 3209.86, 'indicator_id_m1790': 'kr.kospi.d', 'date_m1790': '2025-08-26', 'value_m1790': 3179.36, 'indicator_id_m1791': 'kr.kospi.d', 'date_m1791': '2025-08-27', 'value_m1791': 3187.16, 'indicator_id_m1792': 'kr.kospi.d', 'date_m1792': '2025-08-28', 'value_m1792': 3196.32, 'indicator_id_m1793': 'kr.kospi.d', 'date_m1793': '2025-08-29', 'value_m1793': 3186.01}]
(Background on this error at: https://sqlalche.me/e/20/gkpj)
Traceback (most recent call last):
  File "/home/asd1702/.venv/lib/python3.10/site-packages/sqlalchemy/engine/base.py", line 1967, in _exec_single_context
    self.dialect.do_execute(
  File "/home/asd1702/.venv/lib/python3.10/site-packages/sqlalchemy/engine/default.py", line 951, in do_execute
    cursor.execute(statement, parameters)
psycopg2.errors.ForeignKeyViolation: insert or update on table "observations" violates foreign key constraint "observations_indicator_id_fkey"
DETAIL:  Key (indicator_id)=(kr.cpi.core.m) is not present in table "indicators".


The above exception was the direct cause of the following exception:

Traceback (most recent call last):
  File "/home/asd1702/fin_sight_server/scripts/seed_statistics.py", line 88, in seed_statistics_data
    db.execute(stmt)
  File "/home/asd1702/.venv/lib/python3.10/site-packages/sqlalchemy/orm/session.py", line 2365, in execute
    return self._execute_internal(
  File "/home/asd1702/.venv/lib/python3.10/site-packages/sqlalchemy/orm/session.py", line 2251, in _execute_internal
    result: Result[Any] = compile_state_cls.orm_execute_statement(
  File "/home/asd1702/.venv/lib/python3.10/site-packages/sqlalchemy/orm/bulk_persistence.py", line 1306, in orm_execute_statement
    result = conn.execute(
  File "/home/asd1702/.venv/lib/python3.10/site-packages/sqlalchemy/engine/base.py", line 1419, in execute
    return meth(
  File "/home/asd1702/.venv/lib/python3.10/site-packages/sqlalchemy/sql/elements.py", line 526, in _execute_on_connection
    return connection._execute_clauseelement(
  File "/home/asd1702/.venv/lib/python3.10/site-packages/sqlalchemy/engine/base.py", line 1641, in _execute_clauseelement
    ret = self._execute_context(
  File "/home/asd1702/.venv/lib/python3.10/site-packages/sqlalchemy/engine/base.py", line 1846, in _execute_context
    return self._exec_single_context(
  File "/home/asd1702/.venv/lib/python3.10/site-packages/sqlalchemy/engine/base.py", line 1986, in _exec_single_context
    self._handle_dbapi_exception(
  File "/home/asd1702/.venv/lib/python3.10/site-packages/sqlalchemy/engine/base.py", line 2355, in _handle_dbapi_exception
    raise sqlalchemy_exception.with_traceback(exc_info[2]) from e
  File "/home/asd1702/.venv/lib/python3.10/site-packages/sqlalchemy/engine/base.py", line 1967, in _exec_single_context
    self.dialect.do_execute(
  File "/home/asd1702/.venv/lib/python3.10/site-packages/sqlalchemy/engine/default.py", line 951, in do_execute
    cursor.execute(statement, parameters)
sqlalchemy.exc.IntegrityError: (psycopg2.errors.ForeignKeyViolation) insert or update on table "observations" violates foreign key constraint "observations_indicator_id_fkey"
DETAIL:  Key (indicator_id)=(kr.cpi.core.m) is not present in table "indicators".

[SQL: INSERT INTO statistics.observations (indicator_id, date, value) VALUES (%(indicator_id_m0)s, %(date_m0)s, %(value_m0)s), (%(indicator_id_m1)s, %(date_m1)s, %(value_m1)s), (%(indicator_id_m2)s, %(date_m2)s, %(value_m2)s), (%(indicator_id_m3)s, %(date_m3)s, %(value_m3)s), (%(indicator_id_m4)s, %(date_m4)s, %(value_m4)s), (%(indicator_id_m5)s, %(date_m5)s, %(value_m5)s), (%(indicator_id_m6)s, %(date_m6)s, %(value_m6)s), (%(indicator_id_m7)s, %(date_m7)s, %(value_m7)s), (%(indicator_id_m8)s, %(date_m8)s, %(value_m8)s), (%(indicator_id_m9)s, %(date_m9)s, %(value_m9)s), (%(indicator_id_m10)s, %(date_m10)s, %(value_m10)s), (%(indicator_id_m11)s, %(date_m11)s, %(value_m11)s), (%(indicator_id_m12)s, %(date_m12)s, %(value_m12)s), (%(indicator_id_m13)s, %(date_m13)s, %(value_m13)s), (%(indicator_id_m14)s, %(date_m14)s, %(value_m14)s), (%(indicator_id_m15)s, %(date_m15)s, %(value_m15)s), (%(indicator_id_m16)s, %(date_m16)s, %(value_m16)s), (%(indicator_id_m17)s, %(date_m17)s, %(value_m17)s), (%(indicator_id_m18)s, %(date_m18)s, %(value_m18)s), (%(indicator_id_m19)s, %(date_m19)s, %(value_m19)s), (%(indicator_id_m20)s, %(date_m20)s, %(value_m20)s), (%(indicator_id_m21)s, %(date_m21)s, %(value_m21)s), (%(indicator_id_m22)s, %(date_m22)s, %(value_m22)s), (%(indicator_id_m23)s, %(date_m23)s, %(value_m23)s), (%(indicator_id_m24)s, %(date_m24)s, %(value_m24)s), (%(indicator_id_m25)s, %(date_m25)s, %(value_m25)s), (%(indicator_id_m26)s, %(date_m26)s, %(value_m26)s), (%(indicator_id_m27)s, %(date_m27)s, %(value_m27)s), (%(indicator_id_m28)s, %(date_m28)s, %(value_m28)s), (%(indicator_id_m29)s, %(date_m29)s, %(value_m29)s), (%(indicator_id_m30)s, %(date_m30)s, %(value_m30)s), (%(indicator_id_m31)s, %(date_m31)s, %(value_m31)s), (%(indicator_id_m32)s, %(date_m32)s, %(value_m32)s), (%(indicator_id_m33)s, %(date_m33)s, %(value_m33)s), (%(indicator_id_m34)s, %(date_m34)s, %(value_m34)s), (%(indicator_id_m35)s, %(date_m35)s, %(value_m35)s), (%(indicator_id_m36)s, %(date_m36)s, %(value_m36)s), (%(indicator_id_m37)s, %(date_m37)s, %(value_m37)s), (%(indicator_id_m38)s, %(date_m38)s, %(value_m38)s), (%(indicator_id_m39)s, %(date_m39)s, %(value_m39)s), (%(indicator_id_m40)s, %(date_m40)s, %(value_m40)s), (%(indicator_id_m41)s, %(date_m41)s, %(value_m41)s), (%(indicator_id_m42)s, %(date_m42)s, %(value_m42)s), (%(indicator_id_m43)s, %(date_m43)s, %(value_m43)s), (%(indicator_id_m44)s, %(date_m44)s, %(value_m44)s), (%(indicator_id_m45)s, %(date_m45)s, %(value_m45)s), (%(indicator_id_m46)s, %(date_m46)s, %(value_m46)s), (%(indicator_id_m47)s, %(date_m47)s, %(value_m47)s), (%(indicator_id_m48)s, %(date_m48)s, %(value_m48)s), (%(indicator_id_m49)s, %(date_m49)s, %(value_m49)s), (%(indicator_id_m50)s, %(date_m50)s, %(value_m50)s), (%(indicator_id_m51)s, %(date_m51)s, %(value_m51)s), (%(indicator_id_m52)s, %(date_m52)s, %(value_m52)s), (%(indicator_id_m53)s, %(date_m53)s, %(value_m53)s), (%(indicator_id_m54)s, %(date_m54)s, %(value_m54)s), (%(indicator_id_m55)s, %(date_m55)s, %(value_m55)s), (%(indicator_id_m56)s, %(date_m56)s, %(value_m56)s), (%(indicator_id_m57)s, %(date_m57)s, %(value_m57)s), (%(indicator_id_m58)s, %(date_m58)s, %(value_m58)s), (%(indicator_id_m59)s, %(date_m59)s, %(value_m59)s), (%(indicator_id_m60)s, %(date_m60)s, %(value_m60)s), (%(indicator_id_m61)s, %(date_m61)s, %(value_m61)s), (%(indicator_id_m62)s, %(date_m62)s, %(value_m62)s), (%(indicator_id_m63)s, %(date_m63)s, %(value_m63)s), (%(indicator_id_m64)s, %(date_m64)s, %(value_m64)s), (%(indicator_id_m65)s, %(date_m65)s, %(value_m65)s), (%(indicator_id_m66)s, %(date_m66)s, %(value_m66)s), (%(indicator_id_m67)s, %(date_m67)s, %(value_m67)s), (%(indicator_id_m68)s, %(date_m68)s, %(value_m68)s), (%(indicator_id_m69)s, %(date_m69)s, %(value_m69)s), (%(indicator_id_m70)s, %(date_m70)s, %(value_m70)s), (%(indicator_id_m71)s, %(date_m71)s, %(value_m71)s), (%(indicator_id_m72)s, %(date_m72)s, %(value_m72)s), (%(indicator_id_m73)s, %(date_m73)s, %(value_m73)s), (%(indicator_id_m74)s, %(date_m74)s, %(value_m74)s), (%(indicator_id_m75)s, %(date_m75)s, %(value_m75)s), (%(indicator_id_m76)s, %(date_m76)s, %(value_m76)s), (%(indicator_id_m77)s, %(date_m77)s, %(value_m77)s), (%(indicator_id_m78)s, %(date_m78)s, %(value_m78)s), (%(indicator_id_m79)s, %(date_m79)s, %(value_m79)s), (%(indicator_id_m80)s, %(date_m80)s, %(value_m80)s), (%(indicator_id_m81)s, %(date_m81)s, %(value_m81)s), (%(indicator_id_m82)s, %(date_m82)s, %(value_m82)s), (%(indicator_id_m83)s, %(date_m83)s, %(value_m83)s), (%(indicator_id_m84)s, %(date_m84)s, %(value_m84)s), (%(indicator_id_m85)s, %(date_m85)s, %(value_m85)s), (%(indicator_id_m86)s, %(date_m86)s, %(value_m86)s), (%(indicator_id_m87)s, %(date_m87)s, %(value_m87)s), (%(indicator_id_m88)s, %(date_m88)s, %(value_m88)s), (%(indicator_id_m89)s, %(date_m89)s, %(value_m89)s), (%(indicator_id_m90)s, %(date_m90)s, %(value_m90)s), (%(indicator_id_m91)s, %(date_m91)s, %(value_m91)s), (%(indicator_id_m92)s, %(date_m92)s, %(value_m92)s), (%(indicator_id_m93)s, %(date_m93)s, %(value_m93)s), (%(indicator_id_m94)s, %(date_m94)s, %(value_m94)s), (%(indicator_id_m95)s, %(date_m95)s, %(value_m95)s), (%(indicator_id_m96)s, %(date_m96)s, %(value_m96)s), (%(indicator_id_m97)s, %(date_m97)s, %(value_m97)s), (%(indicator_id_m98)s, %(date_m98)s, %(value_m98)s), (%(indicator_id_m99)s, %(date_m99)s, %(value_m99)s), (%(indicator_id_m100)s, %(date_m100)s, %(value_m100)s), (%(indicator_id_m101)s, %(date_m101)s, %(value_m101)s), (%(indicator_id_m102)s, %(date_m102)s, %(value_m102)s), (%(indicator_id_m103)s, %(date_m103)s, %(value_m103)s), (%(indicator_id_m104)s, %(date_m104)s, %(value_m104)s), (%(indicator_id_m105)s, %(date_m105)s, %(value_m105)s), (%(indicator_id_m106)s, %(date_m106)s, %(value_m106)s), (%(indicator_id_m107)s, %(date_m107)s, %(value_m107)s), (%(indicator_id_m108)s, %(date_m108)s, %(value_m108)s), (%(indicator_id_m109)s, %(date_m109)s, %(value_m109)s), (%(indicator_id_m110)s, %(date_m110)s, %(value_m110)s), (%(indicator_id_m111)s, %(date_m111)s, %(value_m111)s), (%(indicator_id_m112)s, %(date_m112)s, %(value_m112)s), (%(indicator_id_m113)s, %(date_m113)s, %(value_m113)s), (%(indicator_id_m114)s, %(date_m114)s, %(value_m114)s), (%(indicator_id_m115)s, %(date_m115)s, %(value_m115)s), (%(indicator_id_m116)s, %(date_m116)s, %(value_m116)s), (%(indicator_id_m117)s, %(date_m117)s, %(value_m117)s), (%(indicator_id_m118)s, %(date_m118)s, %(value_m118)s), (%(indicator_id_m119)s, %(date_m119)s, %(value_m119)s), (%(indicator_id_m120)s, %(date_m120)s, %(value_m120)s), (%(indicator_id_m121)s, %(date_m121)s, %(value_m121)s), (%(indicator_id_m122)s, %(date_m122)s, %(value_m122)s), (%(indicator_id_m123)s, %(date_m123)s, %(value_m123)s), (%(indicator_id_m124)s, %(date_m124)s, %(value_m124)s), (%(indicator_id_m125)s, %(date_m125)s, %(value_m125)s), (%(indicator_id_m126)s, %(date_m126)s, %(value_m126)s), (%(indicator_id_m127)s, %(date_m127)s, %(value_m127)s), (%(indicator_id_m128)s, %(date_m128)s, %(value_m128)s), (%(indicator_id_m129)s, %(date_m129)s, %(value_m129)s), (%(indicator_id_m130)s, %(date_m130)s, %(value_m130)s), (%(indicator_id_m131)s, %(date_m131)s, %(value_m131)s), (%(indicator_id_m132)s, %(date_m132)s, %(value_m132)s), (%(indicator_id_m133)s, %(date_m133)s, %(value_m133)s), (%(indicator_id_m134)s, %(date_m134)s, %(value_m134)s), (%(indicator_id_m135)s, %(date_m135)s, %(value_m135)s), (%(indicator_id_m136)s, %(date_m136)s, %(value_m136)s), (%(indicator_id_m137)s, %(date_m137)s, %(value_m137)s), (%(indicator_id_m138)s, %(date_m138)s, %(value_m138)s), (%(indicator_id_m139)s, %(date_m139)s, %(value_m139)s), (%(indicator_id_m140)s, %(date_m140)s, %(value_m140)s), (%(indicator_id_m141)s, %(date_m141)s, %(value_m141)s), (%(indicator_id_m142)s, %(date_m142)s, %(value_m142)s), (%(indicator_id_m143)s, %(date_m143)s, %(value_m143)s), (%(indicator_id_m144)s, %(date_m144)s, %(value_m144)s), (%(indicator_id_m145)s, %(date_m145)s, %(value_m145)s), (%(indicator_id_m146)s, %(date_m146)s, %(value_m146)s), (%(indicator_id_m147)s, %(date_m147)s, %(value_m147)s), (%(indicator_id_m148)s, %(date_m148)s, %(value_m148)s), (%(indicator_id_m149)s, %(date_m149)s, %(value_m149)s), (%(indicator_id_m150)s, %(date_m150)s, %(value_m150)s), (%(indicator_id_m151)s, %(date_m151)s, %(value_m151)s), (%(indicator_id_m152)s, %(date_m152)s, %(value_m152)s), (%(indicator_id_m153)s, %(date_m153)s, %(value_m153)s), (%(indicator_id_m154)s, %(date_m154)s, %(value_m154)s), (%(indicator_id_m155)s, %(date_m155)s, %(value_m155)s), (%(indicator_id_m156)s, %(date_m156)s, %(value_m156)s), (%(indicator_id_m157)s, %(date_m157)s, %(value_m157)s), (%(indicator_id_m158)s, %(date_m158)s, %(value_m158)s), (%(indicator_id_m159)s, %(date_m159)s, %(value_m159)s), (%(indicator_id_m160)s, %(date_m160)s, %(value_m160)s), (%(indicator_id_m161)s, %(date_m161)s, %(value_m161)s), (%(indicator_id_m162)s, %(date_m162)s, %(value_m162)s), (%(indicator_id_m163)s, %(date_m163)s, %(value_m163)s), (%(indicator_id_m164)s, %(date_m164)s, %(value_m164)s), (%(indicator_id_m165)s, %(date_m165)s, %(value_m165)s), (%(indicator_id_m166)s, %(date_m166)s, %(value_m166)s), (%(indicator_id_m167)s, %(date_m167)s, %(value_m167)s), (%(indicator_id_m168)s, %(date_m168)s, %(value_m168)s), (%(indicator_id_m169)s, %(date_m169)s, %(value_m169)s), (%(indicator_id_m170)s, %(date_m170)s, %(value_m170)s), (%(indicator_id_m171)s, %(date_m171)s, %(value_m171)s), (%(indicator_id_m172)s, %(date_m172)s, %(value_m172)s), (%(indicator_id_m173)s, %(date_m173)s, %(value_m173)s), (%(indicator_id_m174)s, %(date_m174)s, %(value_m174)s), (%(indicator_id_m175)s, %(date_m175)s, %(value_m175)s), (%(indicator_id_m176)s, %(date_m176)s, %(value_m176)s), (%(indicator_id_m177)s, %(date_m177)s, %(value_m177)s), (%(indicator_id_m178)s, %(date_m178)s, %(value_m178)s), (%(indicator_id_m179)s, %(date_m179)s, %(value_m179)s), (%(indicator_id_m180)s, %(date_m180)s, %(value_m180)s), (%(indicator_id_m181)s, %(date_m181)s, %(value_m181)s), (%(indicator_id_m182)s, %(date_m182)s, %(value_m182)s), (%(indicator_id_m183)s, %(date_m183)s, %(value_m183)s), (%(indicator_id_m184)s, %(date_m184)s, %(value_m184)s), (%(indicator_id_m185)s, %(date_m185)s, %(value_m185)s), (%(indicator_id_m186)s, %(date_m186)s, %(value_m186)s), (%(indicator_id_m187)s, %(date_m187)s, %(value_m187)s), (%(indicator_id_m188)s, %(date_m188)s, %(value_m188)s), (%(indicator_id_m189)s, %(date_m189)s, %(value_m189)s), (%(indicator_id_m190)s, %(date_m190)s, %(value_m190)s), (%(indicator_id_m191)s, %(date_m191)s, %(value_m191)s), (%(indicator_id_m192)s, %(date_m192)s, %(value_m192)s), (%(indicator_id_m193)s, %(date_m193)s, %(value_m193)s), (%(indicator_id_m194)s, %(date_m194)s, %(value_m194)s), (%(indicator_id_m195)s, %(date_m195)s, %(value_m195)s), (%(indicator_id_m196)s, %(date_m196)s, %(value_m196)s), (%(indicator_id_m197)s, %(date_m197)s, %(value_m197)s), (%(indicator_id_m198)s, %(date_m198)s, %(value_m198)s), (%(indicator_id_m199)s, %(date_m199)s, %(value_m199)s), (%(indicator_id_m200)s, %(date_m200)s, %(value_m200)s), (%(indicator_id_m201)s, %(date_m201)s, %(value_m201)s), (%(indicator_id_m202)s, %(date_m202)s, %(value_m202)s), (%(indicator_id_m203)s, %(date_m203)s, %(value_m203)s), (%(indicator_id_m204)s, %(date_m204)s, %(value_m204)s), (%(indicator_id_m205)s, %(date_m205)s, %(value_m205)s), (%(indicator_id_m206)s, %(date_m206)s, %(value_m206)s), (%(indicator_id_m207)s, %(date_m207)s, %(value_m207)s), (%(indicator_id_m208)s, %(date_m208)s, %(value_m208)s), (%(indicator_id_m209)s, %(date_m209)s, %(value_m209)s), (%(indicator_id_m210)s, %(date_m210)s, %(value_m210)s), (%(indicator_id_m211)s, %(date_m211)s, %(value_m211)s), (%(indicator_id_m212)s, %(date_m212)s, %(value_m212)s), (%(indicator_id_m213)s, %(date_m213)s, %(value_m213)s), (%(indicator_id_m214)s, %(date_m214)s, %(value_m214)s), (%(indicator_id_m215)s, %(date_m215)s, %(value_m215)s), (%(indicator_id_m216)s, %(date_m216)s, %(value_m216)s), (%(indicator_id_m217)s, %(date_m217)s, %(value_m217)s), (%(indicator_id_m218)s, %(date_m218)s, %(value_m218)s), (%(indicator_id_m219)s, %(date_m219)s, %(value_m219)s), (%(indicator_id_m220)s, %(date_m220)s, %(value_m220)s), (%(indicator_id_m221)s, %(date_m221)s, %(value_m221)s), (%(indicator_id_m222)s, %(date_m222)s, %(value_m222)s), (%(indicator_id_m223)s, %(date_m223)s, %(value_m223)s), (%(indicator_id_m224)s, %(date_m224)s, %(value_m224)s), (%(indicator_id_m225)s, %(date_m225)s, %(value_m225)s), (%(indicator_id_m226)s, %(date_m226)s, %(value_m226)s), (%(indicator_id_m227)s, %(date_m227)s, %(value_m227)s), (%(indicator_id_m228)s, %(date_m228)s, %(value_m228)s), (%(indicator_id_m229)s, %(date_m229)s, %(value_m229)s), (%(indicator_id_m230)s, %(date_m230)s, %(value_m230)s), (%(indicator_id_m231)s, %(date_m231)s, %(value_m231)s), (%(indicator_id_m232)s, %(date_m232)s, %(value_m232)s), (%(indicator_id_m233)s, %(date_m233)s, %(value_m233)s), (%(indicator_id_m234)s, %(date_m234)s, %(value_m234)s), (%(indicator_id_m235)s, %(date_m235)s, %(value_m235)s), (%(indicator_id_m236)s, %(date_m236)s, %(value_m236)s), (%(indicator_id_m237)s, %(date_m237)s, %(value_m237)s), (%(indicator_id_m238)s, %(date_m238)s, %(value_m238)s), (%(indicator_id_m239)s, %(date_m239)s, %(value_m239)s), (%(indicator_id_m240)s, %(date_m240)s, %(value_m240)s), (%(indicator_id_m241)s, %(date_m241)s, %(value_m241)s), (%(indicator_id_m242)s, %(date_m242)s, %(value_m242)s), (%(indicator_id_m243)s, %(date_m243)s, %(value_m243)s), (%(indicator_id_m244)s, %(date_m244)s, %(value_m244)s), (%(indicator_id_m245)s, %(date_m245)s, %(value_m245)s), (%(indicator_id_m246)s, %(date_m246)s, %(value_m246)s), (%(indicator_id_m247)s, %(date_m247)s, %(value_m247)s), (%(indicator_id_m248)s, %(date_m248)s, %(value_m248)s), (%(indicator_id_m249)s, %(date_m249)s, %(value_m249)s), (%(indicator_id_m250)s, %(date_m250)s, %(value_m250)s), (%(indicator_id_m251)s, %(date_m251)s, %(value_m251)s), (%(indicator_id_m252)s, %(date_m252)s, %(value_m252)s), (%(indicator_id_m253)s, %(date_m253)s, %(value_m253)s), (%(indicator_id_m254)s, %(date_m254)s, %(value_m254)s), (%(indicator_id_m255)s, %(date_m255)s, %(value_m255)s), (%(indicator_id_m256)s, %(date_m256)s, %(value_m256)s), (%(indicator_id_m257)s, %(date_m257)s, %(value_m257)s), (%(indicator_id_m258)s, %(date_m258)s, %(value_m258)s), (%(indicator_id_m259)s, %(date_m259)s, %(value_m259)s), (%(indicator_id_m260)s, %(date_m260)s, %(value_m260)s), (%(indicator_id_m261)s, %(date_m261)s, %(value_m261)s), (%(indicator_id_m262)s, %(date_m262)s, %(value_m262)s), (%(indicator_id_m263)s, %(date_m263)s, %(value_m263)s), (%(indicator_id_m264)s, %(date_m264)s, %(value_m264)s), (%(indicator_id_m265)s, %(date_m265)s, %(value_m265)s), (%(indicator_id_m266)s, %(date_m266)s, %(value_m266)s), (%(indicator_id_m267)s, %(date_m267)s, %(value_m267)s), (%(indicator_id_m268)s, %(date_m268)s, %(value_m268)s), (%(indicator_id_m269)s, %(date_m269)s, %(value_m269)s), (%(indicator_id_m270)s, %(date_m270)s, %(value_m270)s), (%(indicator_id_m271)s, %(date_m271)s, %(value_m271)s), (%(indicator_id_m272)s, %(date_m272)s, %(value_m272)s), (%(indicator_id_m273)s, %(date_m273)s, %(value_m273)s), (%(indicator_id_m274)s, %(date_m274)s, %(value_m274)s), (%(indicator_id_m275)s, %(date_m275)s, %(value_m275)s), (%(indicator_id_m276)s, %(date_m276)s, %(value_m276)s), (%(indicator_id_m277)s, %(date_m277)s, %(value_m277)s), (%(indicator_id_m278)s, %(date_m278)s, %(value_m278)s), (%(indicator_id_m279)s, %(date_m279)s, %(value_m279)s), (%(indicator_id_m280)s, %(date_m280)s, %(value_m280)s), (%(indicator_id_m281)s, %(date_m281)s, %(value_m281)s), (%(indicator_id_m282)s, %(date_m282)s, %(value_m282)s), (%(indicator_id_m283)s, %(date_m283)s, %(value_m283)s), (%(indicator_id_m284)s, %(date_m284)s, %(value_m284)s), (%(indicator_id_m285)s, %(date_m285)s, %(value_m285)s), (%(indicator_id_m286)s, %(date_m286)s, %(value_m286)s), (%(indicator_id_m287)s, %(date_m287)s, %(value_m287)s), (%(indicator_id_m288)s, %(date_m288)s, %(value_m288)s), (%(indicator_id_m289)s, %(date_m289)s, %(value_m289)s), (%(indicator_id_m290)s, %(date_m290)s, %(value_m290)s), (%(indicator_id_m291)s, %(date_m291)s, %(value_m291)s), (%(indicator_id_m292)s, %(date_m292)s, %(value_m292)s), (%(indicator_id_m293)s, %(date_m293)s, %(value_m293)s), (%(indicator_id_m294)s, %(date_m294)s, %(value_m294)s), (%(indicator_id_m295)s, %(date_m295)s, %(value_m295)s), (%(indicator_id_m296)s, %(date_m296)s, %(value_m296)s), (%(indicator_id_m297)s, %(date_m297)s, %(value_m297)s), (%(indicator_id_m298)s, %(date_m298)s, %(value_m298)s), (%(indicator_id_m299)s, %(date_m299)s, %(value_m299)s), (%(indicator_id_m300)s, %(date_m300)s, %(value_m300)s), (%(indicator_id_m301)s, %(date_m301)s, %(value_m301)s), (%(indicator_id_m302)s, %(date_m302)s, %(value_m302)s), (%(indicator_id_m303)s, %(date_m303)s, %(value_m303)s), (%(indicator_id_m304)s, %(date_m304)s, %(value_m304)s), (%(indicator_id_m305)s, %(date_m305)s, %(value_m305)s), (%(indicator_id_m306)s, %(date_m306)s, %(value_m306)s), (%(indicator_id_m307)s, %(date_m307)s, %(value_m307)s), (%(indicator_id_m308)s, %(date_m308)s, %(value_m308)s), (%(indicator_id_m309)s, %(date_m309)s, %(value_m309)s), (%(indicator_id_m310)s, %(date_m310)s, %(value_m310)s), (%(indicator_id_m311)s, %(date_m311)s, %(value_m311)s), (%(indicator_id_m312)s, %(date_m312)s, %(value_m312)s), (%(indicator_id_m313)s, %(date_m313)s, %(value_m313)s), (%(indicator_id_m314)s, %(date_m314)s, %(value_m314)s), (%(indicator_id_m315)s, %(date_m315)s, %(value_m315)s), (%(indicator_id_m316)s, %(date_m316)s, %(value_m316)s), (%(indicator_id_m317)s, %(date_m317)s, %(value_m317)s), (%(indicator_id_m318)s, %(date_m318)s, %(value_m318)s), (%(indicator_id_m319)s, %(date_m319)s, %(value_m319)s), (%(indicator_id_m320)s, %(date_m320)s, %(value_m320)s), (%(indicator_id_m321)s, %(date_m321)s, %(value_m321)s), (%(indicator_id_m322)s, %(date_m322)s, %(value_m322)s), (%(indicator_id_m323)s, %(date_m323)s, %(value_m323)s), (%(indicator_id_m324)s, %(date_m324)s, %(value_m324)s), (%(indicator_id_m325)s, %(date_m325)s, %(value_m325)s), (%(indicator_id_m326)s, %(date_m326)s, %(value_m326)s), (%(indicator_id_m327)s, %(date_m327)s, %(value_m327)s), (%(indicator_id_m328)s, %(date_m328)s, %(value_m328)s), (%(indicator_id_m329)s, %(date_m329)s, %(value_m329)s), (%(indicator_id_m330)s, %(date_m330)s, %(value_m330)s), (%(indicator_id_m331)s, %(date_m331)s, %(value_m331)s), (%(indicator_id_m332)s, %(date_m332)s, %(value_m332)s), (%(indicator_id_m333)s, %(date_m333)s, %(value_m333)s), (%(indicator_id_m334)s, %(date_m334)s, %(value_m334)s), (%(indicator_id_m335)s, %(date_m335)s, %(value_m335)s), (%(indicator_id_m336)s, %(date_m336)s, %(value_m336)s), (%(indicator_id_m337)s, %(date_m337)s, %(value_m337)s), (%(indicator_id_m338)s, %(date_m338)s, %(value_m338)s), (%(indicator_id_m339)s, %(date_m339)s, %(value_m339)s), (%(indicator_id_m340)s, %(date_m340)s, %(value_m340)s), (%(indicator_id_m341)s, %(date_m341)s, %(value_m341)s), (%(indicator_id_m342)s, %(date_m342)s, %(value_m342)s), (%(indicator_id_m343)s, %(date_m343)s, %(value_m343)s), (%(indicator_id_m344)s, %(date_m344)s, %(value_m344)s), (%(indicator_id_m345)s, %(date_m345)s, %(value_m345)s), (%(indicator_id_m346)s, %(date_m346)s, %(value_m346)s), (%(indicator_id_m347)s, %(date_m347)s, %(value_m347)s), (%(indicator_id_m348)s, %(date_m348)s, %(value_m348)s), (%(indicator_id_m349)s, %(date_m349)s, %(value_m349)s), (%(indicator_id_m350)s, %(date_m350)s, %(value_m350)s), (%(indicator_id_m351)s, %(date_m351)s, %(value_m351)s), (%(indicator_id_m352)s, %(date_m352)s, %(value_m352)s), (%(indicator_id_m353)s, %(date_m353)s, %(value_m353)s), (%(indicator_id_m354)s, %(date_m354)s, %(value_m354)s), (%(indicator_id_m355)s, %(date_m355)s, %(value_m355)s), (%(indicator_id_m356)s, %(date_m356)s, %(value_m356)s), (%(indicator_id_m357)s, %(date_m357)s, %(value_m357)s), (%(indicator_id_m358)s, %(date_m358)s, %(value_m358)s), (%(indicator_id_m359)s, %(date_m359)s, %(value_m359)s), (%(indicator_id_m360)s, %(date_m360)s, %(value_m360)s), (%(indicator_id_m361)s, %(date_m361)s, %(value_m361)s), (%(indicator_id_m362)s, %(date_m362)s, %(value_m362)s), (%(indicator_id_m363)s, %(date_m363)s, %(value_m363)s), (%(indicator_id_m364)s, %(date_m364)s, %(value_m364)s), (%(indicator_id_m365)s, %(date_m365)s, %(value_m365)s), (%(indicator_id_m366)s, %(date_m366)s, %(value_m366)s), (%(indicator_id_m367)s, %(date_m367)s, %(value_m367)s), (%(indicator_id_m368)s, %(date_m368)s, %(value_m368)s), (%(indicator_id_m369)s, %(date_m369)s, %(value_m369)s), (%(indicator_id_m370)s, %(date_m370)s, %(value_m370)s), (%(indicator_id_m371)s, %(date_m371)s, %(value_m371)s), (%(indicator_id_m372)s, %(date_m372)s, %(value_m372)s), (%(indicator_id_m373)s, %(date_m373)s, %(value_m373)s), (%(indicator_id_m374)s, %(date_m374)s, %(value_m374)s), (%(indicator_id_m375)s, %(date_m375)s, %(value_m375)s), (%(indicator_id_m376)s, %(date_m376)s, %(value_m376)s), (%(indicator_id_m377)s, %(date_m377)s, %(value_m377)s), (%(indicator_id_m378)s, %(date_m378)s, %(value_m378)s), (%(indicator_id_m379)s, %(date_m379)s, %(value_m379)s), (%(indicator_id_m380)s, %(date_m380)s, %(value_m380)s), (%(indicator_id_m381)s, %(date_m381)s, %(value_m381)s), (%(indicator_id_m382)s, %(date_m382)s, %(value_m382)s), (%(indicator_id_m383)s, %(date_m383)s, %(value_m383)s), (%(indicator_id_m384)s, %(date_m384)s, %(value_m384)s), (%(indicator_id_m385)s, %(date_m385)s, %(value_m385)s), (%(indicator_id_m386)s, %(date_m386)s, %(value_m386)s), (%(indicator_id_m387)s, %(date_m387)s, %(value_m387)s), (%(indicator_id_m388)s, %(date_m388)s, %(value_m388)s), (%(indicator_id_m389)s, %(date_m389)s, %(value_m389)s), (%(indicator_id_m390)s, %(date_m390)s, %(value_m390)s), (%(indicator_id_m391)s, %(date_m391)s, %(value_m391)s), (%(indicator_id_m392)s, %(date_m392)s, %(value_m392)s), (%(indicator_id_m393)s, %(date_m393)s, %(value_m393)s), (%(indicator_id_m394)s, %(date_m394)s, %(value_m394)s), (%(indicator_id_m395)s, %(date_m395)s, %(value_m395)s), (%(indicator_id_m396)s, %(date_m396)s, %(value_m396)s), (%(indicator_id_m397)s, %(date_m397)s, %(value_m397)s), (%(indicator_id_m398)s, %(date_m398)s, %(value_m398)s), (%(indicator_id_m399)s, %(date_m399)s, %(value_m399)s), (%(indicator_id_m400)s, %(date_m400)s, %(value_m400)s), (%(indicator_id_m401)s, %(date_m401)s, %(value_m401)s), (%(indicator_id_m402)s, %(date_m402)s, %(value_m402)s), (%(indicator_id_m403)s, %(date_m403)s, %(value_m403)s), (%(indicator_id_m404)s, %(date_m404)s, %(value_m404)s), (%(indicator_id_m405)s, %(date_m405)s, %(value_m405)s), (%(indicator_id_m406)s, %(date_m406)s, %(value_m406)s), (%(indicator_id_m407)s, %(date_m407)s, %(value_m407)s), (%(indicator_id_m408)s, %(date_m408)s, %(value_m408)s), (%(indicator_id_m409)s, %(date_m409)s, %(value_m409)s), (%(indicator_id_m410)s, %(date_m410)s, %(value_m410)s), (%(indicator_id_m411)s, %(date_m411)s, %(value_m411)s), (%(indicator_id_m412)s, %(date_m412)s, %(value_m412)s), (%(indicator_id_m413)s, %(date_m413)s, %(value_m413)s), (%(indicator_id_m414)s, %(date_m414)s, %(value_m414)s), (%(indicator_id_m415)s, %(date_m415)s, %(value_m415)s), (%(indicator_id_m416)s, %(date_m416)s, %(value_m416)s), (%(indicator_id_m417)s, %(date_m417)s, %(value_m417)s), (%(indicator_id_m418)s, %(date_m418)s, %(value_m418)s), (%(indicator_id_m419)s, %(date_m419)s, %(value_m419)s), (%(indicator_id_m420)s, %(date_m420)s, %(value_m420)s), (%(indicator_id_m421)s, %(date_m421)s, %(value_m421)s), (%(indicator_id_m422)s, %(date_m422)s, %(value_m422)s), (%(indicator_id_m423)s, %(date_m423)s, %(value_m423)s), (%(indicator_id_m424)s, %(date_m424)s, %(value_m424)s), (%(indicator_id_m425)s, %(date_m425)s, %(value_m425)s), (%(indicator_id_m426)s, %(date_m426)s, %(value_m426)s), (%(indicator_id_m427)s, %(date_m427)s, %(value_m427)s), (%(indicator_id_m428)s, %(date_m428)s, %(value_m428)s), (%(indicator_id_m429)s, %(date_m429)s, %(value_m429)s), (%(indicator_id_m430)s, %(date_m430)s, %(value_m430)s), (%(indicator_id_m431)s, %(date_m431)s, %(value_m431)s), (%(indicator_id_m432)s, %(date_m432)s, %(value_m432)s), (%(indicator_id_m433)s, %(date_m433)s, %(value_m433)s), (%(indicator_id_m434)s, %(date_m434)s, %(value_m434)s), (%(indicator_id_m435)s, %(date_m435)s, %(value_m435)s), (%(indicator_id_m436)s, %(date_m436)s, %(value_m436)s), (%(indicator_id_m437)s, %(date_m437)s, %(value_m437)s), (%(indicator_id_m438)s, %(date_m438)s, %(value_m438)s), (%(indicator_id_m439)s, %(date_m439)s, %(value_m439)s), (%(indicator_id_m440)s, %(date_m440)s, %(value_m440)s), (%(indicator_id_m441)s, %(date_m441)s, %(value_m441)s), (%(indicator_id_m442)s, %(date_m442)s, %(value_m442)s), (%(indicator_id_m443)s, %(date_m443)s, %(value_m443)s), (%(indicator_id_m444)s, %(date_m444)s, %(value_m444)s), (%(indicator_id_m445)s, %(date_m445)s, %(value_m445)s), (%(indicator_id_m446)s, %(date_m446)s, %(value_m446)s), (%(indicator_id_m447)s, %(date_m447)s, %(value_m447)s), (%(indicator_id_m448)s, %(date_m448)s, %(value_m448)s), (%(indicator_id_m449)s, %(date_m449)s, %(value_m449)s), (%(indicator_id_m450)s, %(date_m450)s, %(value_m450)s), (%(indicator_id_m451)s, %(date_m451)s, %(value_m451)s), (%(indicator_id_m452)s, %(date_m452)s, %(value_m452)s), (%(indicator_id_m453)s, %(date_m453)s, %(value_m453)s), (%(indicator_id_m454)s, %(date_m454)s, %(value_m454)s), (%(indicator_id_m455)s, %(date_m455)s, %(value_m455)s), (%(indicator_id_m456)s, %(date_m456)s, %(value_m456)s), (%(indicator_id_m457)s, %(date_m457)s, %(value_m457)s), (%(indicator_id_m458)s, %(date_m458)s, %(value_m458)s), (%(indicator_id_m459)s, %(date_m459)s, %(value_m459)s), (%(indicator_id_m460)s, %(date_m460)s, %(value_m460)s), (%(indicator_id_m461)s, %(date_m461)s, %(value_m461)s), (%(indicator_id_m462)s, %(date_m462)s, %(value_m462)s), (%(indicator_id_m463)s, %(date_m463)s, %(value_m463)s), (%(indicator_id_m464)s, %(date_m464)s, %(value_m464)s), (%(indicator_id_m465)s, %(date_m465)s, %(value_m465)s), (%(indicator_id_m466)s, %(date_m466)s, %(value_m466)s), (%(indicator_id_m467)s, %(date_m467)s, %(value_m467)s), (%(indicator_id_m468)s, %(date_m468)s, %(value_m468)s), (%(indicator_id_m469)s, %(date_m469)s, %(value_m469)s), (%(indicator_id_m470)s, %(date_m470)s, %(value_m470)s), (%(indicator_id_m471)s, %(date_m471)s, %(value_m471)s), (%(indicator_id_m472)s, %(date_m472)s, %(value_m472)s), (%(indicator_id_m473)s, %(date_m473)s, %(value_m473)s), (%(indicator_id_m474)s, %(date_m474)s, %(value_m474)s), (%(indicator_id_m475)s, %(date_m475)s, %(value_m475)s), (%(indicator_id_m476)s, %(date_m476)s, %(value_m476)s), (%(indicator_id_m477)s, %(date_m477)s, %(value_m477)s), (%(indicator_id_m478)s, %(date_m478)s, %(value_m478)s), (%(indicator_id_m479)s, %(date_m479)s, %(value_m479)s), (%(indicator_id_m480)s, %(date_m480)s, %(value_m480)s), (%(indicator_id_m481)s, %(date_m481)s, %(value_m481)s), (%(indicator_id_m482)s, %(date_m482)s, %(value_m482)s), (%(indicator_id_m483)s, %(date_m483)s, %(value_m483)s), (%(indicator_id_m484)s, %(date_m484)s, %(value_m484)s), (%(indicator_id_m485)s, %(date_m485)s, %(value_m485)s), (%(indicator_id_m486)s, %(date_m486)s, %(value_m486)s), (%(indicator_id_m487)s, %(date_m487)s, %(value_m487)s), (%(indicator_id_m488)s, %(date_m488)s, %(value_m488)s), (%(indicator_id_m489)s, %(date_m489)s, %(value_m489)s), (%(indicator_id_m490)s, %(date_m490)s, %(value_m490)s), (%(indicator_id_m491)s, %(date_m491)s, %(value_m491)s), (%(indicator_id_m492)s, %(date_m492)s, %(value_m492)s), (%(indicator_id_m493)s, %(date_m493)s, %(value_m493)s), (%(indicator_id_m494)s, %(date_m494)s, %(value_m494)s), (%(indicator_id_m495)s, %(date_m495)s, %(value_m495)s), (%(indicator_id_m496)s, %(date_m496)s, %(value_m496)s), (%(indicator_id_m497)s, %(date_m497)s, %(value_m497)s), (%(indicator_id_m498)s, %(date_m498)s, %(value_m498)s), (%(indicator_id_m499)s, %(date_m499)s, %(value_m499)s), (%(indicator_id_m500)s, %(date_m500)s, %(value_m500)s), (%(indicator_id_m501)s, %(date_m501)s, %(value_m501)s), (%(indicator_id_m502)s, %(date_m502)s, %(value_m502)s), (%(indicator_id_m503)s, %(date_m503)s, %(value_m503)s), (%(indicator_id_m504)s, %(date_m504)s, %(value_m504)s), (%(indicator_id_m505)s, %(date_m505)s, %(value_m505)s), (%(indicator_id_m506)s, %(date_m506)s, %(value_m506)s), (%(indicator_id_m507)s, %(date_m507)s, %(value_m507)s), (%(indicator_id_m508)s, %(date_m508)s, %(value_m508)s), (%(indicator_id_m509)s, %(date_m509)s, %(value_m509)s), (%(indicator_id_m510)s, %(date_m510)s, %(value_m510)s), (%(indicator_id_m511)s, %(date_m511)s, %(value_m511)s), (%(indicator_id_m512)s, %(date_m512)s, %(value_m512)s), (%(indicator_id_m513)s, %(date_m513)s, %(value_m513)s), (%(indicator_id_m514)s, %(date_m514)s, %(value_m514)s), (%(indicator_id_m515)s, %(date_m515)s, %(value_m515)s), (%(indicator_id_m516)s, %(date_m516)s, %(value_m516)s), (%(indicator_id_m517)s, %(date_m517)s, %(value_m517)s), (%(indicator_id_m518)s, %(date_m518)s, %(value_m518)s), (%(indicator_id_m519)s, %(date_m519)s, %(value_m519)s), (%(indicator_id_m520)s, %(date_m520)s, %(value_m520)s), (%(indicator_id_m521)s, %(date_m521)s, %(value_m521)s), (%(indicator_id_m522)s, %(date_m522)s, %(value_m522)s), (%(indicator_id_m523)s, %(date_m523)s, %(value_m523)s), (%(indicator_id_m524)s, %(date_m524)s, %(value_m524)s), (%(indicator_id_m525)s, %(date_m525)s, %(value_m525)s), (%(indicator_id_m526)s, %(date_m526)s, %(value_m526)s), (%(indicator_id_m527)s, %(date_m527)s, %(value_m527)s), (%(indicator_id_m528)s, %(date_m528)s, %(value_m528)s), (%(indicator_id_m529)s, %(date_m529)s, %(value_m529)s), (%(indicator_id_m530)s, %(date_m530)s, %(value_m530)s), (%(indicator_id_m531)s, %(date_m531)s, %(value_m531)s), (%(indicator_id_m532)s, %(date_m532)s, %(value_m532)s), (%(indicator_id_m533)s, %(date_m533)s, %(value_m533)s), (%(indicator_id_m534)s, %(date_m534)s, %(value_m534)s), (%(indicator_id_m535)s, %(date_m535)s, %(value_m535)s), (%(indicator_id_m536)s, %(date_m536)s, %(value_m536)s), (%(indicator_id_m537)s, %(date_m537)s, %(value_m537)s), (%(indicator_id_m538)s, %(date_m538)s, %(value_m538)s), (%(indicator_id_m539)s, %(date_m539)s, %(value_m539)s), (%(indicator_id_m540)s, %(date_m540)s, %(value_m540)s), (%(indicator_id_m541)s, %(date_m541)s, %(value_m541)s), (%(indicator_id_m542)s, %(date_m542)s, %(value_m542)s), (%(indicator_id_m543)s, %(date_m543)s, %(value_m543)s), (%(indicator_id_m544)s, %(date_m544)s, %(value_m544)s), (%(indicator_id_m545)s, %(date_m545)s, %(value_m545)s), (%(indicator_id_m546)s, %(date_m546)s, %(value_m546)s), (%(indicator_id_m547)s, %(date_m547)s, %(value_m547)s), (%(indicator_id_m548)s, %(date_m548)s, %(value_m548)s), (%(indicator_id_m549)s, %(date_m549)s, %(value_m549)s), (%(indicator_id_m550)s, %(date_m550)s, %(value_m550)s), (%(indicator_id_m551)s, %(date_m551)s, %(value_m551)s), (%(indicator_id_m552)s, %(date_m552)s, %(value_m552)s), (%(indicator_id_m553)s, %(date_m553)s, %(value_m553)s), (%(indicator_id_m554)s, %(date_m554)s, %(value_m554)s), (%(indicator_id_m555)s, %(date_m555)s, %(value_m555)s), (%(indicator_id_m556)s, %(date_m556)s, %(value_m556)s), (%(indicator_id_m557)s, %(date_m557)s, %(value_m557)s), (%(indicator_id_m558)s, %(date_m558)s, %(value_m558)s), (%(indicator_id_m559)s, %(date_m559)s, %(value_m559)s), (%(indicator_id_m560)s, %(date_m560)s, %(value_m560)s), (%(indicator_id_m561)s, %(date_m561)s, %(value_m561)s), (%(indicator_id_m562)s, %(date_m562)s, %(value_m562)s), (%(indicator_id_m563)s, %(date_m563)s, %(value_m563)s), (%(indicator_id_m564)s, %(date_m564)s, %(value_m564)s), (%(indicator_id_m565)s, %(date_m565)s, %(value_m565)s), (%(indicator_id_m566)s, %(date_m566)s, %(value_m566)s), (%(indicator_id_m567)s, %(date_m567)s, %(value_m567)s), (%(indicator_id_m568)s, %(date_m568)s, %(value_m568)s), (%(indicator_id_m569)s, %(date_m569)s, %(value_m569)s), (%(indicator_id_m570)s, %(date_m570)s, %(value_m570)s), (%(indicator_id_m571)s, %(date_m571)s, %(value_m571)s), (%(indicator_id_m572)s, %(date_m572)s, %(value_m572)s), (%(indicator_id_m573)s, %(date_m573)s, %(value_m573)s), (%(indicator_id_m574)s, %(date_m574)s, %(value_m574)s), (%(indicator_id_m575)s, %(date_m575)s, %(value_m575)s), (%(indicator_id_m576)s, %(date_m576)s, %(value_m576)s), (%(indicator_id_m577)s, %(date_m577)s, %(value_m577)s), (%(indicator_id_m578)s, %(date_m578)s, %(value_m578)s), (%(indicator_id_m579)s, %(date_m579)s, %(value_m579)s), (%(indicator_id_m580)s, %(date_m580)s, %(value_m580)s), (%(indicator_id_m581)s, %(date_m581)s, %(value_m581)s), (%(indicator_id_m582)s, %(date_m582)s, %(value_m582)s), (%(indicator_id_m583)s, %(date_m583)s, %(value_m583)s), (%(indicator_id_m584)s, %(date_m584)s, %(value_m584)s), (%(indicator_id_m585)s, %(date_m585)s, %(value_m585)s), (%(indicator_id_m586)s, %(date_m586)s, %(value_m586)s), (%(indicator_id_m587)s, %(date_m587)s, %(value_m587)s), (%(indicator_id_m588)s, %(date_m588)s, %(value_m588)s), (%(indicator_id_m589)s, %(date_m589)s, %(value_m589)s), (%(indicator_id_m590)s, %(date_m590)s, %(value_m590)s), (%(indicator_id_m591)s, %(date_m591)s, %(value_m591)s), (%(indicator_id_m592)s, %(date_m592)s, %(value_m592)s), (%(indicator_id_m593)s, %(date_m593)s, %(value_m593)s), (%(indicator_id_m594)s, %(date_m594)s, %(value_m594)s), (%(indicator_id_m595)s, %(date_m595)s, %(value_m595)s), (%(indicator_id_m596)s, %(date_m596)s, %(value_m596)s), (%(indicator_id_m597)s, %(date_m597)s, %(value_m597)s), (%(indicator_id_m598)s, %(date_m598)s, %(value_m598)s), (%(indicator_id_m599)s, %(date_m599)s, %(value_m599)s), (%(indicator_id_m600)s, %(date_m600)s, %(value_m600)s), (%(indicator_id_m601)s, %(date_m601)s, %(value_m601)s), (%(indicator_id_m602)s, %(date_m602)s, %(value_m602)s), (%(indicator_id_m603)s, %(date_m603)s, %(value_m603)s), (%(indicator_id_m604)s, %(date_m604)s, %(value_m604)s), (%(indicator_id_m605)s, %(date_m605)s, %(value_m605)s), (%(indicator_id_m606)s, %(date_m606)s, %(value_m606)s), (%(indicator_id_m607)s, %(date_m607)s, %(value_m607)s), (%(indicator_id_m608)s, %(date_m608)s, %(value_m608)s), (%(indicator_id_m609)s, %(date_m609)s, %(value_m609)s), (%(indicator_id_m610)s, %(date_m610)s, %(value_m610)s), (%(indicator_id_m611)s, %(date_m611)s, %(value_m611)s), (%(indicator_id_m612)s, %(date_m612)s, %(value_m612)s), (%(indicator_id_m613)s, %(date_m613)s, %(value_m613)s), (%(indicator_id_m614)s, %(date_m614)s, %(value_m614)s), (%(indicator_id_m615)s, %(date_m615)s, %(value_m615)s), (%(indicator_id_m616)s, %(date_m616)s, %(value_m616)s), (%(indicator_id_m617)s, %(date_m617)s, %(value_m617)s), (%(indicator_id_m618)s, %(date_m618)s, %(value_m618)s), (%(indicator_id_m619)s, %(date_m619)s, %(value_m619)s), (%(indicator_id_m620)s, %(date_m620)s, %(value_m620)s), (%(indicator_id_m621)s, %(date_m621)s, %(value_m621)s), (%(indicator_id_m622)s, %(date_m622)s, %(value_m622)s), (%(indicator_id_m623)s, %(date_m623)s, %(value_m623)s), (%(indicator_id_m624)s, %(date_m624)s, %(value_m624)s), (%(indicator_id_m625)s, %(date_m625)s, %(value_m625)s), (%(indicator_id_m626)s, %(date_m626)s, %(value_m626)s), (%(indicator_id_m627)s, %(date_m627)s, %(value_m627)s), (%(indicator_id_m628)s, %(date_m628)s, %(value_m628)s), (%(indicator_id_m629)s, %(date_m629)s, %(value_m629)s), (%(indicator_id_m630)s, %(date_m630)s, %(value_m630)s), (%(indicator_id_m631)s, %(date_m631)s, %(value_m631)s), (%(indicator_id_m632)s, %(date_m632)s, %(value_m632)s), (%(indicator_id_m633)s, %(date_m633)s, %(value_m633)s), (%(indicator_id_m634)s, %(date_m634)s, %(value_m634)s), (%(indicator_id_m635)s, %(date_m635)s, %(value_m635)s), (%(indicator_id_m636)s, %(date_m636)s, %(value_m636)s), (%(indicator_id_m637)s, %(date_m637)s, %(value_m637)s), (%(indicator_id_m638)s, %(date_m638)s, %(value_m638)s), (%(indicator_id_m639)s, %(date_m639)s, %(value_m639)s), (%(indicator_id_m640)s, %(date_m640)s, %(value_m640)s), (%(indicator_id_m641)s, %(date_m641)s, %(value_m641)s), (%(indicator_id_m642)s, %(date_m642)s, %(value_m642)s), (%(indicator_id_m643)s, %(date_m643)s, %(value_m643)s), (%(indicator_id_m644)s, %(date_m644)s, %(value_m644)s), (%(indicator_id_m645)s, %(date_m645)s, %(value_m645)s), (%(indicator_id_m646)s, %(date_m646)s, %(value_m646)s), (%(indicator_id_m647)s, %(date_m647)s, %(value_m647)s), (%(indicator_id_m648)s, %(date_m648)s, %(value_m648)s), (%(indicator_id_m649)s, %(date_m649)s, %(value_m649)s), (%(indicator_id_m650)s, %(date_m650)s, %(value_m650)s), (%(indicator_id_m651)s, %(date_m651)s, %(value_m651)s), (%(indicator_id_m652)s, %(date_m652)s, %(value_m652)s), (%(indicator_id_m653)s, %(date_m653)s, %(value_m653)s), (%(indicator_id_m654)s, %(date_m654)s, %(value_m654)s), (%(indicator_id_m655)s, %(date_m655)s, %(value_m655)s), (%(indicator_id_m656)s, %(date_m656)s, %(value_m656)s), (%(indicator_id_m657)s, %(date_m657)s, %(value_m657)s), (%(indicator_id_m658)s, %(date_m658)s, %(value_m658)s), (%(indicator_id_m659)s, %(date_m659)s, %(value_m659)s), (%(indicator_id_m660)s, %(date_m660)s, %(value_m660)s), (%(indicator_id_m661)s, %(date_m661)s, %(value_m661)s), (%(indicator_id_m662)s, %(date_m662)s, %(value_m662)s), (%(indicator_id_m663)s, %(date_m663)s, %(value_m663)s), (%(indicator_id_m664)s, %(date_m664)s, %(value_m664)s), (%(indicator_id_m665)s, %(date_m665)s, %(value_m665)s), (%(indicator_id_m666)s, %(date_m666)s, %(value_m666)s), (%(indicator_id_m667)s, %(date_m667)s, %(value_m667)s), (%(indicator_id_m668)s, %(date_m668)s, %(value_m668)s), (%(indicator_id_m669)s, %(date_m669)s, %(value_m669)s), (%(indicator_id_m670)s, %(date_m670)s, %(value_m670)s), (%(indicator_id_m671)s, %(date_m671)s, %(value_m671)s), (%(indicator_id_m672)s, %(date_m672)s, %(value_m672)s), (%(indicator_id_m673)s, %(date_m673)s, %(value_m673)s), (%(indicator_id_m674)s, %(date_m674)s, %(value_m674)s), (%(indicator_id_m675)s, %(date_m675)s, %(value_m675)s), (%(indicator_id_m676)s, %(date_m676)s, %(value_m676)s), (%(indicator_id_m677)s, %(date_m677)s, %(value_m677)s), (%(indicator_id_m678)s, %(date_m678)s, %(value_m678)s), (%(indicator_id_m679)s, %(date_m679)s, %(value_m679)s), (%(indicator_id_m680)s, %(date_m680)s, %(value_m680)s), (%(indicator_id_m681)s, %(date_m681)s, %(value_m681)s), (%(indicator_id_m682)s, %(date_m682)s, %(value_m682)s), (%(indicator_id_m683)s, %(date_m683)s, %(value_m683)s), (%(indicator_id_m684)s, %(date_m684)s, %(value_m684)s), (%(indicator_id_m685)s, %(date_m685)s, %(value_m685)s), (%(indicator_id_m686)s, %(date_m686)s, %(value_m686)s), (%(indicator_id_m687)s, %(date_m687)s, %(value_m687)s), (%(indicator_id_m688)s, %(date_m688)s, %(value_m688)s), (%(indicator_id_m689)s, %(date_m689)s, %(value_m689)s), (%(indicator_id_m690)s, %(date_m690)s, %(value_m690)s), (%(indicator_id_m691)s, %(date_m691)s, %(value_m691)s), (%(indicator_id_m692)s, %(date_m692)s, %(value_m692)s), (%(indicator_id_m693)s, %(date_m693)s, %(value_m693)s), (%(indicator_id_m694)s, %(date_m694)s, %(value_m694)s), (%(indicator_id_m695)s, %(date_m695)s, %(value_m695)s), (%(indicator_id_m696)s, %(date_m696)s, %(value_m696)s), (%(indicator_id_m697)s, %(date_m697)s, %(value_m697)s), (%(indicator_id_m698)s, %(date_m698)s, %(value_m698)s), (%(indicator_id_m699)s, %(date_m699)s, %(value_m699)s), (%(indicator_id_m700)s, %(date_m700)s, %(value_m700)s), (%(indicator_id_m701)s, %(date_m701)s, %(value_m701)s), (%(indicator_id_m702)s, %(date_m702)s, %(value_m702)s), (%(indicator_id_m703)s, %(date_m703)s, %(value_m703)s), (%(indicator_id_m704)s, %(date_m704)s, %(value_m704)s), (%(indicator_id_m705)s, %(date_m705)s, %(value_m705)s), (%(indicator_id_m706)s, %(date_m706)s, %(value_m706)s), (%(indicator_id_m707)s, %(date_m707)s, %(value_m707)s), (%(indicator_id_m708)s, %(date_m708)s, %(value_m708)s), (%(indicator_id_m709)s, %(date_m709)s, %(value_m709)s), (%(indicator_id_m710)s, %(date_m710)s, %(value_m710)s), (%(indicator_id_m711)s, %(date_m711)s, %(value_m711)s), (%(indicator_id_m712)s, %(date_m712)s, %(value_m712)s), (%(indicator_id_m713)s, %(date_m713)s, %(value_m713)s), (%(indicator_id_m714)s, %(date_m714)s, %(value_m714)s), (%(indicator_id_m715)s, %(date_m715)s, %(value_m715)s), (%(indicator_id_m716)s, %(date_m716)s, %(value_m716)s), (%(indicator_id_m717)s, %(date_m717)s, %(value_m717)s), (%(indicator_id_m718)s, %(date_m718)s, %(value_m718)s), (%(indicator_id_m719)s, %(date_m719)s, %(value_m719)s), (%(indicator_id_m720)s, %(date_m720)s, %(value_m720)s), (%(indicator_id_m721)s, %(date_m721)s, %(value_m721)s), (%(indicator_id_m722)s, %(date_m722)s, %(value_m722)s), (%(indicator_id_m723)s, %(date_m723)s, %(value_m723)s), (%(indicator_id_m724)s, %(date_m724)s, %(value_m724)s), (%(indicator_id_m725)s, %(date_m725)s, %(value_m725)s), (%(indicator_id_m726)s, %(date_m726)s, %(value_m726)s), (%(indicator_id_m727)s, %(date_m727)s, %(value_m727)s), (%(indicator_id_m728)s, %(date_m728)s, %(value_m728)s), (%(indicator_id_m729)s, %(date_m729)s, %(value_m729)s), (%(indicator_id_m730)s, %(date_m730)s, %(value_m730)s), (%(indicator_id_m731)s, %(date_m731)s, %(value_m731)s), (%(indicator_id_m732)s, %(date_m732)s, %(value_m732)s), (%(indicator_id_m733)s, %(date_m733)s, %(value_m733)s), (%(indicator_id_m734)s, %(date_m734)s, %(value_m734)s), (%(indicator_id_m735)s, %(date_m735)s, %(value_m735)s), (%(indicator_id_m736)s, %(date_m736)s, %(value_m736)s), (%(indicator_id_m737)s, %(date_m737)s, %(value_m737)s), (%(indicator_id_m738)s, %(date_m738)s, %(value_m738)s), (%(indicator_id_m739)s, %(date_m739)s, %(value_m739)s), (%(indicator_id_m740)s, %(date_m740)s, %(value_m740)s), (%(indicator_id_m741)s, %(date_m741)s, %(value_m741)s), (%(indicator_id_m742)s, %(date_m742)s, %(value_m742)s), (%(indicator_id_m743)s, %(date_m743)s, %(value_m743)s), (%(indicator_id_m744)s, %(date_m744)s, %(value_m744)s), (%(indicator_id_m745)s, %(date_m745)s, %(value_m745)s), (%(indicator_id_m746)s, %(date_m746)s, %(value_m746)s), (%(indicator_id_m747)s, %(date_m747)s, %(value_m747)s), (%(indicator_id_m748)s, %(date_m748)s, %(value_m748)s), (%(indicator_id_m749)s, %(date_m749)s, %(value_m749)s), (%(indicator_id_m750)s, %(date_m750)s, %(value_m750)s), (%(indicator_id_m751)s, %(date_m751)s, %(value_m751)s), (%(indicator_id_m752)s, %(date_m752)s, %(value_m752)s), (%(indicator_id_m753)s, %(date_m753)s, %(value_m753)s), (%(indicator_id_m754)s, %(date_m754)s, %(value_m754)s), (%(indicator_id_m755)s, %(date_m755)s, %(value_m755)s), (%(indicator_id_m756)s, %(date_m756)s, %(value_m756)s), (%(indicator_id_m757)s, %(date_m757)s, %(value_m757)s), (%(indicator_id_m758)s, %(date_m758)s, %(value_m758)s), (%(indicator_id_m759)s, %(date_m759)s, %(value_m759)s), (%(indicator_id_m760)s, %(date_m760)s, %(value_m760)s), (%(indicator_id_m761)s, %(date_m761)s, %(value_m761)s), (%(indicator_id_m762)s, %(date_m762)s, %(value_m762)s), (%(indicator_id_m763)s, %(date_m763)s, %(value_m763)s), (%(indicator_id_m764)s, %(date_m764)s, %(value_m764)s), (%(indicator_id_m765)s, %(date_m765)s, %(value_m765)s), (%(indicator_id_m766)s, %(date_m766)s, %(value_m766)s), (%(indicator_id_m767)s, %(date_m767)s, %(value_m767)s), (%(indicator_id_m768)s, %(date_m768)s, %(value_m768)s), (%(indicator_id_m769)s, %(date_m769)s, %(value_m769)s), (%(indicator_id_m770)s, %(date_m770)s, %(value_m770)s), (%(indicator_id_m771)s, %(date_m771)s, %(value_m771)s), (%(indicator_id_m772)s, %(date_m772)s, %(value_m772)s), (%(indicator_id_m773)s, %(date_m773)s, %(value_m773)s), (%(indicator_id_m774)s, %(date_m774)s, %(value_m774)s), (%(indicator_id_m775)s, %(date_m775)s, %(value_m775)s), (%(indicator_id_m776)s, %(date_m776)s, %(value_m776)s), (%(indicator_id_m777)s, %(date_m777)s, %(value_m777)s), (%(indicator_id_m778)s, %(date_m778)s, %(value_m778)s), (%(indicator_id_m779)s, %(date_m779)s, %(value_m779)s), (%(indicator_id_m780)s, %(date_m780)s, %(value_m780)s), (%(indicator_id_m781)s, %(date_m781)s, %(value_m781)s), (%(indicator_id_m782)s, %(date_m782)s, %(value_m782)s), (%(indicator_id_m783)s, %(date_m783)s, %(value_m783)s), (%(indicator_id_m784)s, %(date_m784)s, %(value_m784)s), (%(indicator_id_m785)s, %(date_m785)s, %(value_m785)s), (%(indicator_id_m786)s, %(date_m786)s, %(value_m786)s), (%(indicator_id_m787)s, %(date_m787)s, %(value_m787)s), (%(indicator_id_m788)s, %(date_m788)s, %(value_m788)s), (%(indicator_id_m789)s, %(date_m789)s, %(value_m789)s), (%(indicator_id_m790)s, %(date_m790)s, %(value_m790)s), (%(indicator_id_m791)s, %(date_m791)s, %(value_m791)s), (%(indicator_id_m792)s, %(date_m792)s, %(value_m792)s), (%(indicator_id_m793)s, %(date_m793)s, %(value_m793)s), (%(indicator_id_m794)s, %(date_m794)s, %(value_m794)s), (%(indicator_id_m795)s, %(date_m795)s, %(value_m795)s), (%(indicator_id_m796)s, %(date_m796)s, %(value_m796)s), (%(indicator_id_m797)s, %(date_m797)s, %(value_m797)s), (%(indicator_id_m798)s, %(date_m798)s, %(value_m798)s), (%(indicator_id_m799)s, %(date_m799)s, %(value_m799)s), (%(indicator_id_m800)s, %(date_m800)s, %(value_m800)s), (%(indicator_id_m801)s, %(date_m801)s, %(value_m801)s), (%(indicator_id_m802)s, %(date_m802)s, %(value_m802)s), (%(indicator_id_m803)s, %(date_m803)s, %(value_m803)s), (%(indicator_id_m804)s, %(date_m804)s, %(value_m804)s), (%(indicator_id_m805)s, %(date_m805)s, %(value_m805)s), (%(indicator_id_m806)s, %(date_m806)s, %(value_m806)s), (%(indicator_id_m807)s, %(date_m807)s, %(value_m807)s), (%(indicator_id_m808)s, %(date_m808)s, %(value_m808)s), (%(indicator_id_m809)s, %(date_m809)s, %(value_m809)s), (%(indicator_id_m810)s, %(date_m810)s, %(value_m810)s), (%(indicator_id_m811)s, %(date_m811)s, %(value_m811)s), (%(indicator_id_m812)s, %(date_m812)s, %(value_m812)s), (%(indicator_id_m813)s, %(date_m813)s, %(value_m813)s), (%(indicator_id_m814)s, %(date_m814)s, %(value_m814)s), (%(indicator_id_m815)s, %(date_m815)s, %(value_m815)s), (%(indicator_id_m816)s, %(date_m816)s, %(value_m816)s), (%(indicator_id_m817)s, %(date_m817)s, %(value_m817)s), (%(indicator_id_m818)s, %(date_m818)s, %(value_m818)s), (%(indicator_id_m819)s, %(date_m819)s, %(value_m819)s), (%(indicator_id_m820)s, %(date_m820)s, %(value_m820)s), (%(indicator_id_m821)s, %(date_m821)s, %(value_m821)s), (%(indicator_id_m822)s, %(date_m822)s, %(value_m822)s), (%(indicator_id_m823)s, %(date_m823)s, %(value_m823)s), (%(indicator_id_m824)s, %(date_m824)s, %(value_m824)s), (%(indicator_id_m825)s, %(date_m825)s, %(value_m825)s), (%(indicator_id_m826)s, %(date_m826)s, %(value_m826)s), (%(indicator_id_m827)s, %(date_m827)s, %(value_m827)s), (%(indicator_id_m828)s, %(date_m828)s, %(value_m828)s), (%(indicator_id_m829)s, %(date_m829)s, %(value_m829)s), (%(indicator_id_m830)s, %(date_m830)s, %(value_m830)s), (%(indicator_id_m831)s, %(date_m831)s, %(value_m831)s), (%(indicator_id_m832)s, %(date_m832)s, %(value_m832)s), (%(indicator_id_m833)s, %(date_m833)s, %(value_m833)s), (%(indicator_id_m834)s, %(date_m834)s, %(value_m834)s), (%(indicator_id_m835)s, %(date_m835)s, %(value_m835)s), (%(indicator_id_m836)s, %(date_m836)s, %(value_m836)s), (%(indicator_id_m837)s, %(date_m837)s, %(value_m837)s), (%(indicator_id_m838)s, %(date_m838)s, %(value_m838)s), (%(indicator_id_m839)s, %(date_m839)s, %(value_m839)s), (%(indicator_id_m840)s, %(date_m840)s, %(value_m840)s), (%(indicator_id_m841)s, %(date_m841)s, %(value_m841)s), (%(indicator_id_m842)s, %(date_m842)s, %(value_m842)s), (%(indicator_id_m843)s, %(date_m843)s, %(value_m843)s), (%(indicator_id_m844)s, %(date_m844)s, %(value_m844)s), (%(indicator_id_m845)s, %(date_m845)s, %(value_m845)s), (%(indicator_id_m846)s, %(date_m846)s, %(value_m846)s), (%(indicator_id_m847)s, %(date_m847)s, %(value_m847)s), (%(indicator_id_m848)s, %(date_m848)s, %(value_m848)s), (%(indicator_id_m849)s, %(date_m849)s, %(value_m849)s), (%(indicator_id_m850)s, %(date_m850)s, %(value_m850)s), (%(indicator_id_m851)s, %(date_m851)s, %(value_m851)s), (%(indicator_id_m852)s, %(date_m852)s, %(value_m852)s), (%(indicator_id_m853)s, %(date_m853)s, %(value_m853)s), (%(indicator_id_m854)s, %(date_m854)s, %(value_m854)s), (%(indicator_id_m855)s, %(date_m855)s, %(value_m855)s), (%(indicator_id_m856)s, %(date_m856)s, %(value_m856)s), (%(indicator_id_m857)s, %(date_m857)s, %(value_m857)s), (%(indicator_id_m858)s, %(date_m858)s, %(value_m858)s), (%(indicator_id_m859)s, %(date_m859)s, %(value_m859)s), (%(indicator_id_m860)s, %(date_m860)s, %(value_m860)s), (%(indicator_id_m861)s, %(date_m861)s, %(value_m861)s), (%(indicator_id_m862)s, %(date_m862)s, %(value_m862)s), (%(indicator_id_m863)s, %(date_m863)s, %(value_m863)s), (%(indicator_id_m864)s, %(date_m864)s, %(value_m864)s), (%(indicator_id_m865)s, %(date_m865)s, %(value_m865)s), (%(indicator_id_m866)s, %(date_m866)s, %(value_m866)s), (%(indicator_id_m867)s, %(date_m867)s, %(value_m867)s), (%(indicator_id_m868)s, %(date_m868)s, %(value_m868)s), (%(indicator_id_m869)s, %(date_m869)s, %(value_m869)s), (%(indicator_id_m870)s, %(date_m870)s, %(value_m870)s), (%(indicator_id_m871)s, %(date_m871)s, %(value_m871)s), (%(indicator_id_m872)s, %(date_m872)s, %(value_m872)s), (%(indicator_id_m873)s, %(date_m873)s, %(value_m873)s), (%(indicator_id_m874)s, %(date_m874)s, %(value_m874)s), (%(indicator_id_m875)s, %(date_m875)s, %(value_m875)s), (%(indicator_id_m876)s, %(date_m876)s, %(value_m876)s), (%(indicator_id_m877)s, %(date_m877)s, %(value_m877)s), (%(indicator_id_m878)s, %(date_m878)s, %(value_m878)s), (%(indicator_id_m879)s, %(date_m879)s, %(value_m879)s), (%(indicator_id_m880)s, %(date_m880)s, %(value_m880)s), (%(indicator_id_m881)s, %(date_m881)s, %(value_m881)s), (%(indicator_id_m882)s, %(date_m882)s, %(value_m882)s), (%(indicator_id_m883)s, %(date_m883)s, %(value_m883)s), (%(indicator_id_m884)s, %(date_m884)s, %(value_m884)s), (%(indicator_id_m885)s, %(date_m885)s, %(value_m885)s), (%(indicator_id_m886)s, %(date_m886)s, %(value_m886)s), (%(indicator_id_m887)s, %(date_m887)s, %(value_m887)s), (%(indicator_id_m888)s, %(date_m888)s, %(value_m888)s), (%(indicator_id_m889)s, %(date_m889)s, %(value_m889)s), (%(indicator_id_m890)s, %(date_m890)s, %(value_m890)s), (%(indicator_id_m891)s, %(date_m891)s, %(value_m891)s), (%(indicator_id_m892)s, %(date_m892)s, %(value_m892)s), (%(indicator_id_m893)s, %(date_m893)s, %(value_m893)s), (%(indicator_id_m894)s, %(date_m894)s, %(value_m894)s), (%(indicator_id_m895)s, %(date_m895)s, %(value_m895)s), (%(indicator_id_m896)s, %(date_m896)s, %(value_m896)s), (%(indicator_id_m897)s, %(date_m897)s, %(value_m897)s), (%(indicator_id_m898)s, %(date_m898)s, %(value_m898)s), (%(indicator_id_m899)s, %(date_m899)s, %(value_m899)s), (%(indicator_id_m900)s, %(date_m900)s, %(value_m900)s), (%(indicator_id_m901)s, %(date_m901)s, %(value_m901)s), (%(indicator_id_m902)s, %(date_m902)s, %(value_m902)s), (%(indicator_id_m903)s, %(date_m903)s, %(value_m903)s), (%(indicator_id_m904)s, %(date_m904)s, %(value_m904)s), (%(indicator_id_m905)s, %(date_m905)s, %(value_m905)s), (%(indicator_id_m906)s, %(date_m906)s, %(value_m906)s), (%(indicator_id_m907)s, %(date_m907)s, %(value_m907)s), (%(indicator_id_m908)s, %(date_m908)s, %(value_m908)s), (%(indicator_id_m909)s, %(date_m909)s, %(value_m909)s), (%(indicator_id_m910)s, %(date_m910)s, %(value_m910)s), (%(indicator_id_m911)s, %(date_m911)s, %(value_m911)s), (%(indicator_id_m912)s, %(date_m912)s, %(value_m912)s), (%(indicator_id_m913)s, %(date_m913)s, %(value_m913)s), (%(indicator_id_m914)s, %(date_m914)s, %(value_m914)s), (%(indicator_id_m915)s, %(date_m915)s, %(value_m915)s), (%(indicator_id_m916)s, %(date_m916)s, %(value_m916)s), (%(indicator_id_m917)s, %(date_m917)s, %(value_m917)s), (%(indicator_id_m918)s, %(date_m918)s, %(value_m918)s), (%(indicator_id_m919)s, %(date_m919)s, %(value_m919)s), (%(indicator_id_m920)s, %(date_m920)s, %(value_m920)s), (%(indicator_id_m921)s, %(date_m921)s, %(value_m921)s), (%(indicator_id_m922)s, %(date_m922)s, %(value_m922)s), (%(indicator_id_m923)s, %(date_m923)s, %(value_m923)s), (%(indicator_id_m924)s, %(date_m924)s, %(value_m924)s), (%(indicator_id_m925)s, %(date_m925)s, %(value_m925)s), (%(indicator_id_m926)s, %(date_m926)s, %(value_m926)s), (%(indicator_id_m927)s, %(date_m927)s, %(value_m927)s), (%(indicator_id_m928)s, %(date_m928)s, %(value_m928)s), (%(indicator_id_m929)s, %(date_m929)s, %(value_m929)s), (%(indicator_id_m930)s, %(date_m930)s, %(value_m930)s), (%(indicator_id_m931)s, %(date_m931)s, %(value_m931)s), (%(indicator_id_m932)s, %(date_m932)s, %(value_m932)s), (%(indicator_id_m933)s, %(date_m933)s, %(value_m933)s), (%(indicator_id_m934)s, %(date_m934)s, %(value_m934)s), (%(indicator_id_m935)s, %(date_m935)s, %(value_m935)s), (%(indicator_id_m936)s, %(date_m936)s, %(value_m936)s), (%(indicator_id_m937)s, %(date_m937)s, %(value_m937)s), (%(indicator_id_m938)s, %(date_m938)s, %(value_m938)s), (%(indicator_id_m939)s, %(date_m939)s, %(value_m939)s), (%(indicator_id_m940)s, %(date_m940)s, %(value_m940)s), (%(indicator_id_m941)s, %(date_m941)s, %(value_m941)s), (%(indicator_id_m942)s, %(date_m942)s, %(value_m942)s), (%(indicator_id_m943)s, %(date_m943)s, %(value_m943)s), (%(indicator_id_m944)s, %(date_m944)s, %(value_m944)s), (%(indicator_id_m945)s, %(date_m945)s, %(value_m945)s), (%(indicator_id_m946)s, %(date_m946)s, %(value_m946)s), (%(indicator_id_m947)s, %(date_m947)s, %(value_m947)s), (%(indicator_id_m948)s, %(date_m948)s, %(value_m948)s), (%(indicator_id_m949)s, %(date_m949)s, %(value_m949)s), (%(indicator_id_m950)s, %(date_m950)s, %(value_m950)s), (%(indicator_id_m951)s, %(date_m951)s, %(value_m951)s), (%(indicator_id_m952)s, %(date_m952)s, %(value_m952)s), (%(indicator_id_m953)s, %(date_m953)s, %(value_m953)s), (%(indicator_id_m954)s, %(date_m954)s, %(value_m954)s), (%(indicator_id_m955)s, %(date_m955)s, %(value_m955)s), (%(indicator_id_m956)s, %(date_m956)s, %(value_m956)s), (%(indicator_id_m957)s, %(date_m957)s, %(value_m957)s), (%(indicator_id_m958)s, %(date_m958)s, %(value_m958)s), (%(indicator_id_m959)s, %(date_m959)s, %(value_m959)s), (%(indicator_id_m960)s, %(date_m960)s, %(value_m960)s), (%(indicator_id_m961)s, %(date_m961)s, %(value_m961)s), (%(indicator_id_m962)s, %(date_m962)s, %(value_m962)s), (%(indicator_id_m963)s, %(date_m963)s, %(value_m963)s), (%(indicator_id_m964)s, %(date_m964)s, %(value_m964)s), (%(indicator_id_m965)s, %(date_m965)s, %(value_m965)s), (%(indicator_id_m966)s, %(date_m966)s, %(value_m966)s), (%(indicator_id_m967)s, %(date_m967)s, %(value_m967)s), (%(indicator_id_m968)s, %(date_m968)s, %(value_m968)s), (%(indicator_id_m969)s, %(date_m969)s, %(value_m969)s), (%(indicator_id_m970)s, %(date_m970)s, %(value_m970)s), (%(indicator_id_m971)s, %(date_m971)s, %(value_m971)s), (%(indicator_id_m972)s, %(date_m972)s, %(value_m972)s), (%(indicator_id_m973)s, %(date_m973)s, %(value_m973)s), (%(indicator_id_m974)s, %(date_m974)s, %(value_m974)s), (%(indicator_id_m975)s, %(date_m975)s, %(value_m975)s), (%(indicator_id_m976)s, %(date_m976)s, %(value_m976)s), (%(indicator_id_m977)s, %(date_m977)s, %(value_m977)s), (%(indicator_id_m978)s, %(date_m978)s, %(value_m978)s), (%(indicator_id_m979)s, %(date_m979)s, %(value_m979)s), (%(indicator_id_m980)s, %(date_m980)s, %(value_m980)s), (%(indicator_id_m981)s, %(date_m981)s, %(value_m981)s), (%(indicator_id_m982)s, %(date_m982)s, %(value_m982)s), (%(indicator_id_m983)s, %(date_m983)s, %(value_m983)s), (%(indicator_id_m984)s, %(date_m984)s, %(value_m984)s), (%(indicator_id_m985)s, %(date_m985)s, %(value_m985)s), (%(indicator_id_m986)s, %(date_m986)s, %(value_m986)s), (%(indicator_id_m987)s, %(date_m987)s, %(value_m987)s), (%(indicator_id_m988)s, %(date_m988)s, %(value_m988)s), (%(indicator_id_m989)s, %(date_m989)s, %(value_m989)s), (%(indicator_id_m990)s, %(date_m990)s, %(value_m990)s), (%(indicator_id_m991)s, %(date_m991)s, %(value_m991)s), (%(indicator_id_m992)s, %(date_m992)s, %(value_m992)s), (%(indicator_id_m993)s, %(date_m993)s, %(value_m993)s), (%(indicator_id_m994)s, %(date_m994)s, %(value_m994)s), (%(indicator_id_m995)s, %(date_m995)s, %(value_m995)s), (%(indicator_id_m996)s, %(date_m996)s, %(value_m996)s), (%(indicator_id_m997)s, %(date_m997)s, %(value_m997)s), (%(indicator_id_m998)s, %(date_m998)s, %(value_m998)s), (%(indicator_id_m999)s, %(date_m999)s, %(value_m999)s), (%(indicator_id_m1000)s, %(date_m1000)s, %(value_m1000)s), (%(indicator_id_m1001)s, %(date_m1001)s, %(value_m1001)s), (%(indicator_id_m1002)s, %(date_m1002)s, %(value_m1002)s), (%(indicator_id_m1003)s, %(date_m1003)s, %(value_m1003)s), (%(indicator_id_m1004)s, %(date_m1004)s, %(value_m1004)s), (%(indicator_id_m1005)s, %(date_m1005)s, %(value_m1005)s), (%(indicator_id_m1006)s, %(date_m1006)s, %(value_m1006)s), (%(indicator_id_m1007)s, %(date_m1007)s, %(value_m1007)s), (%(indicator_id_m1008)s, %(date_m1008)s, %(value_m1008)s), (%(indicator_id_m1009)s, %(date_m1009)s, %(value_m1009)s), (%(indicator_id_m1010)s, %(date_m1010)s, %(value_m1010)s), (%(indicator_id_m1011)s, %(date_m1011)s, %(value_m1011)s), (%(indicator_id_m1012)s, %(date_m1012)s, %(value_m1012)s), (%(indicator_id_m1013)s, %(date_m1013)s, %(value_m1013)s), (%(indicator_id_m1014)s, %(date_m1014)s, %(value_m1014)s), (%(indicator_id_m1015)s, %(date_m1015)s, %(value_m1015)s), (%(indicator_id_m1016)s, %(date_m1016)s, %(value_m1016)s), (%(indicator_id_m1017)s, %(date_m1017)s, %(value_m1017)s), (%(indicator_id_m1018)s, %(date_m1018)s, %(value_m1018)s), (%(indicator_id_m1019)s, %(date_m1019)s, %(value_m1019)s), (%(indicator_id_m1020)s, %(date_m1020)s, %(value_m1020)s), (%(indicator_id_m1021)s, %(date_m1021)s, %(value_m1021)s), (%(indicator_id_m1022)s, %(date_m1022)s, %(value_m1022)s), (%(indicator_id_m1023)s, %(date_m1023)s, %(value_m1023)s), (%(indicator_id_m1024)s, %(date_m1024)s, %(value_m1024)s), (%(indicator_id_m1025)s, %(date_m1025)s, %(value_m1025)s), (%(indicator_id_m1026)s, %(date_m1026)s, %(value_m1026)s), (%(indicator_id_m1027)s, %(date_m1027)s, %(value_m1027)s), (%(indicator_id_m1028)s, %(date_m1028)s, %(value_m1028)s), (%(indicator_id_m1029)s, %(date_m1029)s, %(value_m1029)s), (%(indicator_id_m1030)s, %(date_m1030)s, %(value_m1030)s), (%(indicator_id_m1031)s, %(date_m1031)s, %(value_m1031)s), (%(indicator_id_m1032)s, %(date_m1032)s, %(value_m1032)s), (%(indicator_id_m1033)s, %(date_m1033)s, %(value_m1033)s), (%(indicator_id_m1034)s, %(date_m1034)s, %(value_m1034)s), (%(indicator_id_m1035)s, %(date_m1035)s, %(value_m1035)s), (%(indicator_id_m1036)s, %(date_m1036)s, %(value_m1036)s), (%(indicator_id_m1037)s, %(date_m1037)s, %(value_m1037)s), (%(indicator_id_m1038)s, %(date_m1038)s, %(value_m1038)s), (%(indicator_id_m1039)s, %(date_m1039)s, %(value_m1039)s), (%(indicator_id_m1040)s, %(date_m1040)s, %(value_m1040)s), (%(indicator_id_m1041)s, %(date_m1041)s, %(value_m1041)s), (%(indicator_id_m1042)s, %(date_m1042)s, %(value_m1042)s), (%(indicator_id_m1043)s, %(date_m1043)s, %(value_m1043)s), (%(indicator_id_m1044)s, %(date_m1044)s, %(value_m1044)s), (%(indicator_id_m1045)s, %(date_m1045)s, %(value_m1045)s), (%(indicator_id_m1046)s, %(date_m1046)s, %(value_m1046)s), (%(indicator_id_m1047)s, %(date_m1047)s, %(value_m1047)s), (%(indicator_id_m1048)s, %(date_m1048)s, %(value_m1048)s), (%(indicator_id_m1049)s, %(date_m1049)s, %(value_m1049)s), (%(indicator_id_m1050)s, %(date_m1050)s, %(value_m1050)s), (%(indicator_id_m1051)s, %(date_m1051)s, %(value_m1051)s), (%(indicator_id_m1052)s, %(date_m1052)s, %(value_m1052)s), (%(indicator_id_m1053)s, %(date_m1053)s, %(value_m1053)s), (%(indicator_id_m1054)s, %(date_m1054)s, %(value_m1054)s), (%(indicator_id_m1055)s, %(date_m1055)s, %(value_m1055)s), (%(indicator_id_m1056)s, %(date_m1056)s, %(value_m1056)s), (%(indicator_id_m1057)s, %(date_m1057)s, %(value_m1057)s), (%(indicator_id_m1058)s, %(date_m1058)s, %(value_m1058)s), (%(indicator_id_m1059)s, %(date_m1059)s, %(value_m1059)s), (%(indicator_id_m1060)s, %(date_m1060)s, %(value_m1060)s), (%(indicator_id_m1061)s, %(date_m1061)s, %(value_m1061)s), (%(indicator_id_m1062)s, %(date_m1062)s, %(value_m1062)s), (%(indicator_id_m1063)s, %(date_m1063)s, %(value_m1063)s), (%(indicator_id_m1064)s, %(date_m1064)s, %(value_m1064)s), (%(indicator_id_m1065)s, %(date_m1065)s, %(value_m1065)s), (%(indicator_id_m1066)s, %(date_m1066)s, %(value_m1066)s), (%(indicator_id_m1067)s, %(date_m1067)s, %(value_m1067)s), (%(indicator_id_m1068)s, %(date_m1068)s, %(value_m1068)s), (%(indicator_id_m1069)s, %(date_m1069)s, %(value_m1069)s), (%(indicator_id_m1070)s, %(date_m1070)s, %(value_m1070)s), (%(indicator_id_m1071)s, %(date_m1071)s, %(value_m1071)s), (%(indicator_id_m1072)s, %(date_m1072)s, %(value_m1072)s), (%(indicator_id_m1073)s, %(date_m1073)s, %(value_m1073)s), (%(indicator_id_m1074)s, %(date_m1074)s, %(value_m1074)s), (%(indicator_id_m1075)s, %(date_m1075)s, %(value_m1075)s), (%(indicator_id_m1076)s, %(date_m1076)s, %(value_m1076)s), (%(indicator_id_m1077)s, %(date_m1077)s, %(value_m1077)s), (%(indicator_id_m1078)s, %(date_m1078)s, %(value_m1078)s), (%(indicator_id_m1079)s, %(date_m1079)s, %(value_m1079)s), (%(indicator_id_m1080)s, %(date_m1080)s, %(value_m1080)s), (%(indicator_id_m1081)s, %(date_m1081)s, %(value_m1081)s), (%(indicator_id_m1082)s, %(date_m1082)s, %(value_m1082)s), (%(indicator_id_m1083)s, %(date_m1083)s, %(value_m1083)s), (%(indicator_id_m1084)s, %(date_m1084)s, %(value_m1084)s), (%(indicator_id_m1085)s, %(date_m1085)s, %(value_m1085)s), (%(indicator_id_m1086)s, %(date_m1086)s, %(value_m1086)s), (%(indicator_id_m1087)s, %(date_m1087)s, %(value_m1087)s), (%(indicator_id_m1088)s, %(date_m1088)s, %(value_m1088)s), (%(indicator_id_m1089)s, %(date_m1089)s, %(value_m1089)s), (%(indicator_id_m1090)s, %(date_m1090)s, %(value_m1090)s), (%(indicator_id_m1091)s, %(date_m1091)s, %(value_m1091)s), (%(indicator_id_m1092)s, %(date_m1092)s, %(value_m1092)s), (%(indicator_id_m1093)s, %(date_m1093)s, %(value_m1093)s), (%(indicator_id_m1094)s, %(date_m1094)s, %(value_m1094)s), (%(indicator_id_m1095)s, %(date_m1095)s, %(value_m1095)s), (%(indicator_id_m1096)s, %(date_m1096)s, %(value_m1096)s), (%(indicator_id_m1097)s, %(date_m1097)s, %(value_m1097)s), (%(indicator_id_m1098)s, %(date_m1098)s, %(value_m1098)s), (%(indicator_id_m1099)s, %(date_m1099)s, %(value_m1099)s), (%(indicator_id_m1100)s, %(date_m1100)s, %(value_m1100)s), (%(indicator_id_m1101)s, %(date_m1101)s, %(value_m1101)s), (%(indicator_id_m1102)s, %(date_m1102)s, %(value_m1102)s), (%(indicator_id_m1103)s, %(date_m1103)s, %(value_m1103)s), (%(indicator_id_m1104)s, %(date_m1104)s, %(value_m1104)s), (%(indicator_id_m1105)s, %(date_m1105)s, %(value_m1105)s), (%(indicator_id_m1106)s, %(date_m1106)s, %(value_m1106)s), (%(indicator_id_m1107)s, %(date_m1107)s, %(value_m1107)s), (%(indicator_id_m1108)s, %(date_m1108)s, %(value_m1108)s), (%(indicator_id_m1109)s, %(date_m1109)s, %(value_m1109)s), (%(indicator_id_m1110)s, %(date_m1110)s, %(value_m1110)s), (%(indicator_id_m1111)s, %(date_m1111)s, %(value_m1111)s), (%(indicator_id_m1112)s, %(date_m1112)s, %(value_m1112)s), (%(indicator_id_m1113)s, %(date_m1113)s, %(value_m1113)s), (%(indicator_id_m1114)s, %(date_m1114)s, %(value_m1114)s), (%(indicator_id_m1115)s, %(date_m1115)s, %(value_m1115)s), (%(indicator_id_m1116)s, %(date_m1116)s, %(value_m1116)s), (%(indicator_id_m1117)s, %(date_m1117)s, %(value_m1117)s), (%(indicator_id_m1118)s, %(date_m1118)s, %(value_m1118)s), (%(indicator_id_m1119)s, %(date_m1119)s, %(value_m1119)s), (%(indicator_id_m1120)s, %(date_m1120)s, %(value_m1120)s), (%(indicator_id_m1121)s, %(date_m1121)s, %(value_m1121)s), (%(indicator_id_m1122)s, %(date_m1122)s, %(value_m1122)s), (%(indicator_id_m1123)s, %(date_m1123)s, %(value_m1123)s), (%(indicator_id_m1124)s, %(date_m1124)s, %(value_m1124)s), (%(indicator_id_m1125)s, %(date_m1125)s, %(value_m1125)s), (%(indicator_id_m1126)s, %(date_m1126)s, %(value_m1126)s), (%(indicator_id_m1127)s, %(date_m1127)s, %(value_m1127)s), (%(indicator_id_m1128)s, %(date_m1128)s, %(value_m1128)s), (%(indicator_id_m1129)s, %(date_m1129)s, %(value_m1129)s), (%(indicator_id_m1130)s, %(date_m1130)s, %(value_m1130)s), (%(indicator_id_m1131)s, %(date_m1131)s, %(value_m1131)s), (%(indicator_id_m1132)s, %(date_m1132)s, %(value_m1132)s), (%(indicator_id_m1133)s, %(date_m1133)s, %(value_m1133)s), (%(indicator_id_m1134)s, %(date_m1134)s, %(value_m1134)s), (%(indicator_id_m1135)s, %(date_m1135)s, %(value_m1135)s), (%(indicator_id_m1136)s, %(date_m1136)s, %(value_m1136)s), (%(indicator_id_m1137)s, %(date_m1137)s, %(value_m1137)s), (%(indicator_id_m1138)s, %(date_m1138)s, %(value_m1138)s), (%(indicator_id_m1139)s, %(date_m1139)s, %(value_m1139)s), (%(indicator_id_m1140)s, %(date_m1140)s, %(value_m1140)s), (%(indicator_id_m1141)s, %(date_m1141)s, %(value_m1141)s), (%(indicator_id_m1142)s, %(date_m1142)s, %(value_m1142)s), (%(indicator_id_m1143)s, %(date_m1143)s, %(value_m1143)s), (%(indicator_id_m1144)s, %(date_m1144)s, %(value_m1144)s), (%(indicator_id_m1145)s, %(date_m1145)s, %(value_m1145)s), (%(indicator_id_m1146)s, %(date_m1146)s, %(value_m1146)s), (%(indicator_id_m1147)s, %(date_m1147)s, %(value_m1147)s), (%(indicator_id_m1148)s, %(date_m1148)s, %(value_m1148)s), (%(indicator_id_m1149)s, %(date_m1149)s, %(value_m1149)s), (%(indicator_id_m1150)s, %(date_m1150)s, %(value_m1150)s), (%(indicator_id_m1151)s, %(date_m1151)s, %(value_m1151)s), (%(indicator_id_m1152)s, %(date_m1152)s, %(value_m1152)s), (%(indicator_id_m1153)s, %(date_m1153)s, %(value_m1153)s), (%(indicator_id_m1154)s, %(date_m1154)s, %(value_m1154)s), (%(indicator_id_m1155)s, %(date_m1155)s, %(value_m1155)s), (%(indicator_id_m1156)s, %(date_m1156)s, %(value_m1156)s), (%(indicator_id_m1157)s, %(date_m1157)s, %(value_m1157)s), (%(indicator_id_m1158)s, %(date_m1158)s, %(value_m1158)s), (%(indicator_id_m1159)s, %(date_m1159)s, %(value_m1159)s), (%(indicator_id_m1160)s, %(date_m1160)s, %(value_m1160)s), (%(indicator_id_m1161)s, %(date_m1161)s, %(value_m1161)s), (%(indicator_id_m1162)s, %(date_m1162)s, %(value_m1162)s), (%(indicator_id_m1163)s, %(date_m1163)s, %(value_m1163)s), (%(indicator_id_m1164)s, %(date_m1164)s, %(value_m1164)s), (%(indicator_id_m1165)s, %(date_m1165)s, %(value_m1165)s), (%(indicator_id_m1166)s, %(date_m1166)s, %(value_m1166)s), (%(indicator_id_m1167)s, %(date_m1167)s, %(value_m1167)s), (%(indicator_id_m1168)s, %(date_m1168)s, %(value_m1168)s), (%(indicator_id_m1169)s, %(date_m1169)s, %(value_m1169)s), (%(indicator_id_m1170)s, %(date_m1170)s, %(value_m1170)s), (%(indicator_id_m1171)s, %(date_m1171)s, %(value_m1171)s), (%(indicator_id_m1172)s, %(date_m1172)s, %(value_m1172)s), (%(indicator_id_m1173)s, %(date_m1173)s, %(value_m1173)s), (%(indicator_id_m1174)s, %(date_m1174)s, %(value_m1174)s), (%(indicator_id_m1175)s, %(date_m1175)s, %(value_m1175)s), (%(indicator_id_m1176)s, %(date_m1176)s, %(value_m1176)s), (%(indicator_id_m1177)s, %(date_m1177)s, %(value_m1177)s), (%(indicator_id_m1178)s, %(date_m1178)s, %(value_m1178)s), (%(indicator_id_m1179)s, %(date_m1179)s, %(value_m1179)s), (%(indicator_id_m1180)s, %(date_m1180)s, %(value_m1180)s), (%(indicator_id_m1181)s, %(date_m1181)s, %(value_m1181)s), (%(indicator_id_m1182)s, %(date_m1182)s, %(value_m1182)s), (%(indicator_id_m1183)s, %(date_m1183)s, %(value_m1183)s), (%(indicator_id_m1184)s, %(date_m1184)s, %(value_m1184)s), (%(indicator_id_m1185)s, %(date_m1185)s, %(value_m1185)s), (%(indicator_id_m1186)s, %(date_m1186)s, %(value_m1186)s), (%(indicator_id_m1187)s, %(date_m1187)s, %(value_m1187)s), (%(indicator_id_m1188)s, %(date_m1188)s, %(value_m1188)s), (%(indicator_id_m1189)s, %(date_m1189)s, %(value_m1189)s), (%(indicator_id_m1190)s, %(date_m1190)s, %(value_m1190)s), (%(indicator_id_m1191)s, %(date_m1191)s, %(value_m1191)s), (%(indicator_id_m1192)s, %(date_m1192)s, %(value_m1192)s), (%(indicator_id_m1193)s, %(date_m1193)s, %(value_m1193)s), (%(indicator_id_m1194)s, %(date_m1194)s, %(value_m1194)s), (%(indicator_id_m1195)s, %(date_m1195)s, %(value_m1195)s), (%(indicator_id_m1196)s, %(date_m1196)s, %(value_m1196)s), (%(indicator_id_m1197)s, %(date_m1197)s, %(value_m1197)s), (%(indicator_id_m1198)s, %(date_m1198)s, %(value_m1198)s), (%(indicator_id_m1199)s, %(date_m1199)s, %(value_m1199)s), (%(indicator_id_m1200)s, %(date_m1200)s, %(value_m1200)s), (%(indicator_id_m1201)s, %(date_m1201)s, %(value_m1201)s), (%(indicator_id_m1202)s, %(date_m1202)s, %(value_m1202)s), (%(indicator_id_m1203)s, %(date_m1203)s, %(value_m1203)s), (%(indicator_id_m1204)s, %(date_m1204)s, %(value_m1204)s), (%(indicator_id_m1205)s, %(date_m1205)s, %(value_m1205)s), (%(indicator_id_m1206)s, %(date_m1206)s, %(value_m1206)s), (%(indicator_id_m1207)s, %(date_m1207)s, %(value_m1207)s), (%(indicator_id_m1208)s, %(date_m1208)s, %(value_m1208)s), (%(indicator_id_m1209)s, %(date_m1209)s, %(value_m1209)s), (%(indicator_id_m1210)s, %(date_m1210)s, %(value_m1210)s), (%(indicator_id_m1211)s, %(date_m1211)s, %(value_m1211)s), (%(indicator_id_m1212)s, %(date_m1212)s, %(value_m1212)s), (%(indicator_id_m1213)s, %(date_m1213)s, %(value_m1213)s), (%(indicator_id_m1214)s, %(date_m1214)s, %(value_m1214)s), (%(indicator_id_m1215)s, %(date_m1215)s, %(value_m1215)s), (%(indicator_id_m1216)s, %(date_m1216)s, %(value_m1216)s), (%(indicator_id_m1217)s, %(date_m1217)s, %(value_m1217)s), (%(indicator_id_m1218)s, %(date_m1218)s, %(value_m1218)s), (%(indicator_id_m1219)s, %(date_m1219)s, %(value_m1219)s), (%(indicator_id_m1220)s, %(date_m1220)s, %(value_m1220)s), (%(indicator_id_m1221)s, %(date_m1221)s, %(value_m1221)s), (%(indicator_id_m1222)s, %(date_m1222)s, %(value_m1222)s), (%(indicator_id_m1223)s, %(date_m1223)s, %(value_m1223)s), (%(indicator_id_m1224)s, %(date_m1224)s, %(value_m1224)s), (%(indicator_id_m1225)s, %(date_m1225)s, %(value_m1225)s), (%(indicator_id_m1226)s, %(date_m1226)s, %(value_m1226)s), (%(indicator_id_m1227)s, %(date_m1227)s, %(value_m1227)s), (%(indicator_id_m1228)s, %(date_m1228)s, %(value_m1228)s), (%(indicator_id_m1229)s, %(date_m1229)s, %(value_m1229)s), (%(indicator_id_m1230)s, %(date_m1230)s, %(value_m1230)s), (%(indicator_id_m1231)s, %(date_m1231)s, %(value_m1231)s), (%(indicator_id_m1232)s, %(date_m1232)s, %(value_m1232)s), (%(indicator_id_m1233)s, %(date_m1233)s, %(value_m1233)s), (%(indicator_id_m1234)s, %(date_m1234)s, %(value_m1234)s), (%(indicator_id_m1235)s, %(date_m1235)s, %(value_m1235)s), (%(indicator_id_m1236)s, %(date_m1236)s, %(value_m1236)s), (%(indicator_id_m1237)s, %(date_m1237)s, %(value_m1237)s), (%(indicator_id_m1238)s, %(date_m1238)s, %(value_m1238)s), (%(indicator_id_m1239)s, %(date_m1239)s, %(value_m1239)s), (%(indicator_id_m1240)s, %(date_m1240)s, %(value_m1240)s), (%(indicator_id_m1241)s, %(date_m1241)s, %(value_m1241)s), (%(indicator_id_m1242)s, %(date_m1242)s, %(value_m1242)s), (%(indicator_id_m1243)s, %(date_m1243)s, %(value_m1243)s), (%(indicator_id_m1244)s, %(date_m1244)s, %(value_m1244)s), (%(indicator_id_m1245)s, %(date_m1245)s, %(value_m1245)s), (%(indicator_id_m1246)s, %(date_m1246)s, %(value_m1246)s), (%(indicator_id_m1247)s, %(date_m1247)s, %(value_m1247)s), (%(indicator_id_m1248)s, %(date_m1248)s, %(value_m1248)s), (%(indicator_id_m1249)s, %(date_m1249)s, %(value_m1249)s), (%(indicator_id_m1250)s, %(date_m1250)s, %(value_m1250)s), (%(indicator_id_m1251)s, %(date_m1251)s, %(value_m1251)s), (%(indicator_id_m1252)s, %(date_m1252)s, %(value_m1252)s), (%(indicator_id_m1253)s, %(date_m1253)s, %(value_m1253)s), (%(indicator_id_m1254)s, %(date_m1254)s, %(value_m1254)s), (%(indicator_id_m1255)s, %(date_m1255)s, %(value_m1255)s), (%(indicator_id_m1256)s, %(date_m1256)s, %(value_m1256)s), (%(indicator_id_m1257)s, %(date_m1257)s, %(value_m1257)s), (%(indicator_id_m1258)s, %(date_m1258)s, %(value_m1258)s), (%(indicator_id_m1259)s, %(date_m1259)s, %(value_m1259)s), (%(indicator_id_m1260)s, %(date_m1260)s, %(value_m1260)s), (%(indicator_id_m1261)s, %(date_m1261)s, %(value_m1261)s), (%(indicator_id_m1262)s, %(date_m1262)s, %(value_m1262)s), (%(indicator_id_m1263)s, %(date_m1263)s, %(value_m1263)s), (%(indicator_id_m1264)s, %(date_m1264)s, %(value_m1264)s), (%(indicator_id_m1265)s, %(date_m1265)s, %(value_m1265)s), (%(indicator_id_m1266)s, %(date_m1266)s, %(value_m1266)s), (%(indicator_id_m1267)s, %(date_m1267)s, %(value_m1267)s), (%(indicator_id_m1268)s, %(date_m1268)s, %(value_m1268)s), (%(indicator_id_m1269)s, %(date_m1269)s, %(value_m1269)s), (%(indicator_id_m1270)s, %(date_m1270)s, %(value_m1270)s), (%(indicator_id_m1271)s, %(date_m1271)s, %(value_m1271)s), (%(indicator_id_m1272)s, %(date_m1272)s, %(value_m1272)s), (%(indicator_id_m1273)s, %(date_m1273)s, %(value_m1273)s), (%(indicator_id_m1274)s, %(date_m1274)s, %(value_m1274)s), (%(indicator_id_m1275)s, %(date_m1275)s, %(value_m1275)s), (%(indicator_id_m1276)s, %(date_m1276)s, %(value_m1276)s), (%(indicator_id_m1277)s, %(date_m1277)s, %(value_m1277)s), (%(indicator_id_m1278)s, %(date_m1278)s, %(value_m1278)s), (%(indicator_id_m1279)s, %(date_m1279)s, %(value_m1279)s), (%(indicator_id_m1280)s, %(date_m1280)s, %(value_m1280)s), (%(indicator_id_m1281)s, %(date_m1281)s, %(value_m1281)s), (%(indicator_id_m1282)s, %(date_m1282)s, %(value_m1282)s), (%(indicator_id_m1283)s, %(date_m1283)s, %(value_m1283)s), (%(indicator_id_m1284)s, %(date_m1284)s, %(value_m1284)s), (%(indicator_id_m1285)s, %(date_m1285)s, %(value_m1285)s), (%(indicator_id_m1286)s, %(date_m1286)s, %(value_m1286)s), (%(indicator_id_m1287)s, %(date_m1287)s, %(value_m1287)s), (%(indicator_id_m1288)s, %(date_m1288)s, %(value_m1288)s), (%(indicator_id_m1289)s, %(date_m1289)s, %(value_m1289)s), (%(indicator_id_m1290)s, %(date_m1290)s, %(value_m1290)s), (%(indicator_id_m1291)s, %(date_m1291)s, %(value_m1291)s), (%(indicator_id_m1292)s, %(date_m1292)s, %(value_m1292)s), (%(indicator_id_m1293)s, %(date_m1293)s, %(value_m1293)s), (%(indicator_id_m1294)s, %(date_m1294)s, %(value_m1294)s), (%(indicator_id_m1295)s, %(date_m1295)s, %(value_m1295)s), (%(indicator_id_m1296)s, %(date_m1296)s, %(value_m1296)s), (%(indicator_id_m1297)s, %(date_m1297)s, %(value_m1297)s), (%(indicator_id_m1298)s, %(date_m1298)s, %(value_m1298)s), (%(indicator_id_m1299)s, %(date_m1299)s, %(value_m1299)s), (%(indicator_id_m1300)s, %(date_m1300)s, %(value_m1300)s), (%(indicator_id_m1301)s, %(date_m1301)s, %(value_m1301)s), (%(indicator_id_m1302)s, %(date_m1302)s, %(value_m1302)s), (%(indicator_id_m1303)s, %(date_m1303)s, %(value_m1303)s), (%(indicator_id_m1304)s, %(date_m1304)s, %(value_m1304)s), (%(indicator_id_m1305)s, %(date_m1305)s, %(value_m1305)s), (%(indicator_id_m1306)s, %(date_m1306)s, %(value_m1306)s), (%(indicator_id_m1307)s, %(date_m1307)s, %(value_m1307)s), (%(indicator_id_m1308)s, %(date_m1308)s, %(value_m1308)s), (%(indicator_id_m1309)s, %(date_m1309)s, %(value_m1309)s), (%(indicator_id_m1310)s, %(date_m1310)s, %(value_m1310)s), (%(indicator_id_m1311)s, %(date_m1311)s, %(value_m1311)s), (%(indicator_id_m1312)s, %(date_m1312)s, %(value_m1312)s), (%(indicator_id_m1313)s, %(date_m1313)s, %(value_m1313)s), (%(indicator_id_m1314)s, %(date_m1314)s, %(value_m1314)s), (%(indicator_id_m1315)s, %(date_m1315)s, %(value_m1315)s), (%(indicator_id_m1316)s, %(date_m1316)s, %(value_m1316)s), (%(indicator_id_m1317)s, %(date_m1317)s, %(value_m1317)s), (%(indicator_id_m1318)s, %(date_m1318)s, %(value_m1318)s), (%(indicator_id_m1319)s, %(date_m1319)s, %(value_m1319)s), (%(indicator_id_m1320)s, %(date_m1320)s, %(value_m1320)s), (%(indicator_id_m1321)s, %(date_m1321)s, %(value_m1321)s), (%(indicator_id_m1322)s, %(date_m1322)s, %(value_m1322)s), (%(indicator_id_m1323)s, %(date_m1323)s, %(value_m1323)s), (%(indicator_id_m1324)s, %(date_m1324)s, %(value_m1324)s), (%(indicator_id_m1325)s, %(date_m1325)s, %(value_m1325)s), (%(indicator_id_m1326)s, %(date_m1326)s, %(value_m1326)s), (%(indicator_id_m1327)s, %(date_m1327)s, %(value_m1327)s), (%(indicator_id_m1328)s, %(date_m1328)s, %(value_m1328)s), (%(indicator_id_m1329)s, %(date_m1329)s, %(value_m1329)s), (%(indicator_id_m1330)s, %(date_m1330)s, %(value_m1330)s), (%(indicator_id_m1331)s, %(date_m1331)s, %(value_m1331)s), (%(indicator_id_m1332)s, %(date_m1332)s, %(value_m1332)s), (%(indicator_id_m1333)s, %(date_m1333)s, %(value_m1333)s), (%(indicator_id_m1334)s, %(date_m1334)s, %(value_m1334)s), (%(indicator_id_m1335)s, %(date_m1335)s, %(value_m1335)s), (%(indicator_id_m1336)s, %(date_m1336)s, %(value_m1336)s), (%(indicator_id_m1337)s, %(date_m1337)s, %(value_m1337)s), (%(indicator_id_m1338)s, %(date_m1338)s, %(value_m1338)s), (%(indicator_id_m1339)s, %(date_m1339)s, %(value_m1339)s), (%(indicator_id_m1340)s, %(date_m1340)s, %(value_m1340)s), (%(indicator_id_m1341)s, %(date_m1341)s, %(value_m1341)s), (%(indicator_id_m1342)s, %(date_m1342)s, %(value_m1342)s), (%(indicator_id_m1343)s, %(date_m1343)s, %(value_m1343)s), (%(indicator_id_m1344)s, %(date_m1344)s, %(value_m1344)s), (%(indicator_id_m1345)s, %(date_m1345)s, %(value_m1345)s), (%(indicator_id_m1346)s, %(date_m1346)s, %(value_m1346)s), (%(indicator_id_m1347)s, %(date_m1347)s, %(value_m1347)s), (%(indicator_id_m1348)s, %(date_m1348)s, %(value_m1348)s), (%(indicator_id_m1349)s, %(date_m1349)s, %(value_m1349)s), (%(indicator_id_m1350)s, %(date_m1350)s, %(value_m1350)s), (%(indicator_id_m1351)s, %(date_m1351)s, %(value_m1351)s), (%(indicator_id_m1352)s, %(date_m1352)s, %(value_m1352)s), (%(indicator_id_m1353)s, %(date_m1353)s, %(value_m1353)s), (%(indicator_id_m1354)s, %(date_m1354)s, %(value_m1354)s), (%(indicator_id_m1355)s, %(date_m1355)s, %(value_m1355)s), (%(indicator_id_m1356)s, %(date_m1356)s, %(value_m1356)s), (%(indicator_id_m1357)s, %(date_m1357)s, %(value_m1357)s), (%(indicator_id_m1358)s, %(date_m1358)s, %(value_m1358)s), (%(indicator_id_m1359)s, %(date_m1359)s, %(value_m1359)s), (%(indicator_id_m1360)s, %(date_m1360)s, %(value_m1360)s), (%(indicator_id_m1361)s, %(date_m1361)s, %(value_m1361)s), (%(indicator_id_m1362)s, %(date_m1362)s, %(value_m1362)s), (%(indicator_id_m1363)s, %(date_m1363)s, %(value_m1363)s), (%(indicator_id_m1364)s, %(date_m1364)s, %(value_m1364)s), (%(indicator_id_m1365)s, %(date_m1365)s, %(value_m1365)s), (%(indicator_id_m1366)s, %(date_m1366)s, %(value_m1366)s), (%(indicator_id_m1367)s, %(date_m1367)s, %(value_m1367)s), (%(indicator_id_m1368)s, %(date_m1368)s, %(value_m1368)s), (%(indicator_id_m1369)s, %(date_m1369)s, %(value_m1369)s), (%(indicator_id_m1370)s, %(date_m1370)s, %(value_m1370)s), (%(indicator_id_m1371)s, %(date_m1371)s, %(value_m1371)s), (%(indicator_id_m1372)s, %(date_m1372)s, %(value_m1372)s), (%(indicator_id_m1373)s, %(date_m1373)s, %(value_m1373)s), (%(indicator_id_m1374)s, %(date_m1374)s, %(value_m1374)s), (%(indicator_id_m1375)s, %(date_m1375)s, %(value_m1375)s), (%(indicator_id_m1376)s, %(date_m1376)s, %(value_m1376)s), (%(indicator_id_m1377)s, %(date_m1377)s, %(value_m1377)s), (%(indicator_id_m1378)s, %(date_m1378)s, %(value_m1378)s), (%(indicator_id_m1379)s, %(date_m1379)s, %(value_m1379)s), (%(indicator_id_m1380)s, %(date_m1380)s, %(value_m1380)s), (%(indicator_id_m1381)s, %(date_m1381)s, %(value_m1381)s), (%(indicator_id_m1382)s, %(date_m1382)s, %(value_m1382)s), (%(indicator_id_m1383)s, %(date_m1383)s, %(value_m1383)s), (%(indicator_id_m1384)s, %(date_m1384)s, %(value_m1384)s), (%(indicator_id_m1385)s, %(date_m1385)s, %(value_m1385)s), (%(indicator_id_m1386)s, %(date_m1386)s, %(value_m1386)s), (%(indicator_id_m1387)s, %(date_m1387)s, %(value_m1387)s), (%(indicator_id_m1388)s, %(date_m1388)s, %(value_m1388)s), (%(indicator_id_m1389)s, %(date_m1389)s, %(value_m1389)s), (%(indicator_id_m1390)s, %(date_m1390)s, %(value_m1390)s), (%(indicator_id_m1391)s, %(date_m1391)s, %(value_m1391)s), (%(indicator_id_m1392)s, %(date_m1392)s, %(value_m1392)s), (%(indicator_id_m1393)s, %(date_m1393)s, %(value_m1393)s), (%(indicator_id_m1394)s, %(date_m1394)s, %(value_m1394)s), (%(indicator_id_m1395)s, %(date_m1395)s, %(value_m1395)s), (%(indicator_id_m1396)s, %(date_m1396)s, %(value_m1396)s), (%(indicator_id_m1397)s, %(date_m1397)s, %(value_m1397)s), (%(indicator_id_m1398)s, %(date_m1398)s, %(value_m1398)s), (%(indicator_id_m1399)s, %(date_m1399)s, %(value_m1399)s), (%(indicator_id_m1400)s, %(date_m1400)s, %(value_m1400)s), (%(indicator_id_m1401)s, %(date_m1401)s, %(value_m1401)s), (%(indicator_id_m1402)s, %(date_m1402)s, %(value_m1402)s), (%(indicator_id_m1403)s, %(date_m1403)s, %(value_m1403)s), (%(indicator_id_m1404)s, %(date_m1404)s, %(value_m1404)s), (%(indicator_id_m1405)s, %(date_m1405)s, %(value_m1405)s), (%(indicator_id_m1406)s, %(date_m1406)s, %(value_m1406)s), (%(indicator_id_m1407)s, %(date_m1407)s, %(value_m1407)s), (%(indicator_id_m1408)s, %(date_m1408)s, %(value_m1408)s), (%(indicator_id_m1409)s, %(date_m1409)s, %(value_m1409)s), (%(indicator_id_m1410)s, %(date_m1410)s, %(value_m1410)s), (%(indicator_id_m1411)s, %(date_m1411)s, %(value_m1411)s), (%(indicator_id_m1412)s, %(date_m1412)s, %(value_m1412)s), (%(indicator_id_m1413)s, %(date_m1413)s, %(value_m1413)s), (%(indicator_id_m1414)s, %(date_m1414)s, %(value_m1414)s), (%(indicator_id_m1415)s, %(date_m1415)s, %(value_m1415)s), (%(indicator_id_m1416)s, %(date_m1416)s, %(value_m1416)s), (%(indicator_id_m1417)s, %(date_m1417)s, %(value_m1417)s), (%(indicator_id_m1418)s, %(date_m1418)s, %(value_m1418)s), (%(indicator_id_m1419)s, %(date_m1419)s, %(value_m1419)s), (%(indicator_id_m1420)s, %(date_m1420)s, %(value_m1420)s), (%(indicator_id_m1421)s, %(date_m1421)s, %(value_m1421)s), (%(indicator_id_m1422)s, %(date_m1422)s, %(value_m1422)s), (%(indicator_id_m1423)s, %(date_m1423)s, %(value_m1423)s), (%(indicator_id_m1424)s, %(date_m1424)s, %(value_m1424)s), (%(indicator_id_m1425)s, %(date_m1425)s, %(value_m1425)s), (%(indicator_id_m1426)s, %(date_m1426)s, %(value_m1426)s), (%(indicator_id_m1427)s, %(date_m1427)s, %(value_m1427)s), (%(indicator_id_m1428)s, %(date_m1428)s, %(value_m1428)s), (%(indicator_id_m1429)s, %(date_m1429)s, %(value_m1429)s), (%(indicator_id_m1430)s, %(date_m1430)s, %(value_m1430)s), (%(indicator_id_m1431)s, %(date_m1431)s, %(value_m1431)s), (%(indicator_id_m1432)s, %(date_m1432)s, %(value_m1432)s), (%(indicator_id_m1433)s, %(date_m1433)s, %(value_m1433)s), (%(indicator_id_m1434)s, %(date_m1434)s, %(value_m1434)s), (%(indicator_id_m1435)s, %(date_m1435)s, %(value_m1435)s), (%(indicator_id_m1436)s, %(date_m1436)s, %(value_m1436)s), (%(indicator_id_m1437)s, %(date_m1437)s, %(value_m1437)s), (%(indicator_id_m1438)s, %(date_m1438)s, %(value_m1438)s), (%(indicator_id_m1439)s, %(date_m1439)s, %(value_m1439)s), (%(indicator_id_m1440)s, %(date_m1440)s, %(value_m1440)s), (%(indicator_id_m1441)s, %(date_m1441)s, %(value_m1441)s), (%(indicator_id_m1442)s, %(date_m1442)s, %(value_m1442)s), (%(indicator_id_m1443)s, %(date_m1443)s, %(value_m1443)s), (%(indicator_id_m1444)s, %(date_m1444)s, %(value_m1444)s), (%(indicator_id_m1445)s, %(date_m1445)s, %(value_m1445)s), (%(indicator_id_m1446)s, %(date_m1446)s, %(value_m1446)s), (%(indicator_id_m1447)s, %(date_m1447)s, %(value_m1447)s), (%(indicator_id_m1448)s, %(date_m1448)s, %(value_m1448)s), (%(indicator_id_m1449)s, %(date_m1449)s, %(value_m1449)s), (%(indicator_id_m1450)s, %(date_m1450)s, %(value_m1450)s), (%(indicator_id_m1451)s, %(date_m1451)s, %(value_m1451)s), (%(indicator_id_m1452)s, %(date_m1452)s, %(value_m1452)s), (%(indicator_id_m1453)s, %(date_m1453)s, %(value_m1453)s), (%(indicator_id_m1454)s, %(date_m1454)s, %(value_m1454)s), (%(indicator_id_m1455)s, %(date_m1455)s, %(value_m1455)s), (%(indicator_id_m1456)s, %(date_m1456)s, %(value_m1456)s), (%(indicator_id_m1457)s, %(date_m1457)s, %(value_m1457)s), (%(indicator_id_m1458)s, %(date_m1458)s, %(value_m1458)s), (%(indicator_id_m1459)s, %(date_m1459)s, %(value_m1459)s), (%(indicator_id_m1460)s, %(date_m1460)s, %(value_m1460)s), (%(indicator_id_m1461)s, %(date_m1461)s, %(value_m1461)s), (%(indicator_id_m1462)s, %(date_m1462)s, %(value_m1462)s), (%(indicator_id_m1463)s, %(date_m1463)s, %(value_m1463)s), (%(indicator_id_m1464)s, %(date_m1464)s, %(value_m1464)s), (%(indicator_id_m1465)s, %(date_m1465)s, %(value_m1465)s), (%(indicator_id_m1466)s, %(date_m1466)s, %(value_m1466)s), (%(indicator_id_m1467)s, %(date_m1467)s, %(value_m1467)s), (%(indicator_id_m1468)s, %(date_m1468)s, %(value_m1468)s), (%(indicator_id_m1469)s, %(date_m1469)s, %(value_m1469)s), (%(indicator_id_m1470)s, %(date_m1470)s, %(value_m1470)s), (%(indicator_id_m1471)s, %(date_m1471)s, %(value_m1471)s), (%(indicator_id_m1472)s, %(date_m1472)s, %(value_m1472)s), (%(indicator_id_m1473)s, %(date_m1473)s, %(value_m1473)s), (%(indicator_id_m1474)s, %(date_m1474)s, %(value_m1474)s), (%(indicator_id_m1475)s, %(date_m1475)s, %(value_m1475)s), (%(indicator_id_m1476)s, %(date_m1476)s, %(value_m1476)s), (%(indicator_id_m1477)s, %(date_m1477)s, %(value_m1477)s), (%(indicator_id_m1478)s, %(date_m1478)s, %(value_m1478)s), (%(indicator_id_m1479)s, %(date_m1479)s, %(value_m1479)s), (%(indicator_id_m1480)s, %(date_m1480)s, %(value_m1480)s), (%(indicator_id_m1481)s, %(date_m1481)s, %(value_m1481)s), (%(indicator_id_m1482)s, %(date_m1482)s, %(value_m1482)s), (%(indicator_id_m1483)s, %(date_m1483)s, %(value_m1483)s), (%(indicator_id_m1484)s, %(date_m1484)s, %(value_m1484)s), (%(indicator_id_m1485)s, %(date_m1485)s, %(value_m1485)s), (%(indicator_id_m1486)s, %(date_m1486)s, %(value_m1486)s), (%(indicator_id_m1487)s, %(date_m1487)s, %(value_m1487)s), (%(indicator_id_m1488)s, %(date_m1488)s, %(value_m1488)s), (%(indicator_id_m1489)s, %(date_m1489)s, %(value_m1489)s), (%(indicator_id_m1490)s, %(date_m1490)s, %(value_m1490)s), (%(indicator_id_m1491)s, %(date_m1491)s, %(value_m1491)s), (%(indicator_id_m1492)s, %(date_m1492)s, %(value_m1492)s), (%(indicator_id_m1493)s, %(date_m1493)s, %(value_m1493)s), (%(indicator_id_m1494)s, %(date_m1494)s, %(value_m1494)s), (%(indicator_id_m1495)s, %(date_m1495)s, %(value_m1495)s), (%(indicator_id_m1496)s, %(date_m1496)s, %(value_m1496)s), (%(indicator_id_m1497)s, %(date_m1497)s, %(value_m1497)s), (%(indicator_id_m1498)s, %(date_m1498)s, %(value_m1498)s), (%(indicator_id_m1499)s, %(date_m1499)s, %(value_m1499)s), (%(indicator_id_m1500)s, %(date_m1500)s, %(value_m1500)s), (%(indicator_id_m1501)s, %(date_m1501)s, %(value_m1501)s), (%(indicator_id_m1502)s, %(date_m1502)s, %(value_m1502)s), (%(indicator_id_m1503)s, %(date_m1503)s, %(value_m1503)s), (%(indicator_id_m1504)s, %(date_m1504)s, %(value_m1504)s), (%(indicator_id_m1505)s, %(date_m1505)s, %(value_m1505)s), (%(indicator_id_m1506)s, %(date_m1506)s, %(value_m1506)s), (%(indicator_id_m1507)s, %(date_m1507)s, %(value_m1507)s), (%(indicator_id_m1508)s, %(date_m1508)s, %(value_m1508)s), (%(indicator_id_m1509)s, %(date_m1509)s, %(value_m1509)s), (%(indicator_id_m1510)s, %(date_m1510)s, %(value_m1510)s), (%(indicator_id_m1511)s, %(date_m1511)s, %(value_m1511)s), (%(indicator_id_m1512)s, %(date_m1512)s, %(value_m1512)s), (%(indicator_id_m1513)s, %(date_m1513)s, %(value_m1513)s), (%(indicator_id_m1514)s, %(date_m1514)s, %(value_m1514)s), (%(indicator_id_m1515)s, %(date_m1515)s, %(value_m1515)s), (%(indicator_id_m1516)s, %(date_m1516)s, %(value_m1516)s), (%(indicator_id_m1517)s, %(date_m1517)s, %(value_m1517)s), (%(indicator_id_m1518)s, %(date_m1518)s, %(value_m1518)s), (%(indicator_id_m1519)s, %(date_m1519)s, %(value_m1519)s), (%(indicator_id_m1520)s, %(date_m1520)s, %(value_m1520)s), (%(indicator_id_m1521)s, %(date_m1521)s, %(value_m1521)s), (%(indicator_id_m1522)s, %(date_m1522)s, %(value_m1522)s), (%(indicator_id_m1523)s, %(date_m1523)s, %(value_m1523)s), (%(indicator_id_m1524)s, %(date_m1524)s, %(value_m1524)s), (%(indicator_id_m1525)s, %(date_m1525)s, %(value_m1525)s), (%(indicator_id_m1526)s, %(date_m1526)s, %(value_m1526)s), (%(indicator_id_m1527)s, %(date_m1527)s, %(value_m1527)s), (%(indicator_id_m1528)s, %(date_m1528)s, %(value_m1528)s), (%(indicator_id_m1529)s, %(date_m1529)s, %(value_m1529)s), (%(indicator_id_m1530)s, %(date_m1530)s, %(value_m1530)s), (%(indicator_id_m1531)s, %(date_m1531)s, %(value_m1531)s), (%(indicator_id_m1532)s, %(date_m1532)s, %(value_m1532)s), (%(indicator_id_m1533)s, %(date_m1533)s, %(value_m1533)s), (%(indicator_id_m1534)s, %(date_m1534)s, %(value_m1534)s), (%(indicator_id_m1535)s, %(date_m1535)s, %(value_m1535)s), (%(indicator_id_m1536)s, %(date_m1536)s, %(value_m1536)s), (%(indicator_id_m1537)s, %(date_m1537)s, %(value_m1537)s), (%(indicator_id_m1538)s, %(date_m1538)s, %(value_m1538)s), (%(indicator_id_m1539)s, %(date_m1539)s, %(value_m1539)s), (%(indicator_id_m1540)s, %(date_m1540)s, %(value_m1540)s), (%(indicator_id_m1541)s, %(date_m1541)s, %(value_m1541)s), (%(indicator_id_m1542)s, %(date_m1542)s, %(value_m1542)s), (%(indicator_id_m1543)s, %(date_m1543)s, %(value_m1543)s), (%(indicator_id_m1544)s, %(date_m1544)s, %(value_m1544)s), (%(indicator_id_m1545)s, %(date_m1545)s, %(value_m1545)s), (%(indicator_id_m1546)s, %(date_m1546)s, %(value_m1546)s), (%(indicator_id_m1547)s, %(date_m1547)s, %(value_m1547)s), (%(indicator_id_m1548)s, %(date_m1548)s, %(value_m1548)s), (%(indicator_id_m1549)s, %(date_m1549)s, %(value_m1549)s), (%(indicator_id_m1550)s, %(date_m1550)s, %(value_m1550)s), (%(indicator_id_m1551)s, %(date_m1551)s, %(value_m1551)s), (%(indicator_id_m1552)s, %(date_m1552)s, %(value_m1552)s), (%(indicator_id_m1553)s, %(date_m1553)s, %(value_m1553)s), (%(indicator_id_m1554)s, %(date_m1554)s, %(value_m1554)s), (%(indicator_id_m1555)s, %(date_m1555)s, %(value_m1555)s), (%(indicator_id_m1556)s, %(date_m1556)s, %(value_m1556)s), (%(indicator_id_m1557)s, %(date_m1557)s, %(value_m1557)s), (%(indicator_id_m1558)s, %(date_m1558)s, %(value_m1558)s), (%(indicator_id_m1559)s, %(date_m1559)s, %(value_m1559)s), (%(indicator_id_m1560)s, %(date_m1560)s, %(value_m1560)s), (%(indicator_id_m1561)s, %(date_m1561)s, %(value_m1561)s), (%(indicator_id_m1562)s, %(date_m1562)s, %(value_m1562)s), (%(indicator_id_m1563)s, %(date_m1563)s, %(value_m1563)s), (%(indicator_id_m1564)s, %(date_m1564)s, %(value_m1564)s), (%(indicator_id_m1565)s, %(date_m1565)s, %(value_m1565)s), (%(indicator_id_m1566)s, %(date_m1566)s, %(value_m1566)s), (%(indicator_id_m1567)s, %(date_m1567)s, %(value_m1567)s), (%(indicator_id_m1568)s, %(date_m1568)s, %(value_m1568)s), (%(indicator_id_m1569)s, %(date_m1569)s, %(value_m1569)s), (%(indicator_id_m1570)s, %(date_m1570)s, %(value_m1570)s), (%(indicator_id_m1571)s, %(date_m1571)s, %(value_m1571)s), (%(indicator_id_m1572)s, %(date_m1572)s, %(value_m1572)s), (%(indicator_id_m1573)s, %(date_m1573)s, %(value_m1573)s), (%(indicator_id_m1574)s, %(date_m1574)s, %(value_m1574)s), (%(indicator_id_m1575)s, %(date_m1575)s, %(value_m1575)s), (%(indicator_id_m1576)s, %(date_m1576)s, %(value_m1576)s), (%(indicator_id_m1577)s, %(date_m1577)s, %(value_m1577)s), (%(indicator_id_m1578)s, %(date_m1578)s, %(value_m1578)s), (%(indicator_id_m1579)s, %(date_m1579)s, %(value_m1579)s), (%(indicator_id_m1580)s, %(date_m1580)s, %(value_m1580)s), (%(indicator_id_m1581)s, %(date_m1581)s, %(value_m1581)s), (%(indicator_id_m1582)s, %(date_m1582)s, %(value_m1582)s), (%(indicator_id_m1583)s, %(date_m1583)s, %(value_m1583)s), (%(indicator_id_m1584)s, %(date_m1584)s, %(value_m1584)s), (%(indicator_id_m1585)s, %(date_m1585)s, %(value_m1585)s), (%(indicator_id_m1586)s, %(date_m1586)s, %(value_m1586)s), (%(indicator_id_m1587)s, %(date_m1587)s, %(value_m1587)s), (%(indicator_id_m1588)s, %(date_m1588)s, %(value_m1588)s), (%(indicator_id_m1589)s, %(date_m1589)s, %(value_m1589)s), (%(indicator_id_m1590)s, %(date_m1590)s, %(value_m1590)s), (%(indicator_id_m1591)s, %(date_m1591)s, %(value_m1591)s), (%(indicator_id_m1592)s, %(date_m1592)s, %(value_m1592)s), (%(indicator_id_m1593)s, %(date_m1593)s, %(value_m1593)s), (%(indicator_id_m1594)s, %(date_m1594)s, %(value_m1594)s), (%(indicator_id_m1595)s, %(date_m1595)s, %(value_m1595)s), (%(indicator_id_m1596)s, %(date_m1596)s, %(value_m1596)s), (%(indicator_id_m1597)s, %(date_m1597)s, %(value_m1597)s), (%(indicator_id_m1598)s, %(date_m1598)s, %(value_m1598)s), (%(indicator_id_m1599)s, %(date_m1599)s, %(value_m1599)s), (%(indicator_id_m1600)s, %(date_m1600)s, %(value_m1600)s), (%(indicator_id_m1601)s, %(date_m1601)s, %(value_m1601)s), (%(indicator_id_m1602)s, %(date_m1602)s, %(value_m1602)s), (%(indicator_id_m1603)s, %(date_m1603)s, %(value_m1603)s), (%(indicator_id_m1604)s, %(date_m1604)s, %(value_m1604)s), (%(indicator_id_m1605)s, %(date_m1605)s, %(value_m1605)s), (%(indicator_id_m1606)s, %(date_m1606)s, %(value_m1606)s), (%(indicator_id_m1607)s, %(date_m1607)s, %(value_m1607)s), (%(indicator_id_m1608)s, %(date_m1608)s, %(value_m1608)s), (%(indicator_id_m1609)s, %(date_m1609)s, %(value_m1609)s), (%(indicator_id_m1610)s, %(date_m1610)s, %(value_m1610)s), (%(indicator_id_m1611)s, %(date_m1611)s, %(value_m1611)s), (%(indicator_id_m1612)s, %(date_m1612)s, %(value_m1612)s), (%(indicator_id_m1613)s, %(date_m1613)s, %(value_m1613)s), (%(indicator_id_m1614)s, %(date_m1614)s, %(value_m1614)s), (%(indicator_id_m1615)s, %(date_m1615)s, %(value_m1615)s), (%(indicator_id_m1616)s, %(date_m1616)s, %(value_m1616)s), (%(indicator_id_m1617)s, %(date_m1617)s, %(value_m1617)s), (%(indicator_id_m1618)s, %(date_m1618)s, %(value_m1618)s), (%(indicator_id_m1619)s, %(date_m1619)s, %(value_m1619)s), (%(indicator_id_m1620)s, %(date_m1620)s, %(value_m1620)s), (%(indicator_id_m1621)s, %(date_m1621)s, %(value_m1621)s), (%(indicator_id_m1622)s, %(date_m1622)s, %(value_m1622)s), (%(indicator_id_m1623)s, %(date_m1623)s, %(value_m1623)s), (%(indicator_id_m1624)s, %(date_m1624)s, %(value_m1624)s), (%(indicator_id_m1625)s, %(date_m1625)s, %(value_m1625)s), (%(indicator_id_m1626)s, %(date_m1626)s, %(value_m1626)s), (%(indicator_id_m1627)s, %(date_m1627)s, %(value_m1627)s), (%(indicator_id_m1628)s, %(date_m1628)s, %(value_m1628)s), (%(indicator_id_m1629)s, %(date_m1629)s, %(value_m1629)s), (%(indicator_id_m1630)s, %(date_m1630)s, %(value_m1630)s), (%(indicator_id_m1631)s, %(date_m1631)s, %(value_m1631)s), (%(indicator_id_m1632)s, %(date_m1632)s, %(value_m1632)s), (%(indicator_id_m1633)s, %(date_m1633)s, %(value_m1633)s), (%(indicator_id_m1634)s, %(date_m1634)s, %(value_m1634)s), (%(indicator_id_m1635)s, %(date_m1635)s, %(value_m1635)s), (%(indicator_id_m1636)s, %(date_m1636)s, %(value_m1636)s), (%(indicator_id_m1637)s, %(date_m1637)s, %(value_m1637)s), (%(indicator_id_m1638)s, %(date_m1638)s, %(value_m1638)s), (%(indicator_id_m1639)s, %(date_m1639)s, %(value_m1639)s), (%(indicator_id_m1640)s, %(date_m1640)s, %(value_m1640)s), (%(indicator_id_m1641)s, %(date_m1641)s, %(value_m1641)s), (%(indicator_id_m1642)s, %(date_m1642)s, %(value_m1642)s), (%(indicator_id_m1643)s, %(date_m1643)s, %(value_m1643)s), (%(indicator_id_m1644)s, %(date_m1644)s, %(value_m1644)s), (%(indicator_id_m1645)s, %(date_m1645)s, %(value_m1645)s), (%(indicator_id_m1646)s, %(date_m1646)s, %(value_m1646)s), (%(indicator_id_m1647)s, %(date_m1647)s, %(value_m1647)s), (%(indicator_id_m1648)s, %(date_m1648)s, %(value_m1648)s), (%(indicator_id_m1649)s, %(date_m1649)s, %(value_m1649)s), (%(indicator_id_m1650)s, %(date_m1650)s, %(value_m1650)s), (%(indicator_id_m1651)s, %(date_m1651)s, %(value_m1651)s), (%(indicator_id_m1652)s, %(date_m1652)s, %(value_m1652)s), (%(indicator_id_m1653)s, %(date_m1653)s, %(value_m1653)s), (%(indicator_id_m1654)s, %(date_m1654)s, %(value_m1654)s), (%(indicator_id_m1655)s, %(date_m1655)s, %(value_m1655)s), (%(indicator_id_m1656)s, %(date_m1656)s, %(value_m1656)s), (%(indicator_id_m1657)s, %(date_m1657)s, %(value_m1657)s), (%(indicator_id_m1658)s, %(date_m1658)s, %(value_m1658)s), (%(indicator_id_m1659)s, %(date_m1659)s, %(value_m1659)s), (%(indicator_id_m1660)s, %(date_m1660)s, %(value_m1660)s), (%(indicator_id_m1661)s, %(date_m1661)s, %(value_m1661)s), (%(indicator_id_m1662)s, %(date_m1662)s, %(value_m1662)s), (%(indicator_id_m1663)s, %(date_m1663)s, %(value_m1663)s), (%(indicator_id_m1664)s, %(date_m1664)s, %(value_m1664)s), (%(indicator_id_m1665)s, %(date_m1665)s, %(value_m1665)s), (%(indicator_id_m1666)s, %(date_m1666)s, %(value_m1666)s), (%(indicator_id_m1667)s, %(date_m1667)s, %(value_m1667)s), (%(indicator_id_m1668)s, %(date_m1668)s, %(value_m1668)s), (%(indicator_id_m1669)s, %(date_m1669)s, %(value_m1669)s), (%(indicator_id_m1670)s, %(date_m1670)s, %(value_m1670)s), (%(indicator_id_m1671)s, %(date_m1671)s, %(value_m1671)s), (%(indicator_id_m1672)s, %(date_m1672)s, %(value_m1672)s), (%(indicator_id_m1673)s, %(date_m1673)s, %(value_m1673)s), (%(indicator_id_m1674)s, %(date_m1674)s, %(value_m1674)s), (%(indicator_id_m1675)s, %(date_m1675)s, %(value_m1675)s), (%(indicator_id_m1676)s, %(date_m1676)s, %(value_m1676)s), (%(indicator_id_m1677)s, %(date_m1677)s, %(value_m1677)s), (%(indicator_id_m1678)s, %(date_m1678)s, %(value_m1678)s), (%(indicator_id_m1679)s, %(date_m1679)s, %(value_m1679)s), (%(indicator_id_m1680)s, %(date_m1680)s, %(value_m1680)s), (%(indicator_id_m1681)s, %(date_m1681)s, %(value_m1681)s), (%(indicator_id_m1682)s, %(date_m1682)s, %(value_m1682)s), (%(indicator_id_m1683)s, %(date_m1683)s, %(value_m1683)s), (%(indicator_id_m1684)s, %(date_m1684)s, %(value_m1684)s), (%(indicator_id_m1685)s, %(date_m1685)s, %(value_m1685)s), (%(indicator_id_m1686)s, %(date_m1686)s, %(value_m1686)s), (%(indicator_id_m1687)s, %(date_m1687)s, %(value_m1687)s), (%(indicator_id_m1688)s, %(date_m1688)s, %(value_m1688)s), (%(indicator_id_m1689)s, %(date_m1689)s, %(value_m1689)s), (%(indicator_id_m1690)s, %(date_m1690)s, %(value_m1690)s), (%(indicator_id_m1691)s, %(date_m1691)s, %(value_m1691)s), (%(indicator_id_m1692)s, %(date_m1692)s, %(value_m1692)s), (%(indicator_id_m1693)s, %(date_m1693)s, %(value_m1693)s), (%(indicator_id_m1694)s, %(date_m1694)s, %(value_m1694)s), (%(indicator_id_m1695)s, %(date_m1695)s, %(value_m1695)s), (%(indicator_id_m1696)s, %(date_m1696)s, %(value_m1696)s), (%(indicator_id_m1697)s, %(date_m1697)s, %(value_m1697)s), (%(indicator_id_m1698)s, %(date_m1698)s, %(value_m1698)s), (%(indicator_id_m1699)s, %(date_m1699)s, %(value_m1699)s), (%(indicator_id_m1700)s, %(date_m1700)s, %(value_m1700)s), (%(indicator_id_m1701)s, %(date_m1701)s, %(value_m1701)s), (%(indicator_id_m1702)s, %(date_m1702)s, %(value_m1702)s), (%(indicator_id_m1703)s, %(date_m1703)s, %(value_m1703)s), (%(indicator_id_m1704)s, %(date_m1704)s, %(value_m1704)s), (%(indicator_id_m1705)s, %(date_m1705)s, %(value_m1705)s), (%(indicator_id_m1706)s, %(date_m1706)s, %(value_m1706)s), (%(indicator_id_m1707)s, %(date_m1707)s, %(value_m1707)s), (%(indicator_id_m1708)s, %(date_m1708)s, %(value_m1708)s), (%(indicator_id_m1709)s, %(date_m1709)s, %(value_m1709)s), (%(indicator_id_m1710)s, %(date_m1710)s, %(value_m1710)s), (%(indicator_id_m1711)s, %(date_m1711)s, %(value_m1711)s), (%(indicator_id_m1712)s, %(date_m1712)s, %(value_m1712)s), (%(indicator_id_m1713)s, %(date_m1713)s, %(value_m1713)s), (%(indicator_id_m1714)s, %(date_m1714)s, %(value_m1714)s), (%(indicator_id_m1715)s, %(date_m1715)s, %(value_m1715)s), (%(indicator_id_m1716)s, %(date_m1716)s, %(value_m1716)s), (%(indicator_id_m1717)s, %(date_m1717)s, %(value_m1717)s), (%(indicator_id_m1718)s, %(date_m1718)s, %(value_m1718)s), (%(indicator_id_m1719)s, %(date_m1719)s, %(value_m1719)s), (%(indicator_id_m1720)s, %(date_m1720)s, %(value_m1720)s), (%(indicator_id_m1721)s, %(date_m1721)s, %(value_m1721)s), (%(indicator_id_m1722)s, %(date_m1722)s, %(value_m1722)s), (%(indicator_id_m1723)s, %(date_m1723)s, %(value_m1723)s), (%(indicator_id_m1724)s, %(date_m1724)s, %(value_m1724)s), (%(indicator_id_m1725)s, %(date_m1725)s, %(value_m1725)s), (%(indicator_id_m1726)s, %(date_m1726)s, %(value_m1726)s), (%(indicator_id_m1727)s, %(date_m1727)s, %(value_m1727)s), (%(indicator_id_m1728)s, %(date_m1728)s, %(value_m1728)s), (%(indicator_id_m1729)s, %(date_m1729)s, %(value_m1729)s), (%(indicator_id_m1730)s, %(date_m1730)s, %(value_m1730)s), (%(indicator_id_m1731)s, %(date_m1731)s, %(value_m1731)s), (%(indicator_id_m1732)s, %(date_m1732)s, %(value_m1732)s), (%(indicator_id_m1733)s, %(date_m1733)s, %(value_m1733)s), (%(indicator_id_m1734)s, %(date_m1734)s, %(value_m1734)s), (%(indicator_id_m1735)s, %(date_m1735)s, %(value_m1735)s), (%(indicator_id_m1736)s, %(date_m1736)s, %(value_m1736)s), (%(indicator_id_m1737)s, %(date_m1737)s, %(value_m1737)s), (%(indicator_id_m1738)s, %(date_m1738)s, %(value_m1738)s), (%(indicator_id_m1739)s, %(date_m1739)s, %(value_m1739)s), (%(indicator_id_m1740)s, %(date_m1740)s, %(value_m1740)s), (%(indicator_id_m1741)s, %(date_m1741)s, %(value_m1741)s), (%(indicator_id_m1742)s, %(date_m1742)s, %(value_m1742)s), (%(indicator_id_m1743)s, %(date_m1743)s, %(value_m1743)s), (%(indicator_id_m1744)s, %(date_m1744)s, %(value_m1744)s), (%(indicator_id_m1745)s, %(date_m1745)s, %(value_m1745)s), (%(indicator_id_m1746)s, %(date_m1746)s, %(value_m1746)s), (%(indicator_id_m1747)s, %(date_m1747)s, %(value_m1747)s), (%(indicator_id_m1748)s, %(date_m1748)s, %(value_m1748)s), (%(indicator_id_m1749)s, %(date_m1749)s, %(value_m1749)s), (%(indicator_id_m1750)s, %(date_m1750)s, %(value_m1750)s), (%(indicator_id_m1751)s, %(date_m1751)s, %(value_m1751)s), (%(indicator_id_m1752)s, %(date_m1752)s, %(value_m1752)s), (%(indicator_id_m1753)s, %(date_m1753)s, %(value_m1753)s), (%(indicator_id_m1754)s, %(date_m1754)s, %(value_m1754)s), (%(indicator_id_m1755)s, %(date_m1755)s, %(value_m1755)s), (%(indicator_id_m1756)s, %(date_m1756)s, %(value_m1756)s), (%(indicator_id_m1757)s, %(date_m1757)s, %(value_m1757)s), (%(indicator_id_m1758)s, %(date_m1758)s, %(value_m1758)s), (%(indicator_id_m1759)s, %(date_m1759)s, %(value_m1759)s), (%(indicator_id_m1760)s, %(date_m1760)s, %(value_m1760)s), (%(indicator_id_m1761)s, %(date_m1761)s, %(value_m1761)s), (%(indicator_id_m1762)s, %(date_m1762)s, %(value_m1762)s), (%(indicator_id_m1763)s, %(date_m1763)s, %(value_m1763)s), (%(indicator_id_m1764)s, %(date_m1764)s, %(value_m1764)s), (%(indicator_id_m1765)s, %(date_m1765)s, %(value_m1765)s), (%(indicator_id_m1766)s, %(date_m1766)s, %(value_m1766)s), (%(indicator_id_m1767)s, %(date_m1767)s, %(value_m1767)s), (%(indicator_id_m1768)s, %(date_m1768)s, %(value_m1768)s), (%(indicator_id_m1769)s, %(date_m1769)s, %(value_m1769)s), (%(indicator_id_m1770)s, %(date_m1770)s, %(value_m1770)s), (%(indicator_id_m1771)s, %(date_m1771)s, %(value_m1771)s), (%(indicator_id_m1772)s, %(date_m1772)s, %(value_m1772)s), (%(indicator_id_m1773)s, %(date_m1773)s, %(value_m1773)s), (%(indicator_id_m1774)s, %(date_m1774)s, %(value_m1774)s), (%(indicator_id_m1775)s, %(date_m1775)s, %(value_m1775)s), (%(indicator_id_m1776)s, %(date_m1776)s, %(value_m1776)s), (%(indicator_id_m1777)s, %(date_m1777)s, %(value_m1777)s), (%(indicator_id_m1778)s, %(date_m1778)s, %(value_m1778)s), (%(indicator_id_m1779)s, %(date_m1779)s, %(value_m1779)s), (%(indicator_id_m1780)s, %(date_m1780)s, %(value_m1780)s), (%(indicator_id_m1781)s, %(date_m1781)s, %(value_m1781)s), (%(indicator_id_m1782)s, %(date_m1782)s, %(value_m1782)s), (%(indicator_id_m1783)s, %(date_m1783)s, %(value_m1783)s), (%(indicator_id_m1784)s, %(date_m1784)s, %(value_m1784)s), (%(indicator_id_m1785)s, %(date_m1785)s, %(value_m1785)s), (%(indicator_id_m1786)s, %(date_m1786)s, %(value_m1786)s), (%(indicator_id_m1787)s, %(date_m1787)s, %(value_m1787)s), (%(indicator_id_m1788)s, %(date_m1788)s, %(value_m1788)s), (%(indicator_id_m1789)s, %(date_m1789)s, %(value_m1789)s), (%(indicator_id_m1790)s, %(date_m1790)s, %(value_m1790)s), (%(indicator_id_m1791)s, %(date_m1791)s, %(value_m1791)s), (%(indicator_id_m1792)s, %(date_m1792)s, %(value_m1792)s), (%(indicator_id_m1793)s, %(date_m1793)s, %(value_m1793)s) ON CONFLICT (indicator_id, date) DO NOTHING]
[parameters: {'indicator_id_m0': 'kr.cpi.headline.m', 'date_m0': '2020-01-01', 'value_m0': 100.09, 'indicator_id_m1': 'kr.cpi.headline.m', 'date_m1': '2020-02-01', 'value_m1': 100.16, 'indicator_id_m2': 'kr.cpi.headline.m', 'date_m2': '2020-03-01', 'value_m2': 99.94, 'indicator_id_m3': 'kr.cpi.headline.m', 'date_m3': '2020-04-01', 'value_m3': 99.5, 'indicator_id_m4': 'kr.cpi.headline.m', 'date_m4': '2020-05-01', 'value_m4': 99.44, 'indicator_id_m5': 'kr.cpi.headline.m', 'date_m5': '2020-06-01', 'value_m5': 99.71, 'indicator_id_m6': 'kr.cpi.headline.m', 'date_m6': '2020-07-01', 'value_m6': 99.63, 'indicator_id_m7': 'kr.cpi.headline.m', 'date_m7': '2020-08-01', 'value_m7': 100.19, 'indicator_id_m8': 'kr.cpi.headline.m', 'date_m8': '2020-09-01', 'value_m8': 100.74, 'indicator_id_m9': 'kr.cpi.headline.m', 'date_m9': '2020-10-01', 'value_m9': 100.18, 'indicator_id_m10': 'kr.cpi.headline.m', 'date_m10': '2020-11-01', 'value_m10': 100.09, 'indicator_id_m11': 'kr.cpi.headline.m', 'date_m11': '2020-12-01', 'value_m11': 100.33, 'indicator_id_m12': 'kr.cpi.headline.m', 'date_m12': '2021-01-01', 'value_m12': 101.04, 'indicator_id_m13': 'kr.cpi.headline.m', 'date_m13': '2021-02-01', 'value_m13': 101.58, 'indicator_id_m14': 'kr.cpi.headline.m', 'date_m14': '2021-03-01', 'value_m14': 101.84, 'indicator_id_m15': 'kr.cpi.headline.m', 'date_m15': '2021-04-01', 'value_m15': 101.98, 'indicator_id_m16': 'kr.cpi.headline.m', 'date_m16': '2021-05-01' ... 5282 parameters truncated ... 'date_m1777': '2025-08-06', 'value_m1777': 3198.14, 'indicator_id_m1778': 'kr.kospi.d', 'date_m1778': '2025-08-07', 'value_m1778': 3227.68, 'indicator_id_m1779': 'kr.kospi.d', 'date_m1779': '2025-08-08', 'value_m1779': 3210.01, 'indicator_id_m1780': 'kr.kospi.d', 'date_m1780': '2025-08-11', 'value_m1780': 3206.77, 'indicator_id_m1781': 'kr.kospi.d', 'date_m1781': '2025-08-12', 'value_m1781': 3189.91, 'indicator_id_m1782': 'kr.kospi.d', 'date_m1782': '2025-08-13', 'value_m1782': 3224.37, 'indicator_id_m1783': 'kr.kospi.d', 'date_m1783': '2025-08-14', 'value_m1783': 3225.66, 'indicator_id_m1784': 'kr.kospi.d', 'date_m1784': '2025-08-18', 'value_m1784': 3177.28, 'indicator_id_m1785': 'kr.kospi.d', 'date_m1785': '2025-08-19', 'value_m1785': 3151.56, 'indicator_id_m1786': 'kr.kospi.d', 'date_m1786': '2025-08-20', 'value_m1786': 3130.09, 'indicator_id_m1787': 'kr.kospi.d', 'date_m1787': '2025-08-21', 'value_m1787': 3141.74, 'indicator_id_m1788': 'kr.kospi.d', 'date_m1788': '2025-08-22', 'value_m1788': 3168.73, 'indicator_id_m1789': 'kr.kospi.d', 'date_m1789': '2025-08-25', 'value_m1789': 3209.86, 'indicator_id_m1790': 'kr.kospi.d', 'date_m1790': '2025-08-26', 'value_m1790': 3179.36, 'indicator_id_m1791': 'kr.kospi.d', 'date_m1791': '2025-08-27', 'value_m1791': 3187.16, 'indicator_id_m1792': 'kr.kospi.d', 'date_m1792': '2025-08-28', 'value_m1792': 3196.32, 'indicator_id_m1793': 'kr.kospi.d', 'date_m1793': '2025-08-29', 'value_m1793': 3186.01}]
(Background on this error at: https://sqlalche.me/e/20/gkpj)
2025-09-17 19:15:30,051 - INFO - __main__ - '/home/asd1702/fin_sight_server/data/catalog_core15.json'에서 지표 메타데이터를 로드합니다.
2025-09-17 19:15:30,098 - INFO - __main__ - 지표 메타데이터 저장 완료.
2025-09-17 19:15:30,098 - INFO - __main__ - '/home/asd1702/fin_sight_server/data/observations_core15.jsonl'에서 시계열 데이터를 로드하여 저장합니다.
2025-09-17 19:15:30,286 - WARNING - __main__ - 카탈로그에 없는 지표 관측치 67건을 스킵했습니다. (유형 수: 1)
2025-09-17 19:15:30,286 - WARNING - __main__ - 예: [('kr.cpi.core.m', 67)]
2025-09-17 19:15:30,286 - INFO - __main__ - 모든 시계열 데이터 저장 완료.
2025-09-17 19:15:30,286 - INFO - __main__ - 통계 DB 구축이 성공적으로 완료되었습니다.
2025-09-17 19:15:45,705 - INFO - __main__ - Inspecting statistics schema…
2025-09-17 19:21:31,385 - INFO - __main__ - 
--- 1단계: 신규 기사 수집 시작 ---
2025-09-17 19:21:31,595 - INFO - app.core.collectors - 네이버 API '주식' 키워드로 5개 기사 메타데이터 수신 성공.
2025-09-17 19:21:31,597 - INFO - app.core.monitoring - 성능 모니터링 - call_naver_api: 실행시간=0.21초, 메모리변화=+0.0%, 현재메모리=73.6%
2025-09-17 19:21:32,980 - INFO - app.core.collectors - 기사 크롤링 완료: 2개 이미지 추출 - https://daily.hankooki.com/news/articleView.html?idxno=1272470
2025-09-17 19:21:32,981 - INFO - app.core.monitoring - 성능 모니터링 - crawl_article_with_newspaper3k: 실행시간=1.38초, 메모리변화=+0.1%, 현재메모리=73.7%
2025-09-17 19:21:33,025 - INFO - app.core.services - 신규 기사 저장 완료: (ID: 83) HMM, 2.1조원 자사주 매입…민영화 속도 내나
2025-09-17 19:21:34,437 - INFO - app.core.collectors - 기사 크롤링 완료: 4개 이미지 추출 - https://weekly.hankooki.com/news/articleView.html?idxno=7129026
2025-09-17 19:21:34,439 - INFO - app.core.monitoring - 성능 모니터링 - crawl_article_with_newspaper3k: 실행시간=1.41초, 메모리변화=+0.0%, 현재메모리=73.7%
2025-09-17 19:21:34,447 - INFO - app.core.services - 신규 기사 저장 완료: (ID: 84) HMM, 자사주 2조원어치 매입…민영화 수순 ‘착착’
2025-09-17 19:21:35,877 - INFO - app.core.collectors - 기사 크롤링 완료: 5개 이미지 추출 - https://ilyo.co.kr/?ac=article_view&entry_id=499897
2025-09-17 19:21:35,878 - INFO - app.core.monitoring - 성능 모니터링 - crawl_article_with_newspaper3k: 실행시간=1.43초, 메모리변화=+0.0%, 현재메모리=73.7%
2025-09-17 19:21:35,887 - INFO - app.core.services - 신규 기사 저장 완료: (ID: 85) 의정부시, 하수관로정비 실시협약...3년간 본격 추진
2025-09-17 19:21:36,467 - INFO - app.core.collectors - 기사 크롤링 완료: 1개 이미지 추출 - https://news.einfomax.co.kr/news/articleView.html?idxno=4374956
2025-09-17 19:21:36,468 - INFO - app.core.monitoring - 성능 모니터링 - crawl_article_with_newspaper3k: 실행시간=0.58초, 메모리변화=+0.0%, 현재메모리=73.7%
2025-09-17 19:21:36,477 - INFO - app.core.services - 신규 기사 저장 완료: (ID: 86) 달러-원, 런던장서 1,380원 초반대 횡보…2.40원↑
2025-09-17 19:21:37,673 - INFO - app.core.collectors - 기사 크롤링 완료: 1개 이미지 추출 - http://www.thelec.kr/news/articleView.html?idxno=40933
2025-09-17 19:21:37,674 - INFO - app.core.monitoring - 성능 모니터링 - crawl_article_with_newspaper3k: 실행시간=1.20초, 메모리변화=+0.0%, 현재메모리=73.7%
2025-09-17 19:21:37,681 - INFO - app.core.services - 신규 기사 저장 완료: (ID: 87) FST, EUV 펠리클 생산시설 투자 본격화
2025-09-17 19:21:37,681 - INFO - __main__ - --- 1단계: 신규 기사 수집 완료 ---

2025-09-17 19:21:37,684 - INFO - __main__ - --- 2단계: 총 5개의 기사 처리 시작 ---
2025-09-17 19:21:37,690 - INFO - app.core.services - 기사 ID 84의 상태를 PROCESSING(으)로 업데이트.
2025-09-17 19:21:49,108 - INFO - httpx - HTTP Request: POST https://api.openai.com/v1/chat/completions "HTTP/1.1 200 OK"
2025-09-17 19:21:49,129 - INFO - app.core.processors - LLM 분석 데이터 수신 및 파싱 성공
2025-09-17 19:21:49,129 - WARNING - app.core.monitoring - 성능 모니터링 - analyze_article_with_llm: 실행시간=11.44초, 메모리변화=+0.1%, 현재메모리=73.8%
2025-09-17 19:21:49,130 - INFO - __main__ - 기사 ID 84: LLM이 관련 지표 ['kr.kospi.d']를 식별했습니다. 시계열 데이터를 조회합니다.
2025-09-17 19:21:49,144 - INFO - app.core.services - 기사 ID 84의 분석 결과 및 통계 데이터 저장 완료
2025-09-17 19:21:49,144 - INFO - __main__ - 기사 ID 84 처리 성공.
2025-09-17 19:21:49,149 - INFO - app.core.services - 기사 ID 85의 상태를 PROCESSING(으)로 업데이트.
2025-09-17 19:21:58,004 - INFO - httpx - HTTP Request: POST https://api.openai.com/v1/chat/completions "HTTP/1.1 200 OK"
2025-09-17 19:21:58,005 - INFO - app.core.processors - LLM 분석 데이터 수신 및 파싱 성공
2025-09-17 19:21:58,005 - WARNING - app.core.monitoring - 성능 모니터링 - analyze_article_with_llm: 실행시간=8.86초, 메모리변화=+0.0%, 현재메모리=73.8%
2025-09-17 19:21:58,010 - INFO - app.core.services - 기사 ID 85의 분석 결과 및 통계 데이터 저장 완료
2025-09-17 19:21:58,010 - INFO - __main__ - 기사 ID 85 처리 성공.
2025-09-17 19:21:58,013 - INFO - app.core.services - 기사 ID 86의 상태를 PROCESSING(으)로 업데이트.
2025-09-17 19:22:08,706 - INFO - httpx - HTTP Request: POST https://api.openai.com/v1/chat/completions "HTTP/1.1 200 OK"
2025-09-17 19:22:08,708 - INFO - app.core.processors - LLM 분석 데이터 수신 및 파싱 성공
2025-09-17 19:22:08,708 - WARNING - app.core.monitoring - 성능 모니터링 - analyze_article_with_llm: 실행시간=10.69초, 메모리변화=+0.0%, 현재메모리=73.8%
2025-09-17 19:22:08,708 - INFO - __main__ - 기사 ID 86: LLM이 관련 지표 ['fx.usdkrw.m']를 식별했습니다. 시계열 데이터를 조회합니다.
2025-09-17 19:22:08,730 - INFO - app.core.services - 기사 ID 86의 분석 결과 및 통계 데이터 저장 완료
2025-09-17 19:22:08,730 - INFO - __main__ - 기사 ID 86 처리 성공.
2025-09-17 19:22:08,735 - INFO - app.core.services - 기사 ID 83의 상태를 PROCESSING(으)로 업데이트.
2025-09-17 19:22:16,914 - INFO - httpx - HTTP Request: POST https://api.openai.com/v1/chat/completions "HTTP/1.1 200 OK"
2025-09-17 19:22:16,918 - INFO - app.core.processors - LLM 분석 데이터 수신 및 파싱 성공
2025-09-17 19:22:16,919 - WARNING - app.core.monitoring - 성능 모니터링 - analyze_article_with_llm: 실행시간=8.18초, 메모리변화=-0.1%, 현재메모리=73.7%
2025-09-17 19:22:16,935 - INFO - app.core.services - 기사 ID 83의 분석 결과 및 통계 데이터 저장 완료
2025-09-17 19:22:16,935 - INFO - __main__ - 기사 ID 83 처리 성공.
2025-09-17 19:22:16,939 - INFO - app.core.services - 기사 ID 87의 상태를 PROCESSING(으)로 업데이트.
2025-09-17 19:22:26,243 - INFO - httpx - HTTP Request: POST https://api.openai.com/v1/chat/completions "HTTP/1.1 200 OK"
2025-09-17 19:22:26,280 - INFO - app.core.processors - LLM 분석 데이터 수신 및 파싱 성공
2025-09-17 19:22:26,280 - WARNING - app.core.monitoring - 성능 모니터링 - analyze_article_with_llm: 실행시간=9.34초, 메모리변화=+0.1%, 현재메모리=73.8%
2025-09-17 19:22:26,280 - INFO - __main__ - 기사 ID 87: LLM이 관련 지표 ['kr.current.account.m']를 식별했습니다. 시계열 데이터를 조회합니다.
2025-09-17 19:22:26,300 - INFO - app.core.services - 기사 ID 87의 분석 결과 및 통계 데이터 저장 완료
2025-09-17 19:22:26,300 - INFO - __main__ - 기사 ID 87 처리 성공.
2025-09-17 19:22:26,300 - INFO - __main__ - --- 2단계: 기사 처리 완료 ---
2025-09-17 23:46:25,072 - INFO - __main__ - 
--- 1단계: 신규 기사 수집 시작 ---
2025-09-17 23:46:25,317 - INFO - app.core.collectors - 네이버 API '주식' 키워드로 5개 기사 메타데이터 수신 성공.
2025-09-17 23:46:25,320 - INFO - app.core.monitoring - 성능 모니터링 - call_naver_api: 실행시간=0.24초, 메모리변화=+0.0%, 현재메모리=76.1%
2025-09-17 23:46:26,119 - INFO - app.core.collectors - 기사 크롤링 완료: 4개 이미지 추출 - https://www.xportsnews.com/article/2054809
2025-09-17 23:46:26,121 - INFO - app.core.monitoring - 성능 모니터링 - crawl_article_with_newspaper3k: 실행시간=0.80초, 메모리변화=+0.1%, 현재메모리=76.2%
2025-09-17 23:46:26,296 - INFO - app.core.services - 신규 기사 저장 완료: (ID: 88) '남이섬 성공' 강우현, 대표 월급 '100원' 받았다…"'겨울연가' 촬영도 내가" (백만장자)[종합]
2025-09-17 23:46:28,122 - INFO - app.core.collectors - 기사 크롤링 완료: 5개 이미지 추출 - https://www.sedaily.com/NewsView/2GXXSR2CV9
2025-09-17 23:46:28,124 - INFO - app.core.monitoring - 성능 모니터링 - crawl_article_with_newspaper3k: 실행시간=1.83초, 메모리변화=+0.0%, 현재메모리=76.2%
2025-09-17 23:46:28,151 - INFO - app.core.services - 신규 기사 저장 완료: (ID: 89) "왜 항상 저런 모양일까?" 구혜선, CEO로 변신 후 올린 사진 보니
2025-09-17 23:46:28,663 - INFO - app.core.collectors - 기사 크롤링 완료: 1개 이미지 추출 - http://www.suwonilbo.kr/news/articleView.html?idxno=312081
2025-09-17 23:46:28,665 - INFO - app.core.monitoring - 성능 모니터링 - crawl_article_with_newspaper3k: 실행시간=0.51초, 메모리변화=+0.0%, 현재메모리=76.2%
2025-09-17 23:46:28,687 - INFO - app.core.services - 신규 기사 저장 완료: (ID: 90) 한국세무사회, '제41회 세무실무사례연구발표회' 개최 < 경제 < 뉴스 < 기사본문
2025-09-17 23:46:29,105 - INFO - app.core.collectors - 기사 본문 길이 부족으로 건너뜀: 46자 (최소 200자 필요) - https://www.donga.com/news/Opinion/article/all/20250917/132411415/2
2025-09-17 23:46:29,108 - INFO - app.core.monitoring - 성능 모니터링 - crawl_article_with_newspaper3k: 실행시간=0.42초, 메모리변화=+0.0%, 현재메모리=76.2%
2025-09-17 23:46:29,108 - WARNING - __main__ - 콘텐츠가 너무 짧거나 없어서 수집을 건너뜁니다: https://www.donga.com/news/Opinion/article/all/20250917/132411415/2
2025-09-17 23:46:30,753 - INFO - app.core.collectors - 기사 크롤링 완료: 5개 이미지 추출 - https://www.tokenpost.kr/news/blockchain/286632
2025-09-17 23:46:30,754 - INFO - app.core.monitoring - 성능 모니터링 - crawl_article_with_newspaper3k: 실행시간=1.65초, 메모리변화=+0.0%, 현재메모리=76.2%
2025-09-17 23:46:30,766 - INFO - app.core.services - 신규 기사 저장 완료: (ID: 91) 로빈후드·스트라이프, 블록체인 직접 구축…핀테크 '토큰화 전환' 본격화
2025-09-17 23:46:30,768 - INFO - __main__ - --- 1단계: 신규 기사 수집 완료 ---

2025-09-17 23:46:30,772 - INFO - __main__ - --- 2단계: 총 4개의 기사 처리 시작 ---
2025-09-17 23:46:30,783 - INFO - app.core.services - 기사 ID 89의 상태를 PROCESSING(으)로 업데이트.
2025-09-17 23:46:41,902 - INFO - httpx - HTTP Request: POST https://api.openai.com/v1/chat/completions "HTTP/1.1 200 OK"
2025-09-17 23:46:41,926 - INFO - app.core.processors - LLM 분석 데이터 수신 및 파싱 성공
2025-09-17 23:46:41,926 - WARNING - app.core.monitoring - 성능 모니터링 - analyze_article_with_llm: 실행시간=11.14초, 메모리변화=+0.0%, 현재메모리=76.3%
2025-09-17 23:46:41,931 - INFO - __main__ - 기사 ID 89: LLM이 관련 지표 ['kr.current.account.m']를 식별했습니다. 시계열 데이터를 조회합니다.
2025-09-17 23:46:41,985 - INFO - app.core.services - 기사 ID 89의 분석 결과 및 통계 데이터 저장 완료
2025-09-17 23:46:41,985 - INFO - __main__ - 기사 ID 89 처리 성공.
2025-09-17 23:46:41,999 - INFO - app.core.services - 기사 ID 90의 상태를 PROCESSING(으)로 업데이트.
2025-09-17 23:46:51,730 - INFO - httpx - HTTP Request: POST https://api.openai.com/v1/chat/completions "HTTP/1.1 200 OK"
2025-09-17 23:46:51,732 - INFO - app.core.processors - LLM 분석 데이터 수신 및 파싱 성공
2025-09-17 23:46:51,733 - WARNING - app.core.monitoring - 성능 모니터링 - analyze_article_with_llm: 실행시간=9.73초, 메모리변화=-0.1%, 현재메모리=76.2%
2025-09-17 23:46:51,758 - INFO - app.core.services - 기사 ID 90의 분석 결과 및 통계 데이터 저장 완료
2025-09-17 23:46:51,759 - INFO - __main__ - 기사 ID 90 처리 성공.
2025-09-17 23:46:51,774 - INFO - app.core.services - 기사 ID 88의 상태를 PROCESSING(으)로 업데이트.
2025-09-17 23:47:03,095 - INFO - httpx - HTTP Request: POST https://api.openai.com/v1/chat/completions "HTTP/1.1 200 OK"
2025-09-17 23:47:03,097 - INFO - app.core.processors - LLM 분석 데이터 수신 및 파싱 성공
2025-09-17 23:47:03,098 - WARNING - app.core.monitoring - 성능 모니터링 - analyze_article_with_llm: 실행시간=11.32초, 메모리변화=+0.1%, 현재메모리=76.3%
2025-09-17 23:47:03,118 - INFO - app.core.services - 기사 ID 88의 분석 결과 및 통계 데이터 저장 완료
2025-09-17 23:47:03,118 - INFO - __main__ - 기사 ID 88 처리 성공.
2025-09-17 23:47:03,128 - INFO - app.core.services - 기사 ID 91의 상태를 PROCESSING(으)로 업데이트.
2025-09-17 23:47:12,595 - INFO - httpx - HTTP Request: GET http://testserver/api/articles/today?limit=1 "HTTP/1.1 200 OK"
2025-09-17 23:47:12,626 - INFO - httpx - HTTP Request: GET http://testserver/api/articles/88 "HTTP/1.1 200 OK"
2025-09-17 23:47:12,996 - INFO - httpx - HTTP Request: POST https://api.openai.com/v1/chat/completions "HTTP/1.1 200 OK"
2025-09-17 23:47:13,005 - INFO - app.core.processors - LLM 분석 데이터 수신 및 파싱 성공
2025-09-17 23:47:13,005 - WARNING - app.core.monitoring - 성능 모니터링 - analyze_article_with_llm: 실행시간=9.87초, 메모리변화=+0.9%, 현재메모리=77.2%
2025-09-17 23:47:13,011 - INFO - app.core.services - 기사 ID 91의 분석 결과 및 통계 데이터 저장 완료
2025-09-17 23:47:13,012 - INFO - __main__ - 기사 ID 91 처리 성공.
2025-09-17 23:47:13,012 - INFO - __main__ - --- 2단계: 기사 처리 완료 ---
2025-09-22 22:35:24,388 - INFO - __main__ - 
--- 1단계: 신규 기사 수집 시작 ---
2025-09-22 22:35:24,568 - INFO - app.core.collectors - 네이버 API '주식' 키워드로 5개 기사 메타데이터 수신 성공.
2025-09-22 22:35:24,569 - INFO - app.core.monitoring - 성능 모니터링 - call_naver_api: 실행시간=0.18초, 메모리변화=+0.0%, 현재메모리=71.7%
2025-09-22 22:35:27,265 - INFO - app.core.collectors - 기사 크롤링 완료: 1개 이미지 추출 - http://www.g-enews.com/ko-kr/news/article/news_all/2025092222002415913bc914ac71_1/article.html
2025-09-22 22:35:27,266 - INFO - app.core.monitoring - 성능 모니터링 - crawl_article_with_newspaper3k: 실행시간=2.70초, 메모리변화=+0.0%, 현재메모리=71.7%
2025-09-22 22:35:27,310 - INFO - app.core.services - 신규 기사 저장 완료: (ID: 1) 댄 아이브스 "아이폰17 수요 폭발...애플 목표가 310달러로 상향"
2025-09-22 22:35:28,722 - INFO - app.core.collectors - 기사 크롤링 완료: 5개 이미지 추출 - https://www.ikbc.co.kr/article/view/kbc202509220063
2025-09-22 22:35:28,724 - INFO - app.core.monitoring - 성능 모니터링 - crawl_article_with_newspaper3k: 실행시간=1.41초, 메모리변화=+0.0%, 현재메모리=71.7%
2025-09-22 22:35:28,729 - INFO - app.core.services - 신규 기사 저장 완료: (ID: 2) 정의당 권영국 "대통령 바뀌어도 투자·성장 이야기뿐"
2025-09-22 22:35:29,476 - INFO - app.core.collectors - 기사 크롤링 완료: 5개 이미지 추출 - https://www.newspim.com/news/view/20250922001131
2025-09-22 22:35:29,478 - INFO - app.core.monitoring - 성능 모니터링 - crawl_article_with_newspaper3k: 실행시간=0.75초, 메모리변화=+0.1%, 현재메모리=71.8%
2025-09-22 22:35:29,491 - INFO - app.core.services - 신규 기사 저장 완료: (ID: 3) 뉴욕증시 개장 전 특징주…멧세라·화이자 인수 소식에 급등, 켄뷰는 급락
2025-09-22 22:35:30,948 - INFO - app.core.collectors - 기사 크롤링 완료: 5개 이미지 추출 - https://www.imaeil.com/page/view/2025092222083607477
2025-09-22 22:35:30,949 - INFO - app.core.monitoring - 성능 모니터링 - crawl_article_with_newspaper3k: 실행시간=1.46초, 메모리변화=+0.0%, 현재메모리=71.8%
2025-09-22 22:35:30,957 - INFO - app.core.services - 신규 기사 저장 완료: (ID: 4) 모건스탠리 "한국 반도체 업종 의견, 시장평균→매력적 상향"
2025-09-22 22:35:31,419 - INFO - app.core.collectors - 기사 크롤링 완료: 5개 이미지 추출 - http://www.kookje.co.kr/news2011/asp/newsbody.asp?code=0200&key=20250922.99099007302
2025-09-22 22:35:31,420 - INFO - app.core.monitoring - 성능 모니터링 - crawl_article_with_newspaper3k: 실행시간=0.46초, 메모리변화=+0.0%, 현재메모리=71.8%
2025-09-22 22:35:31,427 - INFO - app.core.services - 신규 기사 저장 완료: (ID: 5) 모건스탠리 “한국 반도체 매력적 상향, 내년 공급 부족”
2025-09-22 22:35:31,428 - INFO - __main__ - --- 1단계: 신규 기사 수집 완료 ---

2025-09-22 22:35:31,431 - INFO - __main__ - --- 2단계: 총 5개의 기사 처리 시작 ---
2025-09-22 22:35:31,442 - INFO - app.core.services - 기사 ID 1의 상태를 PROCESSING(으)로 업데이트.
2025-09-22 22:35:41,043 - INFO - httpx - HTTP Request: POST https://api.openai.com/v1/chat/completions "HTTP/1.1 200 OK"
2025-09-22 22:35:41,054 - INFO - app.core.processors - LLM 분석 데이터 수신 및 파싱 성공
2025-09-22 22:35:41,055 - WARNING - app.core.monitoring - 성능 모니터링 - analyze_article_with_llm: 실행시간=9.61초, 메모리변화=+0.1%, 현재메모리=71.9%
2025-09-22 22:35:41,055 - INFO - __main__ - 기사 ID 1: LLM이 관련 지표 ['kr.kospi.d']를 식별했습니다. 시계열 데이터를 조회합니다.
2025-09-22 22:35:41,068 - INFO - app.core.services - 기사 ID 1의 분석 결과 및 통계 데이터 저장 완료
2025-09-22 22:35:41,068 - INFO - __main__ - 기사 ID 1 처리 성공.
2025-09-22 22:35:41,074 - INFO - app.core.services - 기사 ID 2의 상태를 PROCESSING(으)로 업데이트.
2025-09-22 22:35:50,283 - INFO - httpx - HTTP Request: POST https://api.openai.com/v1/chat/completions "HTTP/1.1 200 OK"
2025-09-22 22:35:50,290 - INFO - app.core.processors - LLM 분석 데이터 수신 및 파싱 성공
2025-09-22 22:35:50,290 - WARNING - app.core.monitoring - 성능 모니터링 - analyze_article_with_llm: 실행시간=9.21초, 메모리변화=+0.0%, 현재메모리=71.9%
2025-09-22 22:35:50,307 - INFO - app.core.services - 기사 ID 2의 분석 결과 및 통계 데이터 저장 완료
2025-09-22 22:35:50,308 - INFO - __main__ - 기사 ID 2 처리 성공.
2025-09-22 22:35:50,310 - INFO - app.core.services - 기사 ID 3의 상태를 PROCESSING(으)로 업데이트.
2025-09-22 22:35:58,267 - INFO - httpx - HTTP Request: POST https://api.openai.com/v1/chat/completions "HTTP/1.1 200 OK"
2025-09-22 22:35:58,277 - INFO - app.core.processors - LLM 분석 데이터 수신 및 파싱 성공
2025-09-22 22:35:58,278 - WARNING - app.core.monitoring - 성능 모니터링 - analyze_article_with_llm: 실행시간=7.97초, 메모리변화=+0.0%, 현재메모리=71.9%
2025-09-22 22:35:58,285 - INFO - app.core.services - 기사 ID 3의 분석 결과 및 통계 데이터 저장 완료
2025-09-22 22:35:58,285 - INFO - __main__ - 기사 ID 3 처리 성공.
2025-09-22 22:35:58,291 - INFO - app.core.services - 기사 ID 4의 상태를 PROCESSING(으)로 업데이트.
2025-09-22 22:36:10,308 - INFO - httpx - HTTP Request: POST https://api.openai.com/v1/chat/completions "HTTP/1.1 200 OK"
2025-09-22 22:36:10,309 - INFO - app.core.processors - LLM 분석 데이터 수신 및 파싱 성공
2025-09-22 22:36:10,309 - WARNING - app.core.monitoring - 성능 모니터링 - analyze_article_with_llm: 실행시간=12.02초, 메모리변화=+0.0%, 현재메모리=71.9%
2025-09-22 22:36:10,309 - INFO - __main__ - 기사 ID 4: LLM이 관련 지표 ['kr.kospi.d']를 식별했습니다. 시계열 데이터를 조회합니다.
2025-09-22 22:36:10,314 - INFO - app.core.services - 기사 ID 4의 분석 결과 및 통계 데이터 저장 완료
2025-09-22 22:36:10,314 - INFO - __main__ - 기사 ID 4 처리 성공.
2025-09-22 22:36:10,317 - INFO - app.core.services - 기사 ID 5의 상태를 PROCESSING(으)로 업데이트.
2025-09-22 22:36:22,897 - INFO - httpx - HTTP Request: POST https://api.openai.com/v1/chat/completions "HTTP/1.1 200 OK"
2025-09-22 22:36:22,899 - INFO - app.core.processors - LLM 분석 데이터 수신 및 파싱 성공
2025-09-22 22:36:22,899 - WARNING - app.core.monitoring - 성능 모니터링 - analyze_article_with_llm: 실행시간=12.58초, 메모리변화=+0.0%, 현재메모리=71.9%
2025-09-22 22:36:22,899 - INFO - __main__ - 기사 ID 5: LLM이 관련 지표 ['kr.kospi.d']를 식별했습니다. 시계열 데이터를 조회합니다.
2025-09-22 22:36:22,906 - INFO - app.core.services - 기사 ID 5의 분석 결과 및 통계 데이터 저장 완료
2025-09-22 22:36:22,906 - INFO - __main__ - 기사 ID 5 처리 성공.
2025-09-22 22:36:22,907 - INFO - __main__ - --- 2단계: 기사 처리 완료 ---
2025-09-22 23:04:36,253 - INFO - __main__ - '/home/asd1702/fin_sight_server/data/catalog_core15.json'에서 지표 메타데이터를 로드합니다.
2025-09-22 23:04:36,342 - INFO - __main__ - 지표 메타데이터 저장 완료.
2025-09-22 23:04:36,342 - INFO - __main__ - '/home/asd1702/fin_sight_server/data/observations_core15.jsonl'에서 시계열 데이터를 로드하여 저장합니다.
2025-09-22 23:04:36,553 - WARNING - __main__ - 카탈로그에 없는 지표 관측치 68건을 스킵했습니다. (유형 수: 1)
2025-09-22 23:04:36,553 - WARNING - __main__ - 예: [('kr.cpi.core.m', 68)]
2025-09-22 23:04:36,553 - INFO - __main__ - 모든 시계열 데이터 저장 완료.
2025-09-22 23:04:36,553 - INFO - __main__ - 통계 DB 구축이 성공적으로 완료되었습니다.
2025-09-22 23:08:01,105 - INFO - scripts.seed_statistics - '/home/asd1702/fin_sight_server/data/catalog_core15.json'에서 지표 메타데이터를 로드합니다.
2025-09-22 23:08:01,175 - INFO - scripts.seed_statistics - 지표 메타데이터 저장 완료.
2025-09-22 23:08:01,175 - INFO - scripts.seed_statistics - '/home/asd1702/fin_sight_server/data/observations_core15.jsonl'에서 시계열 데이터를 로드하여 저장합니다.
2025-09-22 23:08:01,358 - WARNING - scripts.seed_statistics - 카탈로그에 없는 지표 관측치 68건을 스킵했습니다. (유형 수: 1)
2025-09-22 23:08:01,359 - WARNING - scripts.seed_statistics - 예: [('kr.cpi.core.m', 68)]
2025-09-22 23:08:01,359 - INFO - scripts.seed_statistics - 모든 시계열 데이터 저장 완료.
2025-09-22 23:08:01,359 - INFO - scripts.seed_statistics - 통계 DB 구축이 성공적으로 완료되었습니다.
2025-09-22 23:12:29,237 - INFO - __main__ - 
--- 1단계: 신규 기사 수집 시작 ---
2025-09-22 23:12:29,469 - INFO - app.core.collectors - 네이버 API '주식, 금리' 키워드로 5개 기사 메타데이터 수신 성공.
2025-09-22 23:12:29,471 - INFO - app.core.monitoring - 성능 모니터링 - call_naver_api: 실행시간=0.22초, 메모리변화=+0.1%, 현재메모리=74.6%
2025-09-22 23:12:30,627 - INFO - app.core.collectors - 기사 크롤링 완료: 5개 이미지 추출 - https://www.topstarnews.net/news/articleView.html?idxno=15815136
2025-09-22 23:12:30,631 - INFO - app.core.monitoring - 성능 모니터링 - crawl_article_with_newspaper3k: 실행시간=1.16초, 메모리변화=+0.0%, 현재메모리=74.6%
2025-09-22 23:12:30,741 - INFO - app.core.services - 신규 기사 저장 완료: (ID: 6) 미국 뉴욕증시 장초반 약세…테슬라 상승·엔비디아 약보합
2025-09-22 23:12:31,386 - INFO - app.core.collectors - 기사 크롤링 완료: 0개 이미지 추출 - https://www.idaegu.co.kr/news/articleView.html?idxno=524226
2025-09-22 23:12:31,390 - INFO - app.core.monitoring - 성능 모니터링 - crawl_article_with_newspaper3k: 실행시간=0.65초, 메모리변화=+0.0%, 현재메모리=74.7%
2025-09-22 23:12:31,411 - INFO - app.core.services - 신규 기사 저장 완료: (ID: 7) KCGI자산운용, 스몰캡목표전환펀드에 432억 유입 - 대구신문
2025-09-22 23:12:36,311 - INFO - app.core.collectors - 기사 크롤링 완료: 5개 이미지 추출 - https://www.mk.co.kr/article/11424332
2025-09-22 23:12:36,313 - INFO - app.core.monitoring - 성능 모니터링 - crawl_article_with_newspaper3k: 실행시간=4.90초, 메모리변화=+0.0%, 현재메모리=74.7%
2025-09-22 23:12:36,343 - INFO - app.core.services - 신규 기사 저장 완료: (ID: 8) ‘조·방·원’ 대세…‘금·반·지’ 찜할 만 [고공행진 K증시 투자 전략]- 매경ECONOMY
2025-09-22 23:12:38,194 - INFO - app.core.collectors - 기사 크롤링 완료: 5개 이미지 추출 - https://www.mk.co.kr/article/11424335
2025-09-22 23:12:38,195 - INFO - app.core.monitoring - 성능 모니터링 - crawl_article_with_newspaper3k: 실행시간=1.85초, 메모리변화=+0.0%, 현재메모리=74.7%
2025-09-22 23:12:38,213 - INFO - app.core.services - 신규 기사 저장 완료: (ID: 9) 이번엔 다르다…굿바이 ‘박스피’ [전인미답 고지 넘보는 코스피]- 매경ECONOMY
2025-09-22 23:12:40,346 - INFO - app.core.collectors - 기사 크롤링 완료: 3개 이미지 추출 - https://www.mk.co.kr/article/11424336
2025-09-22 23:12:40,348 - INFO - app.core.monitoring - 성능 모니터링 - crawl_article_with_newspaper3k: 실행시간=2.13초, 메모리변화=+0.0%, 현재메모리=74.7%
2025-09-22 23:12:40,368 - INFO - app.core.services - 신규 기사 저장 완료: (ID: 10) 다시 꿈꾸는 코스피 5000- 매경ECONOMY
2025-09-22 23:12:40,369 - INFO - __main__ - --- 1단계: 신규 기사 수집 완료 ---

2025-09-22 23:12:40,375 - INFO - __main__ - --- 2단계: 총 5개의 기사 처리 시작 ---
2025-09-22 23:12:40,394 - INFO - app.core.services - 기사 ID 10의 상태를 PROCESSING(으)로 업데이트.
2025-09-22 23:12:55,709 - INFO - httpx - HTTP Request: POST https://api.openai.com/v1/chat/completions "HTTP/1.1 200 OK"
2025-09-22 23:12:55,740 - INFO - app.core.processors - LLM 분석 데이터 수신 및 파싱 성공
2025-09-22 23:12:55,741 - WARNING - app.core.monitoring - 성능 모니터링 - analyze_article_with_llm: 실행시간=15.34초, 메모리변화=-1.7%, 현재메모리=73.0%
2025-09-22 23:12:55,752 - INFO - __main__ - 기사 ID 10: LLM이 관련 지표 ['kr.kospi.d']를 식별했습니다. 시계열 데이터를 조회합니다.
2025-09-22 23:12:55,822 - INFO - app.core.services - 기사 ID 10의 분석 결과 및 통계 데이터 저장 완료
2025-09-22 23:12:55,822 - INFO - __main__ - 기사 ID 10 처리 성공.
2025-09-22 23:12:55,836 - INFO - app.core.services - 기사 ID 6의 상태를 PROCESSING(으)로 업데이트.
2025-09-22 23:13:07,190 - INFO - httpx - HTTP Request: POST https://api.openai.com/v1/chat/completions "HTTP/1.1 200 OK"
2025-09-22 23:13:07,193 - INFO - app.core.processors - LLM 분석 데이터 수신 및 파싱 성공
2025-09-22 23:13:07,194 - WARNING - app.core.monitoring - 성능 모니터링 - analyze_article_with_llm: 실행시간=11.35초, 메모리변화=+0.0%, 현재메모리=73.1%
2025-09-22 23:13:07,195 - INFO - __main__ - 기사 ID 6: LLM이 관련 지표 ['kr.kospi.d']를 식별했습니다. 시계열 데이터를 조회합니다.
2025-09-22 23:13:07,232 - INFO - app.core.services - 기사 ID 6의 분석 결과 및 통계 데이터 저장 완료
2025-09-22 23:13:07,232 - INFO - __main__ - 기사 ID 6 처리 성공.
2025-09-22 23:13:07,242 - INFO - app.core.services - 기사 ID 7의 상태를 PROCESSING(으)로 업데이트.
2025-09-22 23:13:25,096 - INFO - httpx - HTTP Request: POST https://api.openai.com/v1/chat/completions "HTTP/1.1 200 OK"
2025-09-22 23:13:25,099 - INFO - app.core.processors - LLM 분석 데이터 수신 및 파싱 성공
2025-09-22 23:13:25,100 - WARNING - app.core.monitoring - 성능 모니터링 - analyze_article_with_llm: 실행시간=17.86초, 메모리변화=+0.0%, 현재메모리=73.1%
2025-09-22 23:13:25,101 - INFO - __main__ - 기사 ID 7: LLM이 관련 지표 ['kr.kospi.d']를 식별했습니다. 시계열 데이터를 조회합니다.
2025-09-22 23:13:25,129 - INFO - app.core.services - 기사 ID 7의 분석 결과 및 통계 데이터 저장 완료
2025-09-22 23:13:25,129 - INFO - __main__ - 기사 ID 7 처리 성공.
2025-09-22 23:13:25,136 - INFO - app.core.services - 기사 ID 8의 상태를 PROCESSING(으)로 업데이트.
2025-09-22 23:13:39,078 - INFO - httpx - HTTP Request: POST https://api.openai.com/v1/chat/completions "HTTP/1.1 200 OK"
2025-09-22 23:13:39,080 - INFO - app.core.processors - LLM 분석 데이터 수신 및 파싱 성공
2025-09-22 23:13:39,080 - WARNING - app.core.monitoring - 성능 모니터링 - analyze_article_with_llm: 실행시간=13.94초, 메모리변화=+0.0%, 현재메모리=73.1%
2025-09-22 23:13:39,081 - INFO - __main__ - 기사 ID 8: LLM이 관련 지표 ['kr.kospi.d']를 식별했습니다. 시계열 데이터를 조회합니다.
2025-09-22 23:13:39,122 - INFO - app.core.services - 기사 ID 8의 분석 결과 및 통계 데이터 저장 완료
2025-09-22 23:13:39,122 - INFO - __main__ - 기사 ID 8 처리 성공.
2025-09-22 23:13:39,129 - INFO - app.core.services - 기사 ID 9의 상태를 PROCESSING(으)로 업데이트.
2025-09-22 23:13:51,106 - INFO - httpx - HTTP Request: POST https://api.openai.com/v1/chat/completions "HTTP/1.1 200 OK"
2025-09-22 23:13:51,109 - INFO - app.core.processors - LLM 분석 데이터 수신 및 파싱 성공
2025-09-22 23:13:51,110 - WARNING - app.core.monitoring - 성능 모니터링 - analyze_article_with_llm: 실행시간=11.98초, 메모리변화=+0.0%, 현재메모리=73.1%
2025-09-22 23:13:51,110 - INFO - __main__ - 기사 ID 9: LLM이 관련 지표 ['kr.kospi.d']를 식별했습니다. 시계열 데이터를 조회합니다.
2025-09-22 23:13:51,174 - INFO - app.core.services - 기사 ID 9의 분석 결과 및 통계 데이터 저장 완료
2025-09-22 23:13:51,175 - INFO - __main__ - 기사 ID 9 처리 성공.
2025-09-22 23:13:51,176 - INFO - __main__ - --- 2단계: 기사 처리 완료 ---
2025-09-23 23:40:17,314 - INFO - __main__ - 
--- 1단계: 신규 기사 수집 시작 ---
2025-09-23 23:40:17,489 - INFO - app.core.collectors - 네이버 API '주식, 금리' 키워드로 5개 기사 메타데이터 수신 성공.
2025-09-23 23:40:17,492 - INFO - app.core.monitoring - 성능 모니터링 - call_naver_api: 실행시간=0.17초, 메모리변화=+0.1%, 현재메모리=69.3%
2025-09-23 23:40:18,172 - INFO - app.core.collectors - 기사 크롤링 완료: 5개 이미지 추출 - https://www.topstarnews.net/news/articleView.html?idxno=15816540
2025-09-23 23:40:18,173 - INFO - app.core.monitoring - 성능 모니터링 - crawl_article_with_newspaper3k: 실행시간=0.68초, 메모리변화=+0.0%, 현재메모리=69.3%
2025-09-23 23:40:18,265 - INFO - app.core.services - 신규 기사 저장 완료: (ID: 11) 미국 뉴욕증시 장초반 혼조…빅테크 약세 속 파월 연설 대기
2025-09-23 23:40:18,902 - INFO - app.core.collectors - 기사 크롤링 완료: 5개 이미지 추출 - https://www.hankyung.com/article/202509233427i
2025-09-23 23:40:18,903 - INFO - app.core.monitoring - 성능 모니터링 - crawl_article_with_newspaper3k: 실행시간=0.64초, 메모리변화=+0.0%, 현재메모리=69.4%
2025-09-23 23:40:18,913 - INFO - app.core.services - 신규 기사 저장 완료: (ID: 12) 뉴욕증시 S&P500, 6700포인트 돌파 시도
2025-09-23 23:40:19,484 - INFO - app.core.collectors - 기사 크롤링 완료: 5개 이미지 추출 - https://www.newspim.com/news/view/20250923001173
2025-09-23 23:40:19,486 - INFO - app.core.monitoring - 성능 모니터링 - crawl_article_with_newspaper3k: 실행시간=0.57초, 메모리변화=+0.0%, 현재메모리=69.4%
2025-09-23 23:40:19,497 - INFO - app.core.services - 신규 기사 저장 완료: (ID: 13) [GAM] 플러그 파워 8일 연속 상승 ① 뚜렷한 호재 없이 오르는 이유는
2025-09-23 23:40:22,315 - INFO - app.core.collectors - 기사 크롤링 완료: 3개 이미지 추출 - https://www.mk.co.kr/article/11424341
2025-09-23 23:40:22,316 - INFO - app.core.monitoring - 성능 모니터링 - crawl_article_with_newspaper3k: 실행시간=2.82초, 메모리변화=+0.0%, 현재메모리=69.4%
2025-09-23 23:40:22,324 - INFO - app.core.services - 신규 기사 저장 완료: (ID: 14) 금리·전쟁…금값 4000달러 시대 올까- 매경ECONOMY
2025-09-23 23:40:24,815 - INFO - app.core.collectors - 기사 크롤링 완료: 5개 이미지 추출 - https://www.mk.co.kr/article/11424331
2025-09-23 23:40:24,815 - INFO - app.core.monitoring - 성능 모니터링 - crawl_article_with_newspaper3k: 실행시간=2.49초, 메모리변화=+0.0%, 현재메모리=69.4%
2025-09-23 23:40:24,822 - INFO - app.core.services - 신규 기사 저장 완료: (ID: 15) 반쪽짜리 랠리, ‘증시 하락’ 베팅하기도 [넘어야 할 산 많은 코스피]- 매경ECONOMY
2025-09-23 23:40:24,823 - INFO - __main__ - --- 1단계: 신규 기사 수집 완료 ---

2025-09-23 23:40:24,828 - INFO - __main__ - --- 2단계: 총 5개의 기사 처리 시작 ---
2025-09-23 23:40:24,838 - INFO - app.core.services - 기사 ID 11의 상태를 PROCESSING(으)로 업데이트.
2025-09-23 23:40:45,135 - INFO - openai._base_client - Retrying request to /chat/completions in 0.382106 seconds
2025-09-23 23:41:05,580 - INFO - openai._base_client - Retrying request to /chat/completions in 0.889691 seconds
2025-09-23 23:41:23,656 - INFO - httpx - HTTP Request: POST https://api.openai.com/v1/chat/completions "HTTP/1.1 200 OK"
2025-09-23 23:41:23,667 - INFO - app.core.processors - LLM 분석 데이터 수신 및 파싱 성공
2025-09-23 23:41:23,667 - WARNING - app.core.monitoring - 성능 모니터링 - analyze_article_with_llm: 실행시간=58.83초, 메모리변화=+0.0%, 현재메모리=69.4%
2025-09-23 23:41:23,668 - INFO - __main__ - 기사 ID 11: LLM이 관련 지표 ['kr.kospi.d']를 식별했습니다. 시계열 데이터를 조회합니다.
2025-09-23 23:41:23,697 - INFO - app.core.services - 기사 ID 11의 분석 결과 및 통계 데이터 저장 완료
2025-09-23 23:41:23,697 - INFO - __main__ - 기사 ID 11 처리 성공.
2025-09-23 23:41:23,703 - INFO - app.core.services - 기사 ID 12의 상태를 PROCESSING(으)로 업데이트.
2025-09-23 23:41:40,669 - INFO - httpx - HTTP Request: POST https://api.openai.com/v1/chat/completions "HTTP/1.1 200 OK"
2025-09-23 23:41:40,680 - INFO - app.core.processors - LLM 분석 데이터 수신 및 파싱 성공
2025-09-23 23:41:40,680 - WARNING - app.core.monitoring - 성능 모니터링 - analyze_article_with_llm: 실행시간=16.98초, 메모리변화=+0.1%, 현재메모리=69.5%
2025-09-23 23:41:40,681 - INFO - __main__ - 기사 ID 12: LLM이 관련 지표 ['kr.base.rate.d']를 식별했습니다. 시계열 데이터를 조회합니다.
2025-09-23 23:41:40,694 - INFO - app.core.services - 기사 ID 12의 분석 결과 및 통계 데이터 저장 완료
2025-09-23 23:41:40,694 - INFO - __main__ - 기사 ID 12 처리 성공.
2025-09-23 23:41:40,699 - INFO - app.core.services - 기사 ID 13의 상태를 PROCESSING(으)로 업데이트.
2025-09-23 23:41:59,702 - INFO - httpx - HTTP Request: POST https://api.openai.com/v1/chat/completions "HTTP/1.1 200 OK"
2025-09-23 23:41:59,703 - INFO - app.core.processors - LLM 분석 데이터 수신 및 파싱 성공
2025-09-23 23:41:59,704 - WARNING - app.core.monitoring - 성능 모니터링 - analyze_article_with_llm: 실행시간=19.00초, 메모리변화=+0.0%, 현재메모리=69.5%
2025-09-23 23:41:59,704 - INFO - __main__ - 기사 ID 13: LLM이 관련 지표 ['kr.base.rate.d']를 식별했습니다. 시계열 데이터를 조회합니다.
2025-09-23 23:41:59,711 - INFO - app.core.services - 기사 ID 13의 분석 결과 및 통계 데이터 저장 완료
2025-09-23 23:41:59,711 - INFO - __main__ - 기사 ID 13 처리 성공.
2025-09-23 23:41:59,716 - INFO - app.core.services - 기사 ID 14의 상태를 PROCESSING(으)로 업데이트.
2025-09-23 23:42:19,741 - INFO - openai._base_client - Retrying request to /chat/completions in 0.480799 seconds
2025-09-23 23:42:34,635 - INFO - httpx - HTTP Request: POST https://api.openai.com/v1/chat/completions "HTTP/1.1 200 OK"
2025-09-23 23:42:34,649 - INFO - app.core.processors - LLM 분석 데이터 수신 및 파싱 성공
2025-09-23 23:42:34,649 - WARNING - app.core.monitoring - 성능 모니터링 - analyze_article_with_llm: 실행시간=34.93초, 메모리변화=+0.0%, 현재메모리=69.5%
2025-09-23 23:42:34,649 - INFO - __main__ - 기사 ID 14: LLM이 관련 지표 ['kr.base.rate.d']를 식별했습니다. 시계열 데이터를 조회합니다.
2025-09-23 23:42:34,664 - INFO - app.core.services - 기사 ID 14의 분석 결과 및 통계 데이터 저장 완료
2025-09-23 23:42:34,664 - INFO - __main__ - 기사 ID 14 처리 성공.
2025-09-23 23:42:34,668 - INFO - app.core.services - 기사 ID 15의 상태를 PROCESSING(으)로 업데이트.
2025-09-23 23:42:54,692 - INFO - openai._base_client - Retrying request to /chat/completions in 0.459950 seconds
2025-09-23 23:43:07,828 - INFO - httpx - HTTP Request: POST https://api.openai.com/v1/chat/completions "HTTP/1.1 200 OK"
2025-09-23 23:43:07,830 - INFO - app.core.processors - LLM 분석 데이터 수신 및 파싱 성공
2025-09-23 23:43:07,831 - WARNING - app.core.monitoring - 성능 모니터링 - analyze_article_with_llm: 실행시간=33.16초, 메모리변화=+0.0%, 현재메모리=69.5%
2025-09-23 23:43:07,831 - INFO - __main__ - 기사 ID 15: LLM이 관련 지표 ['kr.kospi.d']를 식별했습니다. 시계열 데이터를 조회합니다.
2025-09-23 23:43:07,843 - INFO - app.core.services - 기사 ID 15의 분석 결과 및 통계 데이터 저장 완료
2025-09-23 23:43:07,843 - INFO - __main__ - 기사 ID 15 처리 성공.
2025-09-23 23:43:07,844 - INFO - __main__ - --- 2단계: 기사 처리 완료 ---
2025-09-25 23:34:29,949 - INFO - app.core.news_letter.collectors - NEWS_DATA_API 'NVIDIA' 키워드로 0개 기사 메타데이터 수신 성공.
2025-09-25 23:34:29,959 - INFO - app.core.monitoring - 성능 모니터링 - call_news_data_api: 실행시간=1.29초, 메모리변화=+0.0%, 현재메모리=91.5%
2025-09-25 23:34:29,960 - ERROR - __main__ - 메타 데이터 생성 실패: 유효한 URL이 없습니다.
2025-09-25 23:38:39,976 - INFO - app.core.news_letter.collectors - NEWS_DATA_API 'NVIDIA' 키워드로 10개 기사 메타데이터 수신 성공.
2025-09-25 23:38:39,979 - INFO - app.core.monitoring - 성능 모니터링 - call_news_data_api: 실행시간=0.85초, 메모리변화=+0.1%, 현재메모리=92.0%
2025-09-25 23:38:39,988 - WARNING - __main__ - 아이템 생성 실패, 건너뜀 url=https://www.cnbc.com/2025/09/24/nvidia-openai-investment-in-cash-mostly-used-to-lease-nvidia-chips.html: (psycopg2.ProgrammingError) can't adapt type 'HttpUrl'
[SQL: INSERT INTO letters.items (batch_id, title, url, description, published_at, content, crawl_status, expires_at) VALUES (%(batch_id)s, %(title)s, %(url)s, %(description)s, %(published_at)s, %(content)s, %(crawl_status)s, %(expires_at)s) RETURNING letters.items.id, letters.items.created_at, letters.items.updated_at]
[parameters: {'batch_id': 1, 'title': "Nvidia's investment in OpenAI will be in cash, and most will be used to lease Nvidia chips", 'url': HttpUrl('https://www.cnbc.com/2025/09/24/nvidia-openai-investment-in-cash-mostly-used-to-lease-nvidia-chips.html'), 'description': "Nvidia's massive investment in OpenAI will come in tranches over time, and most of the money will go back to Nvidia.", 'published_at': None, 'content': None, 'crawl_status': 'PENDING', 'expires_at': datetime.datetime(2025, 9, 26, 14, 38, 39, 42407, tzinfo=datetime.timezone.utc)}]
(Background on this error at: https://sqlalche.me/e/20/f405)
2025-09-25 23:38:40,000 - WARNING - __main__ - 아이템 생성 실패, 건너뜀 url=https://cleantechnica.com/2025/09/24/upgraded-volvo-ex90-charges-even-faster-delivers-new-improved-features/: (psycopg2.ProgrammingError) can't adapt type 'HttpUrl'
[SQL: INSERT INTO letters.items (batch_id, title, url, description, published_at, content, crawl_status, expires_at) VALUES (%(batch_id)s, %(title)s, %(url)s, %(description)s, %(published_at)s, %(content)s, %(crawl_status)s, %(expires_at)s) RETURNING letters.items.id, letters.items.created_at, letters.items.updated_at]
[parameters: {'batch_id': 1, 'title': 'Upgraded Volvo EX90 Charges Even Faster & Delivers New & Improved Features', 'url': HttpUrl('https://cleantechnica.com/2025/09/24/upgraded-volvo-ex90-charges-even-faster-delivers-new-improved-features/'), 'description': 'Volvo Cars is opening the order books for the 2026 Volvo EX90, now enhanced with hardware and software upgrades. Powered by the company’s new 800-vol ... (151 characters truncated) ... ort features. New ... [continued]The post Upgraded Volvo EX90 Charges Even Faster & Delivers New & Improved Features appeared first on CleanTechnica.', 'published_at': None, 'content': None, 'crawl_status': 'PENDING', 'expires_at': datetime.datetime(2025, 9, 26, 14, 38, 39, 42407, tzinfo=datetime.timezone.utc)}]
(Background on this error at: https://sqlalche.me/e/20/f405)
2025-09-25 23:38:40,010 - WARNING - __main__ - 아이템 생성 실패, 건너뜀 url=https://biztoc.com/x/d0f7239341c15b30: (psycopg2.ProgrammingError) can't adapt type 'HttpUrl'
[SQL: INSERT INTO letters.items (batch_id, title, url, description, published_at, content, crawl_status, expires_at) VALUES (%(batch_id)s, %(title)s, %(url)s, %(description)s, %(published_at)s, %(content)s, %(crawl_status)s, %(expires_at)s) RETURNING letters.items.id, letters.items.created_at, letters.items.updated_at]
[parameters: {'batch_id': 1, 'title': "Infineon CEO says 'physical AI' promises most exciting growth opportunities", 'url': HttpUrl('https://biztoc.com/x/d0f7239341c15b30'), 'description': "InterviewInfineon CEO says 'physical AI' promises most exciting growth opportunitiesEurope's top chipmaker working with Nvidia on power, smart robotics solutions for AIInfineon CEO Jochen Hanebeck gives a keynote address at Semicon Taiwan 2025 on Sept. 10 in Taipei. The industry veteran says...", 'published_at': None, 'content': None, 'crawl_status': 'PENDING', 'expires_at': datetime.datetime(2025, 9, 26, 14, 38, 39, 42407, tzinfo=datetime.timezone.utc)}]
(Background on this error at: https://sqlalche.me/e/20/f405)
2025-09-25 23:38:40,014 - WARNING - __main__ - 아이템 생성 실패, 건너뜀 url=https://www.cnbc.com/2025/09/25/cnbc-daily-open-rallies-of-individual-stock-couldnt-push-up-major-indexes.html: (psycopg2.ProgrammingError) can't adapt type 'HttpUrl'
[SQL: INSERT INTO letters.items (batch_id, title, url, description, published_at, content, crawl_status, expires_at) VALUES (%(batch_id)s, %(title)s, %(url)s, %(description)s, %(published_at)s, %(content)s, %(crawl_status)s, %(expires_at)s) RETURNING letters.items.id, letters.items.created_at, letters.items.updated_at]
[parameters: {'batch_id': 1, 'title': "CNBC Daily Open: Rallies of individual stock couldn't push up major indexes", 'url': HttpUrl('https://www.cnbc.com/2025/09/25/cnbc-daily-open-rallies-of-individual-stock-couldnt-push-up-major-indexes.html'), 'description': 'On days like these, it looks like being a trader of individual stocks has its advantages over investing in exchange-traded funds.', 'published_at': None, 'content': None, 'crawl_status': 'PENDING', 'expires_at': datetime.datetime(2025, 9, 26, 14, 38, 39, 42407, tzinfo=datetime.timezone.utc)}]
(Background on this error at: https://sqlalche.me/e/20/f405)
2025-09-25 23:38:40,018 - WARNING - __main__ - 아이템 생성 실패, 건너뜀 url=https://www.insidermonkey.com/blog/10-stocks-crushing-wall-street-ai-stocks-dominate-1616297/: (psycopg2.ProgrammingError) can't adapt type 'HttpUrl'
[SQL: INSERT INTO letters.items (batch_id, title, url, description, published_at, content, crawl_status, expires_at) VALUES (%(batch_id)s, %(title)s, %(url)s, %(description)s, %(published_at)s, %(content)s, %(crawl_status)s, %(expires_at)s) RETURNING letters.items.id, letters.items.created_at, letters.items.updated_at]
[parameters: {'batch_id': 1, 'title': '10 Stocks Crushing Wall Street, AI Stocks Dominate', 'url': HttpUrl('https://www.insidermonkey.com/blog/10-stocks-crushing-wall-street-ai-stocks-dominate-1616297/'), 'description': 'Ten stocks took off on Wednesday, defying a lackluster performance on Wall Street, as investor funds continued to pour in, thanks to company-specific ... (60 characters truncated) ... al intelligence companies, boosted by increased spending in the sector. Four of the 10 soared to new all-time highs. On the other hand, the Dow [...]', 'published_at': None, 'content': None, 'crawl_status': 'PENDING', 'expires_at': datetime.datetime(2025, 9, 26, 14, 38, 39, 42407, tzinfo=datetime.timezone.utc)}]
(Background on this error at: https://sqlalche.me/e/20/f405)
2025-09-25 23:38:40,023 - WARNING - __main__ - 아이템 생성 실패, 건너뜀 url=https://www.insidermonkey.com/blog/renaissance-technologies-portfolio-10-biggest-stocks-1616111/: (psycopg2.ProgrammingError) can't adapt type 'HttpUrl'
[SQL: INSERT INTO letters.items (batch_id, title, url, description, published_at, content, crawl_status, expires_at) VALUES (%(batch_id)s, %(title)s, %(url)s, %(description)s, %(published_at)s, %(content)s, %(crawl_status)s, %(expires_at)s) RETURNING letters.items.id, letters.items.created_at, letters.items.updated_at]
[parameters: {'batch_id': 1, 'title': 'Renaissance Technologies Portfolio: 10 Biggest Stocks', 'url': HttpUrl('https://www.insidermonkey.com/blog/renaissance-technologies-portfolio-10-biggest-stocks-1616111/'), 'description': 'This article looks at the Renaissance Technologies Portfolio: 10 Biggest Stocks. The American quant hedge fund is known for using statistical and mat ... (46 characters truncated) ... ms. It was founded in 1982 by Jim Simons, a mathematician who worked as a code breaker for the US National Security Agency during the Cold War. [...]', 'published_at': None, 'content': None, 'crawl_status': 'PENDING', 'expires_at': datetime.datetime(2025, 9, 26, 14, 38, 39, 42407, tzinfo=datetime.timezone.utc)}]
(Background on this error at: https://sqlalche.me/e/20/f405)
2025-09-25 23:38:40,034 - WARNING - __main__ - 아이템 생성 실패, 건너뜀 url=https://biztoc.com/x/2ba77d7140b072e7: (psycopg2.ProgrammingError) can't adapt type 'HttpUrl'
[SQL: INSERT INTO letters.items (batch_id, title, url, description, published_at, content, crawl_status, expires_at) VALUES (%(batch_id)s, %(title)s, %(url)s, %(description)s, %(published_at)s, %(content)s, %(crawl_status)s, %(expires_at)s) RETURNING letters.items.id, letters.items.created_at, letters.items.updated_at]
[parameters: {'batch_id': 1, 'title': 'Intel and Apple hold investment talks, no deal in sight', 'url': HttpUrl('https://biztoc.com/x/2ba77d7140b072e7'), 'description': 'Following a practically lost decade, Intel has had a busy few months, which culminated in investments by Nvidia and the US government. Now, the chipm ... (2 characters truncated) ... er is looking at Apple to help continue its comeback. Here are the details.As reported by Bloomberg, Intel has been trying to secure an investment...', 'published_at': None, 'content': None, 'crawl_status': 'PENDING', 'expires_at': datetime.datetime(2025, 9, 26, 14, 38, 39, 42407, tzinfo=datetime.timezone.utc)}]
(Background on this error at: https://sqlalche.me/e/20/f405)
2025-09-25 23:38:40,037 - WARNING - __main__ - 아이템 생성 실패, 건너뜀 url=https://www.zerohedge.com/markets/one-year-anniversary-chinas-stealthy-stunning-stock-market-rally: (psycopg2.ProgrammingError) can't adapt type 'HttpUrl'
[SQL: INSERT INTO letters.items (batch_id, title, url, description, published_at, content, crawl_status, expires_at) VALUES (%(batch_id)s, %(title)s, %(url)s, %(description)s, %(published_at)s, %(content)s, %(crawl_status)s, %(expires_at)s) RETURNING letters.items.id, letters.items.created_at, letters.items.updated_at]
[parameters: {'batch_id': 1, 'title': "On The One Year Anniversary Of China's Stealthy But Stunning Stock Market Rally", 'url': HttpUrl('https://www.zerohedge.com/markets/one-year-anniversary-chinas-stealthy-stunning-stock-market-rally'), 'description': 'On The One Year Anniversary Of China\'s Stealthy But Stunning Stock Market Rally One year ago to the day, China’s top financial regulators and centra ... (5606 characters truncated) ...  and to those of you in Hong Kong, stay safe and dry. More in the full Goldman note available to pro subscribers. Tyler DurdenWed, 09/24/2025 - 21:02', 'published_at': None, 'content': None, 'crawl_status': 'PENDING', 'expires_at': datetime.datetime(2025, 9, 26, 14, 38, 39, 42407, tzinfo=datetime.timezone.utc)}]
(Background on this error at: https://sqlalche.me/e/20/f405)
2025-09-25 23:38:40,041 - WARNING - __main__ - 아이템 생성 실패, 건너뜀 url=https://www.nytimes.com/2025/09/24/technology/intel-apple-talks-investment.html: (psycopg2.ProgrammingError) can't adapt type 'HttpUrl'
[SQL: INSERT INTO letters.items (batch_id, title, url, description, published_at, content, crawl_status, expires_at) VALUES (%(batch_id)s, %(title)s, %(url)s, %(description)s, %(published_at)s, %(content)s, %(crawl_status)s, %(expires_at)s) RETURNING letters.items.id, letters.items.created_at, letters.items.updated_at]
[parameters: {'batch_id': 1, 'title': 'Intel Said to Seek Investment From Apple', 'url': HttpUrl('https://www.nytimes.com/2025/09/24/technology/intel-apple-talks-investment.html'), 'description': 'The Silicon Valley chipmaker has held talks with Apple about bolstering its finances as it looks to turn around its ailing business.', 'published_at': None, 'content': None, 'crawl_status': 'PENDING', 'expires_at': datetime.datetime(2025, 9, 26, 14, 38, 39, 42407, tzinfo=datetime.timezone.utc)}]
(Background on this error at: https://sqlalche.me/e/20/f405)
2025-09-25 23:38:40,045 - WARNING - __main__ - 아이템 생성 실패, 건너뜀 url=https://news.google.com/rss/articles/CBMiswFBVV95cUxPSno1ZmRHSFREakxqT2lSV1pJb3JlWDdkalpCNktRdmdkeXNjX0loelYtRms1M1F0cEE1YTl6UlNLeEIyaC1yZUNkdlgtd19tMHpONkZoR3pfQmZjYXU1YWdFeS1xTHRWZ0VvLWF1Ml9HUjJKdGpscVRBLTU5RWE0ZlpXVFRkbS1pcHBtX1l0ZXN0LUFPSjF2YWFwRDVDcWR2Y09UbUVucENRSHp4d1BjLWpQcw?oc=5: (psycopg2.ProgrammingError) can't adapt type 'HttpUrl'
[SQL: INSERT INTO letters.items (batch_id, title, url, description, published_at, content, crawl_status, expires_at) VALUES (%(batch_id)s, %(title)s, %(url)s, %(description)s, %(published_at)s, %(content)s, %(crawl_status)s, %(expires_at)s) RETURNING letters.items.id, letters.items.created_at, letters.items.updated_at]
[parameters: {'batch_id': 1, 'title': 'Alibaba’s AI Ambitions Make It Top-Performing China Tech Stock - Bloomberg.com', 'url': HttpUrl('https://news.google.com/rss/articles/CBMiswFBVV95cUxPSno1ZmRHSFREakxqT2lSV1pJb3JlWDdkalpCNktRdmdkeXNjX0loelYtRms1M1F0cEE1YTl6UlNLeEIyaC1yZUNkdlgtd19tMHpONkZoR3pfQmZjYXU1YWdFeS1xTHRWZ0VvLWF1Ml9HUjJKdGpscVRBLTU5RWE0ZlpXVFRkbS1pcHBtX1l0ZXN0LUFPSjF2YWFwRDVDcWR2Y09UbUVucENRSHp4d1BjLWpQcw?oc=5'), 'description': "Alibaba’s AI Ambitions Make It Top-Performing China Tech Stock Bloomberg.comAlibaba stock soars 8% on expected AI spend, Nvidia pact Yahoo FinanceAli ... (98 characters truncated) ...  U.S. premarket after CEO unveils plans to boost AI spending CNBCChina’s AI Boom Could Outlast the U.S. Why Alibaba’s Bet Is Just the Start. Barron's", 'published_at': None, 'content': None, 'crawl_status': 'PENDING', 'expires_at': datetime.datetime(2025, 9, 26, 14, 38, 39, 42407, tzinfo=datetime.timezone.utc)}]
(Background on this error at: https://sqlalche.me/e/20/f405)
2025-09-25 23:38:40,046 - ERROR - __main__ - 메타 데이터 생성 실패: 유효한 URL이 없습니다.
2025-09-25 23:40:48,118 - INFO - app.core.news_letter.collectors - NEWS_DATA_API 'NVIDIA' 키워드로 10개 기사 메타데이터 수신 성공.
2025-09-25 23:40:48,120 - INFO - app.core.monitoring - 성능 모니터링 - call_news_data_api: 실행시간=0.90초, 메모리변화=+0.0%, 현재메모리=92.2%
2025-09-25 23:40:48,783 - INFO - app.core.news_letter.collectors - 기사 크롤링 완료
2025-09-25 23:40:48,785 - INFO - app.core.monitoring - 성능 모니터링 - crawl_article_with_newspaper3k: 실행시간=0.58초, 메모리변화=+0.0%, 현재메모리=92.2%
2025-09-25 23:40:51,307 - INFO - app.core.news_letter.collectors - 기사 크롤링 완료
2025-09-25 23:40:51,309 - INFO - app.core.monitoring - 성능 모니터링 - crawl_article_with_newspaper3k: 실행시간=2.51초, 메모리변화=+0.0%, 현재메모리=92.2%
2025-09-25 23:40:52,329 - INFO - app.core.news_letter.collectors - 기사 크롤링 완료
2025-09-25 23:40:52,330 - INFO - app.core.monitoring - 성능 모니터링 - crawl_article_with_newspaper3k: 실행시간=1.01초, 메모리변화=+0.0%, 현재메모리=92.2%
2025-09-25 23:40:53,706 - INFO - app.core.monitoring - 성능 모니터링 - crawl_article_with_newspaper3k: 실행시간=1.36초, 메모리변화=+0.0%, 현재메모리=92.2%
2025-09-25 23:40:54,773 - INFO - app.core.monitoring - 성능 모니터링 - crawl_article_with_newspaper3k: 실행시간=1.07초, 메모리변화=+0.0%, 현재메모리=92.2%
2025-09-25 23:40:56,450 - INFO - app.core.news_letter.collectors - 기사 크롤링 완료
2025-09-25 23:40:56,451 - INFO - app.core.monitoring - 성능 모니터링 - crawl_article_with_newspaper3k: 실행시간=1.66초, 메모리변화=+0.1%, 현재메모리=92.3%
2025-09-25 23:40:58,490 - INFO - app.core.news_letter.collectors - 기사 크롤링 완료
2025-09-25 23:40:58,492 - INFO - app.core.monitoring - 성능 모니터링 - crawl_article_with_newspaper3k: 실행시간=2.03초, 메모리변화=+0.0%, 현재메모리=92.3%
2025-09-25 23:40:58,791 - INFO - app.core.news_letter.collectors - 기사 크롤링 완료
2025-09-25 23:40:58,792 - INFO - app.core.monitoring - 성능 모니터링 - crawl_article_with_newspaper3k: 실행시간=0.28초, 메모리변화=+0.0%, 현재메모리=92.3%
2025-09-25 23:40:59,290 - INFO - app.core.news_letter.collectors - 기사 크롤링 완료
2025-09-25 23:40:59,292 - INFO - app.core.monitoring - 성능 모니터링 - crawl_article_with_newspaper3k: 실행시간=0.49초, 메모리변화=+0.0%, 현재메모리=92.3%
2025-09-25 23:40:59,461 - ERROR - app.core.news_letter.collectors - newspaper3k 파싱 중 에러 발생 (URL: https://www.nytimes.com/2025/09/24/technology/intel-apple-talks-investment.html): ArticleException - Article `download()` failed with 403 Client Error: Forbidden for url: https://www.nytimes.com/2025/09/24/technology/intel-apple-talks-investment.html on URL https://www.nytimes.com/2025/09/24/technology/intel-apple-talks-investment.html
2025-09-25 23:40:59,462 - INFO - app.core.monitoring - 성능 모니터링 - crawl_article_with_newspaper3k: 실행시간=0.16초, 메모리변화=+0.0%, 현재메모리=92.3%
2025-09-25 23:40:59,670 - ERROR - app.core.news_letter.collectors - newspaper3k 파싱 중 에러 발생 (URL: https://www.nytimes.com/2025/09/24/technology/intel-apple-talks-investment.html): ArticleException - Article `download()` failed with 403 Client Error: Forbidden for url: https://www.nytimes.com/2025/09/24/technology/intel-apple-talks-investment.html on URL https://www.nytimes.com/2025/09/24/technology/intel-apple-talks-investment.html
2025-09-25 23:40:59,671 - INFO - app.core.monitoring - 성능 모니터링 - crawl_article_with_newspaper3k: 실행시간=0.21초, 메모리변화=+0.0%, 현재메모리=92.3%
2025-09-25 23:41:01,035 - INFO - app.core.news_letter.collectors - 기사 크롤링 완료
2025-09-25 23:41:01,036 - INFO - app.core.monitoring - 성능 모니터링 - crawl_article_with_newspaper3k: 실행시간=1.36초, 메모리변화=+0.0%, 현재메모리=92.3%
2025-09-25 23:41:01,053 - INFO - __main__ - 크롤링 성공(usable) 기사 수: 8
2025-09-25 23:41:18,606 - INFO - httpx - HTTP Request: POST https://api.openai.com/v1/chat/completions "HTTP/1.1 200 OK"
2025-09-25 23:41:18,662 - INFO - app.core.news_letter.processors - LLM 칼럼 초안(JSON) 생성 성공
2025-09-25 23:41:18,663 - WARNING - app.core.monitoring - 성능 모니터링 - build_column_outline_with_llm: 실행시간=17.60초, 메모리변화=+2.4%, 현재메모리=94.7%
2025-09-25 23:41:18,696 - INFO - __main__ - 칼럼 JSON 저장 완료: /home/asd1702/fin_sight_server/data/letters/nvidia_20250925_144118.json
2025-09-26 00:03:04,152 - INFO - app.core.news_letter.collectors - NEWS_DATA_API 'NVIDIA' 키워드로 2개 기사 메타데이터 수신 성공.
2025-09-26 00:03:04,156 - INFO - app.core.monitoring - 성능 모니터링 - call_news_data_api: 실행시간=0.94초, 메모리변화=+0.0%, 현재메모리=93.7%
2025-09-26 00:03:04,174 - WARNING - __main__ - 아이템 생성 실패, 건너뜀 url=https://www.cnbc.com/2025/09/24/nvidia-openai-investment-in-cash-mostly-used-to-lease-nvidia-chips.html: (psycopg2.errors.UniqueViolation) duplicate key value violates unique constraint "uq_letter_item_batch_url"
DETAIL:  Key (batch_id, url)=(2, https://www.cnbc.com/2025/09/24/nvidia-openai-investment-in-cash-mostly-used-to-lease-nvidia-chips.html) already exists.

[SQL: INSERT INTO letters.items (batch_id, title, url, description, published_at, content, crawl_status, expires_at) VALUES (%(batch_id)s, %(title)s, %(url)s, %(description)s, %(published_at)s, %(content)s, %(crawl_status)s, %(expires_at)s) RETURNING letters.items.id, letters.items.created_at, letters.items.updated_at]
[parameters: {'batch_id': 2, 'title': "Nvidia's investment in OpenAI will be in cash, and most will be used to lease Nvidia chips", 'url': 'https://www.cnbc.com/2025/09/24/nvidia-openai-investment-in-cash-mostly-used-to-lease-nvidia-chips.html', 'description': "Nvidia's massive investment in OpenAI will come in tranches over time, and most of the money will go back to Nvidia.", 'published_at': None, 'content': None, 'crawl_status': 'PENDING', 'expires_at': datetime.datetime(2025, 9, 26, 15, 3, 3, 13813, tzinfo=datetime.timezone.utc)}]
(Background on this error at: https://sqlalche.me/e/20/gkpj)
2025-09-26 00:03:04,845 - INFO - app.core.news_letter.collectors - 기사 본문 길이 부족으로 건너뜀: 172자 (최소 200자 필요) - https://biztoc.com/x/cddae7924bbab0fa
2025-09-26 00:03:04,846 - INFO - app.core.monitoring - 성능 모니터링 - crawl_article_with_newspaper3k: 실행시간=0.67초, 메모리변화=+0.0%, 현재메모리=93.7%
2025-09-26 00:03:05,455 - INFO - app.core.news_letter.collectors - 기사 본문 길이 부족으로 건너뜀: 172자 (최소 200자 필요) - https://biztoc.com/x/cddae7924bbab0fa
2025-09-26 00:03:05,456 - INFO - app.core.monitoring - 성능 모니터링 - crawl_article_with_newspaper3k: 실행시간=0.61초, 메모리변화=+0.0%, 현재메모리=93.7%
2025-09-26 00:03:05,488 - INFO - __main__ - 크롤링 성공(usable) 기사 수: 8
2025-09-26 00:03:26,156 - INFO - openai._base_client - Retrying request to /chat/completions in 0.390790 seconds
2025-09-26 00:03:46,667 - INFO - openai._base_client - Retrying request to /chat/completions in 0.812919 seconds
2025-09-26 00:04:07,587 - ERROR - app.core.news_letter.processors - OpenAI 챗 API 연결 에러: APITimeoutError - Request timed out.
2025-09-26 00:04:07,590 - WARNING - app.core.monitoring - 성능 모니터링 - build_column_outline_with_llm: 실행시간=62.09초, 메모리변화=+0.1%, 현재메모리=93.8%
2025-09-26 00:04:27,700 - INFO - openai._base_client - Retrying request to /chat/completions in 0.492956 seconds
2025-09-26 00:04:48,341 - INFO - openai._base_client - Retrying request to /chat/completions in 0.758254 seconds
2025-09-26 00:05:09,218 - ERROR - app.core.news_letter.processors - OpenAI 챗 API 연결 에러: APITimeoutError - Request timed out.
2025-09-26 00:05:09,220 - WARNING - app.core.monitoring - 성능 모니터링 - build_column_outline_with_llm: 실행시간=61.62초, 메모리변화=+0.1%, 현재메모리=93.9%
2025-09-26 00:05:09,220 - ERROR - __main__ - LLM 분석 실패
2025-09-26 00:08:10,472 - INFO - app.core.news_letter.collectors - 기사 본문 길이 부족으로 건너뜀: 172자 (최소 200자 필요) - https://biztoc.com/x/cddae7924bbab0fa
2025-09-26 00:08:10,473 - INFO - app.core.monitoring - 성능 모니터링 - crawl_article_with_newspaper3k: 실행시간=0.59초, 메모리변화=+0.1%, 현재메모리=94.3%
2025-09-26 00:08:11,402 - INFO - app.core.news_letter.collectors - 기사 본문 길이 부족으로 건너뜀: 172자 (최소 200자 필요) - https://biztoc.com/x/cddae7924bbab0fa
2025-09-26 00:08:11,403 - INFO - app.core.monitoring - 성능 모니터링 - crawl_article_with_newspaper3k: 실행시간=0.93초, 메모리변화=-0.1%, 현재메모리=94.2%
2025-09-26 00:08:11,432 - INFO - __main__ - 크롤링 성공(usable) 기사 수: 8
2025-09-26 00:08:31,815 - INFO - openai._base_client - Retrying request to /chat/completions in 0.434004 seconds
2025-09-26 00:08:50,639 - WARNING - app.core.monitoring - 성능 모니터링 - build_column_outline_with_llm: 실행시간=39.20초, 메모리변화=+0.2%, 현재메모리=94.4%
2025-09-26 00:11:52,631 - INFO - app.core.news_letter.collectors - 기사 본문 길이 부족으로 건너뜀: 172자 (최소 200자 필요) - https://biztoc.com/x/cddae7924bbab0fa
2025-09-26 00:11:52,631 - INFO - app.core.monitoring - 성능 모니터링 - crawl_article_with_newspaper3k: 실행시간=0.56초, 메모리변화=+0.0%, 현재메모리=95.1%
2025-09-26 00:11:53,653 - INFO - app.core.news_letter.collectors - 기사 본문 길이 부족으로 건너뜀: 172자 (최소 200자 필요) - https://biztoc.com/x/cddae7924bbab0fa
2025-09-26 00:11:53,654 - INFO - app.core.monitoring - 성능 모니터링 - crawl_article_with_newspaper3k: 실행시간=1.02초, 메모리변화=+0.0%, 현재메모리=95.1%
2025-09-26 00:11:53,682 - INFO - __main__ - 크롤링 성공(usable) 기사 수: 8
2025-09-26 00:12:14,019 - INFO - openai._base_client - Retrying request to /chat/completions in 0.424534 seconds
2025-09-26 00:12:26,679 - WARNING - app.core.monitoring - 성능 모니터링 - build_column_outline_with_llm: 실행시간=32.99초, 메모리변화=-1.4%, 현재메모리=93.7%
2025-09-26 00:12:42,237 - INFO - app.core.news_letter.collectors - 기사 본문 길이 부족으로 건너뜀: 172자 (최소 200자 필요) - https://biztoc.com/x/cddae7924bbab0fa
2025-09-26 00:12:42,237 - INFO - app.core.monitoring - 성능 모니터링 - crawl_article_with_newspaper3k: 실행시간=0.88초, 메모리변화=+0.0%, 현재메모리=93.7%
2025-09-26 00:12:42,770 - INFO - app.core.news_letter.collectors - 기사 본문 길이 부족으로 건너뜀: 172자 (최소 200자 필요) - https://biztoc.com/x/cddae7924bbab0fa
2025-09-26 00:12:42,772 - INFO - app.core.monitoring - 성능 모니터링 - crawl_article_with_newspaper3k: 실행시간=0.53초, 메모리변화=+0.0%, 현재메모리=93.7%
2025-09-26 00:12:42,783 - INFO - __main__ - 크롤링 성공(usable) 기사 수: 8
2025-09-26 00:13:03,154 - INFO - openai._base_client - Retrying request to /chat/completions in 0.461645 seconds
2025-09-26 00:13:06,009 - WARNING - app.core.monitoring - 성능 모니터링 - build_column_outline_with_llm: 실행시간=23.22초, 메모리변화=+0.2%, 현재메모리=93.9%
2025-09-26 01:31:33,355 - INFO - app.core.news_letter.collectors - 기사 본문 길이 부족으로 건너뜀: 172자 (최소 200자 필요) - https://biztoc.com/x/cddae7924bbab0fa
2025-09-26 01:31:33,356 - INFO - app.core.monitoring - 성능 모니터링 - crawl_article_with_newspaper3k: 실행시간=0.90초, 메모리변화=+0.0%, 현재메모리=93.6%
2025-09-26 01:31:34,254 - INFO - app.core.news_letter.collectors - 기사 본문 길이 부족으로 건너뜀: 172자 (최소 200자 필요) - https://biztoc.com/x/cddae7924bbab0fa
2025-09-26 01:31:34,255 - INFO - app.core.monitoring - 성능 모니터링 - crawl_article_with_newspaper3k: 실행시간=0.90초, 메모리변화=+0.0%, 현재메모리=93.6%
2025-09-26 01:31:34,267 - INFO - __main__ - 크롤링 성공(usable) 기사 수: 8
2025-09-26 01:31:52,550 - INFO - httpx - HTTP Request: POST https://api.openai.com/v1/chat/completions "HTTP/1.1 200 OK"
2025-09-26 01:31:52,565 - INFO - app.core.news_letter.processors - LLM 칼럼 초안(JSON) 생성 성공
2025-09-26 01:31:52,565 - WARNING - app.core.monitoring - 성능 모니터링 - build_column_outline_with_llm: 실행시간=18.29초, 메모리변화=+0.1%, 현재메모리=93.7%
2025-09-26 01:31:52,593 - INFO - __main__ - 칼럼 JSON 저장 완료: /home/asd1702/fin_sight_server/data/letters/nvidia_20250925_163152.json
2025-09-26 01:57:33,100 - INFO - __main__ - 캐시 백필 결과: 추가=8, 중복건너뜀=8, 길이부족건너뜀=0, 기준일=2025-09-11T16:57:33.011588+00:00
2025-09-26 01:57:34,172 - INFO - app.core.news_letter.collectors - NEWS_DATA_API 'NVIDIA' 키워드로 2개 기사 메타데이터 수신 성공.
2025-09-26 01:57:34,176 - INFO - app.core.monitoring - 성능 모니터링 - call_news_data_api: 실행시간=1.07초, 메모리변화=+0.1%, 현재메모리=93.1%
2025-09-26 01:57:34,678 - INFO - app.core.news_letter.collectors - 기사 크롤링 완료
2025-09-26 01:57:34,680 - INFO - app.core.monitoring - 성능 모니터링 - crawl_article_with_newspaper3k: 실행시간=0.49초, 메모리변화=+0.0%, 현재메모리=93.1%
2025-09-26 01:57:35,058 - INFO - app.core.news_letter.collectors - 기사 크롤링 완료
2025-09-26 01:57:35,059 - INFO - app.core.monitoring - 성능 모니터링 - crawl_article_with_newspaper3k: 실행시간=0.37초, 메모리변화=+0.0%, 현재메모리=93.1%
2025-09-26 01:57:35,069 - INFO - __main__ - 크롤링 성공(usable) 기사 수: 10
2025-09-26 01:57:55,401 - INFO - openai._base_client - Retrying request to /chat/completions in 0.475755 seconds
2025-09-26 01:58:15,951 - INFO - openai._base_client - Retrying request to /chat/completions in 0.840672 seconds
2025-09-26 01:58:36,878 - ERROR - app.core.news_letter.processors - OpenAI 챗 API 연결 에러: APITimeoutError - Request timed out.
2025-09-26 01:58:36,883 - WARNING - app.core.monitoring - 성능 모니터링 - build_column_outline_with_llm: 실행시간=61.81초, 메모리변화=-0.1%, 현재메모리=93.0%
2025-09-26 01:58:57,013 - INFO - openai._base_client - Retrying request to /chat/completions in 0.451451 seconds
2025-09-26 01:59:17,547 - INFO - openai._base_client - Retrying request to /chat/completions in 0.822184 seconds
2025-09-26 01:59:38,441 - ERROR - app.core.news_letter.processors - OpenAI 챗 API 연결 에러: APITimeoutError - Request timed out.
2025-09-26 01:59:38,443 - WARNING - app.core.monitoring - 성능 모니터링 - build_column_outline_with_llm: 실행시간=61.55초, 메모리변화=+0.1%, 현재메모리=93.1%
2025-09-26 01:59:38,443 - ERROR - __main__ - LLM 분석 실패
2025-09-26 02:00:44,757 - INFO - __main__ - 크롤링 성공(usable) 기사 수: 10
2025-09-26 02:01:22,461 - INFO - httpx - HTTP Request: POST https://api.openai.com/v1/chat/completions "HTTP/1.1 200 OK"
2025-09-26 02:01:22,498 - INFO - app.core.news_letter.processors - LLM 칼럼 초안(JSON) 생성 성공 - 시도 1/3 (기사 8개, 예산 22000)
2025-09-26 02:01:22,501 - WARNING - app.core.monitoring - 성능 모니터링 - build_column_outline_with_llm: 실행시간=37.74초, 메모리변화=+0.1%, 현재메모리=93.7%
2025-09-26 02:01:22,531 - INFO - __main__ - 칼럼 JSON 저장 완료: /home/asd1702/fin_sight_server/data/letters/nvidia_20250925_170122.json
2025-09-29 22:32:49,600 - ERROR - app.utils.prompt_manager - 심각한 오류: 프롬프트 파일(/home/asd1702/fin_sight_server/app/prompts.yaml)을 찾을 수 없습니다.
2025-09-29 22:34:36,490 - ERROR - app.utils.prompt_manager - 심각한 오류: 프롬프트 파일(/home/asd1702/fin_sight_server/app/prompts.yaml)을 찾을 수 없습니다.
2025-09-29 22:46:38,736 - ERROR - app.utils.prompt_manager - 심각한 오류: 프롬프트 파일(/home/asd1702/fin_sight_server/prompts.yaml)을 찾을 수 없습니다.
2025-09-29 22:49:46,146 - ERROR - app.utils.prompt_manager - 심각한 오류: 프롬프트 파일(/home/asd1702/fin_sight_server/prompts.yaml)을 찾을 수 없습니다.
2025-09-29 22:54:59,873 - ERROR - app.utils.prompt_manager - 심각한 오류: 프롬프트 파일(/home/asd1702/fin_sight_server/prompts.yaml)을 찾을 수 없습니다.
2025-09-29 22:55:00,221 - INFO - __main__ - 캐시 백필 결과: 추가=10, 중복건너뜀=0, 길이부족건너뜀=0, 기준일=2025-09-15T13:55:00.099909+00:00
2025-09-29 22:55:00,225 - INFO - __main__ - 크롤링 성공(usable) 기사 수: 10
2025-09-29 22:55:00,228 - ERROR - app.utils.prompt_manager - 'company'에 대한 'bundle' 프롬프트를 찾을 수 없습니다.
2025-09-29 22:55:00,232 - INFO - app.core.monitoring - 성능 모니터링 - build_column_outline_with_llm: 실행시간=0.00초, 메모리변화=+0.0%, 현재메모리=81.0%
2025-09-29 22:55:00,237 - ERROR - app.utils.prompt_manager - 'company'에 대한 'bundle' 프롬프트를 찾을 수 없습니다.
2025-09-29 22:55:00,237 - INFO - app.core.monitoring - 성능 모니터링 - build_column_outline_with_llm: 실행시간=0.00초, 메모리변화=+0.0%, 현재메모리=81.0%
2025-09-29 22:55:00,238 - ERROR - __main__ - LLM 분석 실패
2025-09-29 22:58:31,583 - INFO - __main__ - 크롤링 성공(usable) 기사 수: 10
2025-09-29 22:58:59,160 - INFO - httpx - HTTP Request: POST https://api.openai.com/v1/chat/completions "HTTP/1.1 200 OK"
2025-09-29 22:58:59,208 - INFO - app.core.news_letter.processors - LLM 칼럼 초안(JSON) 생성 성공 - 시도 1/3 (topic: company, 기사 8개, 예산 22000)
2025-09-29 22:58:59,209 - WARNING - app.core.monitoring - 성능 모니터링 - build_column_outline_with_llm: 실행시간=27.62초, 메모리변화=+0.1%, 현재메모리=81.5%
2025-09-29 22:58:59,242 - INFO - __main__ - 칼럼 JSON 저장 완료: /home/asd1702/fin_sight_server/scripts/data/letters/nvidia_20250929_135859.json
2025-09-30 16:10:49,109 - INFO - __main__ - 이미 outline 존재 → 스킵 (sector=macro, key=us_economy, file=macro_us_economy_20250929_183504.json)
2025-09-30 16:10:49,114 - INFO - __main__ - 이미 outline 존재 → 스킵 (sector=market, key=us_market, file=market_us_market_20250929_183731.json)
2025-09-30 16:10:49,116 - INFO - __main__ - 이미 outline 존재 → 스킵 (sector=tech, key=ai_industry, file=tech_ai_industry_20250929_183945.json)
2025-09-30 16:10:49,116 - INFO - __main__ - Backfill 완료: 생성 0, 스킵 3
2025-09-30 16:12:39,016 - INFO - __main__ - 이미 outline 존재 → 스킵 (sector=macro, key=us_economy, file=macro_us_economy_20250929_183504.json)
2025-09-30 16:12:39,019 - INFO - __main__ - 이미 outline 존재 → 스킵 (sector=market, key=us_market, file=market_us_market_20250929_183731.json)
2025-09-30 16:12:39,020 - INFO - __main__ - 이미 outline 존재 → 스킵 (sector=tech, key=ai_industry, file=tech_ai_industry_20250929_183945.json)
2025-09-30 16:12:39,021 - INFO - __main__ - Backfill 완료: 생성 0, 스킵 3
2025-09-30 16:18:02,738 - INFO - __main__ - 캐시 백필 결과: 추가=0, 중복건너뜀=0, 길이부족건너뜀=0, 기준일=2025-09-16T07:18:02.735869+00:00
2025-09-30 16:18:03,543 - INFO - app.core.news_letter.collectors - NEWS_DATA_API 수신 성공: 10개 (q=s OR a OR m OR s OR u OR n OR g)
2025-09-30 16:18:03,546 - INFO - app.core.monitoring - 성능 모니터링 - call_news_data_api: 실행시간=0.81초, 메모리변화=+0.0%, 현재메모리=58.1%
2025-09-30 16:18:04,005 - INFO - app.core.news_letter.collectors - 기사 크롤링 완료
2025-09-30 16:18:04,006 - INFO - app.core.monitoring - 성능 모니터링 - crawl_article_with_newspaper3k: 실행시간=0.41초, 메모리변화=+0.1%, 현재메모리=58.2%
2025-09-30 16:18:05,072 - INFO - app.core.news_letter.collectors - 기사 크롤링 완료
2025-09-30 16:18:05,073 - INFO - app.core.monitoring - 성능 모니터링 - crawl_article_with_newspaper3k: 실행시간=1.06초, 메모리변화=+0.0%, 현재메모리=58.2%
2025-09-30 16:18:05,191 - ERROR - app.core.news_letter.collectors - newspaper3k 파싱 중 에러 발생 (URL: https://thesportsrush.com/nfl-news-ex-alabama-star-wants-nil-to-go-back-to-its-true-form-cites-johnny-manziels-texas-am-jersey-sales-as-example/): ArticleException - Article `download()` failed with 429 Client Error: Too Many Requests for url: https://thesportsrush.com/nfl-news-ex-alabama-star-wants-nil-to-go-back-to-its-true-form-cites-johnny-manziels-texas-am-jersey-sales-as-example/ on URL https://thesportsrush.com/nfl-news-ex-alabama-star-wants-nil-to-go-back-to-its-true-form-cites-johnny-manziels-texas-am-jersey-sales-as-example/
2025-09-30 16:18:05,192 - INFO - app.core.monitoring - 성능 모니터링 - crawl_article_with_newspaper3k: 실행시간=0.11초, 메모리변화=+0.0%, 현재메모리=58.2%
2025-09-30 16:18:05,298 - ERROR - app.core.news_letter.collectors - newspaper3k 파싱 중 에러 발생 (URL: https://thesportsrush.com/nfl-news-ex-alabama-star-wants-nil-to-go-back-to-its-true-form-cites-johnny-manziels-texas-am-jersey-sales-as-example/): ArticleException - Article `download()` failed with 429 Client Error: Too Many Requests for url: https://thesportsrush.com/nfl-news-ex-alabama-star-wants-nil-to-go-back-to-its-true-form-cites-johnny-manziels-texas-am-jersey-sales-as-example/ on URL https://thesportsrush.com/nfl-news-ex-alabama-star-wants-nil-to-go-back-to-its-true-form-cites-johnny-manziels-texas-am-jersey-sales-as-example/
2025-09-30 16:18:05,298 - INFO - app.core.monitoring - 성능 모니터링 - crawl_article_with_newspaper3k: 실행시간=0.11초, 메모리변화=+0.0%, 현재메모리=58.2%
2025-09-30 16:18:06,080 - INFO - app.core.news_letter.collectors - 기사 크롤링 완료
2025-09-30 16:18:06,081 - INFO - app.core.monitoring - 성능 모니터링 - crawl_article_with_newspaper3k: 실행시간=0.77초, 메모리변화=+0.0%, 현재메모리=58.2%
2025-09-30 16:18:06,193 - ERROR - app.core.news_letter.collectors - newspaper3k 파싱 중 에러 발생 (URL: https://www.fastcompany.com/91412820/ai-investment-consumer-spending-economy-chat-gpt): ArticleException - Article `download()` failed with 403 Client Error: Forbidden for url: https://www.fastcompany.com/91412820/ai-investment-consumer-spending-economy-chat-gpt on URL https://www.fastcompany.com/91412820/ai-investment-consumer-spending-economy-chat-gpt
2025-09-30 16:18:06,193 - INFO - app.core.monitoring - 성능 모니터링 - crawl_article_with_newspaper3k: 실행시간=0.11초, 메모리변화=+0.0%, 현재메모리=58.2%
2025-09-30 16:18:06,292 - ERROR - app.core.news_letter.collectors - newspaper3k 파싱 중 에러 발생 (URL: https://www.fastcompany.com/91412820/ai-investment-consumer-spending-economy-chat-gpt): ArticleException - Article `download()` failed with 403 Client Error: Forbidden for url: https://www.fastcompany.com/91412820/ai-investment-consumer-spending-economy-chat-gpt on URL https://www.fastcompany.com/91412820/ai-investment-consumer-spending-economy-chat-gpt
2025-09-30 16:18:06,294 - INFO - app.core.monitoring - 성능 모니터링 - crawl_article_with_newspaper3k: 실행시간=0.10초, 메모리변화=+0.0%, 현재메모리=58.2%
2025-09-30 16:18:07,066 - INFO - app.core.news_letter.collectors - 기사 크롤링 완료
2025-09-30 16:18:07,067 - INFO - app.core.monitoring - 성능 모니터링 - crawl_article_with_newspaper3k: 실행시간=0.77초, 메모리변화=+0.0%, 현재메모리=58.2%
2025-09-30 16:18:07,973 - INFO - app.core.news_letter.collectors - 기사 크롤링 완료
2025-09-30 16:18:07,973 - INFO - app.core.monitoring - 성능 모니터링 - crawl_article_with_newspaper3k: 실행시간=0.90초, 메모리변화=+0.0%, 현재메모리=58.2%
2025-09-30 16:18:09,253 - INFO - app.core.news_letter.collectors - 기사 크롤링 완료
2025-09-30 16:18:09,253 - INFO - app.core.monitoring - 성능 모니터링 - crawl_article_with_newspaper3k: 실행시간=1.27초, 메모리변화=+0.0%, 현재메모리=58.2%
2025-09-30 16:18:09,695 - INFO - app.core.news_letter.collectors - 기사 크롤링 완료
2025-09-30 16:18:09,695 - INFO - app.core.monitoring - 성능 모니터링 - crawl_article_with_newspaper3k: 실행시간=0.44초, 메모리변화=+0.0%, 현재메모리=58.2%
2025-09-30 16:18:10,027 - INFO - app.core.news_letter.collectors - 기사 크롤링 완료
2025-09-30 16:18:10,027 - INFO - app.core.monitoring - 성능 모니터링 - crawl_article_with_newspaper3k: 실행시간=0.33초, 메모리변화=+0.1%, 현재메모리=58.3%
2025-09-30 16:18:10,030 - INFO - __main__ - 크롤링 성공(usable) 기사 수: 8
2025-09-30 16:18:25,672 - INFO - httpx - HTTP Request: POST https://api.openai.com/v1/chat/completions "HTTP/1.1 200 OK"
2025-09-30 16:18:25,688 - INFO - app.core.news_letter.processors - LLM 칼럼 초안(JSON) 생성 성공 - 시도 1/3 (topic: company, 기사 8개, 예산 22000)
2025-09-30 16:18:25,689 - WARNING - app.core.monitoring - 성능 모니터링 - build_column_outline_with_llm: 실행시간=15.66초, 메모리변화=+0.2%, 현재메모리=58.5%
2025-09-30 16:23:51,008 - INFO - __main__ - 동적 company 실행 (key=samsung) - sectors.yaml 미정의, 기본 설정 사용
2025-09-30 16:23:51,162 - ERROR - app.core.news_letter.collectors - newspaper3k 파싱 중 에러 발생 (URL: https://thesportsrush.com/nfl-news-ex-alabama-star-wants-nil-to-go-back-to-its-true-form-cites-johnny-manziels-texas-am-jersey-sales-as-example/): ArticleException - Article `download()` failed with 429 Client Error: Too Many Requests for url: https://thesportsrush.com/nfl-news-ex-alabama-star-wants-nil-to-go-back-to-its-true-form-cites-johnny-manziels-texas-am-jersey-sales-as-example/ on URL https://thesportsrush.com/nfl-news-ex-alabama-star-wants-nil-to-go-back-to-its-true-form-cites-johnny-manziels-texas-am-jersey-sales-as-example/
2025-09-30 16:23:51,163 - INFO - app.core.monitoring - 성능 모니터링 - crawl_article_with_newspaper3k: 실행시간=0.10초, 메모리변화=+0.0%, 현재메모리=57.3%
2025-09-30 16:23:51,264 - ERROR - app.core.news_letter.collectors - newspaper3k 파싱 중 에러 발생 (URL: https://thesportsrush.com/nfl-news-ex-alabama-star-wants-nil-to-go-back-to-its-true-form-cites-johnny-manziels-texas-am-jersey-sales-as-example/): ArticleException - Article `download()` failed with 429 Client Error: Too Many Requests for url: https://thesportsrush.com/nfl-news-ex-alabama-star-wants-nil-to-go-back-to-its-true-form-cites-johnny-manziels-texas-am-jersey-sales-as-example/ on URL https://thesportsrush.com/nfl-news-ex-alabama-star-wants-nil-to-go-back-to-its-true-form-cites-johnny-manziels-texas-am-jersey-sales-as-example/
2025-09-30 16:23:51,264 - INFO - app.core.monitoring - 성능 모니터링 - crawl_article_with_newspaper3k: 실행시간=0.10초, 메모리변화=+0.0%, 현재메모리=57.3%
2025-09-30 16:23:51,375 - ERROR - app.core.news_letter.collectors - newspaper3k 파싱 중 에러 발생 (URL: https://www.fastcompany.com/91412820/ai-investment-consumer-spending-economy-chat-gpt): ArticleException - Article `download()` failed with 403 Client Error: Forbidden for url: https://www.fastcompany.com/91412820/ai-investment-consumer-spending-economy-chat-gpt on URL https://www.fastcompany.com/91412820/ai-investment-consumer-spending-economy-chat-gpt
2025-09-30 16:23:51,376 - INFO - app.core.monitoring - 성능 모니터링 - crawl_article_with_newspaper3k: 실행시간=0.11초, 메모리변화=+0.0%, 현재메모리=57.3%
2025-09-30 16:23:51,472 - ERROR - app.core.news_letter.collectors - newspaper3k 파싱 중 에러 발생 (URL: https://www.fastcompany.com/91412820/ai-investment-consumer-spending-economy-chat-gpt): ArticleException - Article `download()` failed with 403 Client Error: Forbidden for url: https://www.fastcompany.com/91412820/ai-investment-consumer-spending-economy-chat-gpt on URL https://www.fastcompany.com/91412820/ai-investment-consumer-spending-economy-chat-gpt
2025-09-30 16:23:51,473 - INFO - app.core.monitoring - 성능 모니터링 - crawl_article_with_newspaper3k: 실행시간=0.10초, 메모리변화=+0.0%, 현재메모리=57.3%
2025-09-30 16:23:51,484 - INFO - app.core.news_letter.articles - prepare_articles 완료: usable=8/12
2025-09-30 16:24:11,373 - INFO - httpx - HTTP Request: POST https://api.openai.com/v1/chat/completions "HTTP/1.1 200 OK"
2025-09-30 16:24:11,387 - INFO - app.core.news_letter.processors - LLM 칼럼 초안(JSON) 생성 성공 - 시도 1/3 (topic: company, 기사 8개, 예산 22000)
2025-09-30 16:24:11,388 - WARNING - app.core.monitoring - 성능 모니터링 - build_column_outline_with_llm: 실행시간=19.90초, 메모리변화=+0.2%, 현재메모리=57.5%
2025-09-30 16:24:11,406 - INFO - __main__ - 섹터 파이프라인 완료: (sector=company, key=samsung, batch_id=12) DB 저장
2025-09-30 16:25:57,970 - INFO - __main__ - 동적 company 실행 (key=NVIDIA) - sectors.yaml 미정의, 기본 설정 사용
2025-09-30 16:25:58,019 - INFO - app.core.news_letter.articles - prepare_articles 완료: usable=10/12
2025-09-30 16:26:31,804 - INFO - httpx - HTTP Request: POST https://api.openai.com/v1/chat/completions "HTTP/1.1 200 OK"
2025-09-30 16:26:31,812 - INFO - app.core.news_letter.processors - LLM 칼럼 초안(JSON) 생성 성공 - 시도 1/3 (topic: company, 기사 8개, 예산 22000)
2025-09-30 16:26:31,813 - WARNING - app.core.monitoring - 성능 모니터링 - build_column_outline_with_llm: 실행시간=33.79초, 메모리변화=+0.1%, 현재메모리=57.9%
2025-10-01 19:23:04,976 - INFO - __main__ - Loading catalog from data/catalog_core15.json
2025-10-01 19:23:05,033 - INFO - __main__ - Upserted 6 indicators
2025-10-01 19:23:05,038 - INFO - __main__ - Bootstrapped 6 indicator_state rows
2025-10-01 19:23:05,046 - INFO - __main__ - Done.
2025-10-01 19:31:51,125 - ERROR - __main__ - Ingestion run failed
Traceback (most recent call last):
  File "/home/asd1702/fin_sight_server/scripts/ingest_ecos_incremental.py", line 43, in main
    run_id = run_incremental(session, recheck_days=args.recheck_days, initial_date=initial_date)
  File "/home/asd1702/fin_sight_server/app/pipelines/ecos/orchestrator.py", line 26, in run_incremental
    api = EcosApiClient()
  File "/home/asd1702/fin_sight_server/app/pipelines/ecos/api_client.py", line 48, in __init__
    raise ValueError("ECOS_API_KEY not set in environment or passed to EcosApiClient")
ValueError: ECOS_API_KEY not set in environment or passed to EcosApiClient
2025-10-01 19:34:23,112 - INFO - __main__ - Ingestion run completed: ddd687a0-81ef-43fc-8418-e4d2a8a30f45
2025-10-01 19:42:32,413 - INFO - app.pipelines.ecos.orchestrator - Indicator kr.cpi.headline.m fetched=0 valid=0 inserted=0 rejected=0 start=2000-01-01 end=2025-09-30
2025-10-01 19:42:33,364 - INFO - app.pipelines.ecos.orchestrator - Indicator kr.ppi.m fetched=0 valid=0 inserted=0 rejected=0 start=2000-01-01 end=2025-09-30
2025-10-01 19:42:38,506 - INFO - app.pipelines.ecos.orchestrator - Indicator kr.base.rate.d fetched=0 valid=0 inserted=0 rejected=0 start=2000-01-01 end=2025-09-30
2025-10-01 19:42:40,320 - INFO - app.pipelines.ecos.orchestrator - Indicator fx.usdkrw.m fetched=0 valid=0 inserted=0 rejected=0 start=2000-01-01 end=2025-09-30
2025-10-01 19:42:43,630 - INFO - app.pipelines.ecos.orchestrator - Indicator kr.current.account.m fetched=0 valid=0 inserted=0 rejected=0 start=2000-01-01 end=2025-09-30
2025-10-01 19:42:59,582 - INFO - app.pipelines.ecos.orchestrator - Indicator kr.kospi.d fetched=0 valid=0 inserted=0 rejected=0 start=2000-01-01 end=2025-09-30
2025-10-01 19:42:59,598 - INFO - __main__ - Ingestion run completed: 566d367f-f367-4155-8350-c6ae2111a642
2025-10-01 19:55:42,043 - DEBUG - app.pipelines.ecos.api_client - ECOS URL https://ecos.bok.or.kr/api/StatisticSearch/J36Y0CNVMK1HCDOIPTH1/json/kr/1/1000/901Y009/M/200001/202509/0///
2025-10-01 19:55:42,049 - DEBUG - urllib3.connectionpool - Starting new HTTPS connection (1): ecos.bok.or.kr:443
2025-10-01 19:55:42,973 - DEBUG - urllib3.connectionpool - https://ecos.bok.or.kr:443 "GET /api/StatisticSearch/J36Y0CNVMK1HCDOIPTH1/json/kr/1/1000/901Y009/M/200001/202509/0/// HTTP/1.1" 200 None
2025-10-01 19:55:45,921 - DEBUG - app.pipelines.ecos.api_client - ECOS response keys=['StatisticSearch']
2025-10-01 19:55:45,924 - INFO - app.pipelines.ecos.orchestrator - Indicator kr.cpi.headline.m fetched=0 valid=0 inserted=0 rejected=0 start=2000-01-01 end=2025-09-30
2025-10-01 19:55:45,928 - DEBUG - app.pipelines.ecos.api_client - ECOS URL https://ecos.bok.or.kr/api/StatisticSearch/J36Y0CNVMK1HCDOIPTH1/json/kr/1/1000/404Y014/M/200001/202509/*AA///
2025-10-01 19:55:45,930 - DEBUG - urllib3.connectionpool - Starting new HTTPS connection (1): ecos.bok.or.kr:443
2025-10-01 19:55:46,386 - DEBUG - urllib3.connectionpool - https://ecos.bok.or.kr:443 "GET /api/StatisticSearch/J36Y0CNVMK1HCDOIPTH1/json/kr/1/1000/404Y014/M/200001/202509/*AA/// HTTP/1.1" 200 None
2025-10-01 19:55:46,756 - DEBUG - app.pipelines.ecos.api_client - ECOS response keys=['StatisticSearch']
2025-10-01 19:55:46,758 - INFO - app.pipelines.ecos.orchestrator - Indicator kr.ppi.m fetched=0 valid=0 inserted=0 rejected=0 start=2000-01-01 end=2025-09-30
2025-10-01 19:55:46,761 - DEBUG - app.pipelines.ecos.api_client - ECOS URL https://ecos.bok.or.kr/api/StatisticSearch/J36Y0CNVMK1HCDOIPTH1/json/kr/1/1000/722Y001/M/200001/202509/0101000///
2025-10-01 19:55:46,762 - DEBUG - urllib3.connectionpool - Starting new HTTPS connection (1): ecos.bok.or.kr:443
2025-10-01 19:55:47,086 - DEBUG - urllib3.connectionpool - https://ecos.bok.or.kr:443 "GET /api/StatisticSearch/J36Y0CNVMK1HCDOIPTH1/json/kr/1/1000/722Y001/M/200001/202509/0101000/// HTTP/1.1" 200 None
2025-10-01 19:55:49,612 - DEBUG - app.pipelines.ecos.api_client - ECOS response keys=['StatisticSearch']
2025-10-01 19:55:49,615 - INFO - app.pipelines.ecos.orchestrator - Indicator kr.base.rate.d fetched=0 valid=0 inserted=0 rejected=0 start=2000-01-01 end=2025-09-30
2025-10-01 19:55:49,618 - DEBUG - app.pipelines.ecos.api_client - ECOS URL https://ecos.bok.or.kr/api/StatisticSearch/J36Y0CNVMK1HCDOIPTH1/json/kr/1/1000/731Y004/M/200001/202509/0000001/0000100//
2025-10-01 19:55:49,619 - DEBUG - urllib3.connectionpool - Starting new HTTPS connection (1): ecos.bok.or.kr:443
2025-10-01 19:55:52,572 - DEBUG - urllib3.connectionpool - https://ecos.bok.or.kr:443 "GET /api/StatisticSearch/J36Y0CNVMK1HCDOIPTH1/json/kr/1/1000/731Y004/M/200001/202509/0000001/0000100// HTTP/1.1" 200 None
2025-10-01 19:55:54,309 - DEBUG - app.pipelines.ecos.api_client - ECOS response keys=['StatisticSearch']
2025-10-01 19:55:54,311 - INFO - app.pipelines.ecos.orchestrator - Indicator fx.usdkrw.m fetched=0 valid=0 inserted=0 rejected=0 start=2000-01-01 end=2025-09-30
2025-10-01 19:55:54,318 - DEBUG - app.pipelines.ecos.api_client - ECOS URL https://ecos.bok.or.kr/api/StatisticSearch/J36Y0CNVMK1HCDOIPTH1/json/kr/1/1000/301Y017/M/200001/202509/SA000///
2025-10-01 19:55:54,320 - DEBUG - urllib3.connectionpool - Starting new HTTPS connection (1): ecos.bok.or.kr:443
2025-10-01 19:55:54,689 - DEBUG - urllib3.connectionpool - https://ecos.bok.or.kr:443 "GET /api/StatisticSearch/J36Y0CNVMK1HCDOIPTH1/json/kr/1/1000/301Y017/M/200001/202509/SA000/// HTTP/1.1" 200 None
2025-10-01 19:55:55,143 - DEBUG - app.pipelines.ecos.api_client - ECOS response keys=['StatisticSearch']
2025-10-01 19:55:55,145 - INFO - app.pipelines.ecos.orchestrator - Indicator kr.current.account.m fetched=0 valid=0 inserted=0 rejected=0 start=2000-01-01 end=2025-09-30
2025-10-01 19:55:55,148 - DEBUG - app.pipelines.ecos.api_client - ECOS URL https://ecos.bok.or.kr/api/StatisticSearch/J36Y0CNVMK1HCDOIPTH1/json/kr/1/1000/802Y001/D/20000101/20250930/0001000///
2025-10-01 19:55:55,150 - DEBUG - urllib3.connectionpool - Starting new HTTPS connection (1): ecos.bok.or.kr:443
2025-10-01 19:55:55,810 - DEBUG - urllib3.connectionpool - https://ecos.bok.or.kr:443 "GET /api/StatisticSearch/J36Y0CNVMK1HCDOIPTH1/json/kr/1/1000/802Y001/D/20000101/20250930/0001000/// HTTP/1.1" 200 None
2025-10-01 19:55:57,078 - DEBUG - app.pipelines.ecos.api_client - ECOS response keys=['StatisticSearch']
2025-10-01 19:55:57,081 - INFO - app.pipelines.ecos.orchestrator - Indicator kr.kospi.d fetched=0 valid=0 inserted=0 rejected=0 start=2000-01-01 end=2025-09-30
2025-10-01 19:55:57,116 - INFO - __main__ - Ingestion run completed: 3c0f3776-9365-4454-a409-7cd9adcafdf6
2025-10-01 19:59:29,706 - DEBUG - app.pipelines.ecos.api_client - ECOS URL https://ecos.bok.or.kr/api/StatisticSearch/J36Y0CNVMK1HCDOIPTH1/json/kr/1/1000/901Y009/M/200001/202509/0///
2025-10-01 19:59:29,712 - DEBUG - urllib3.connectionpool - Starting new HTTPS connection (1): ecos.bok.or.kr:443
2025-10-01 19:59:30,410 - DEBUG - urllib3.connectionpool - https://ecos.bok.or.kr:443 "GET /api/StatisticSearch/J36Y0CNVMK1HCDOIPTH1/json/kr/1/1000/901Y009/M/200001/202509/0/// HTTP/1.1" 200 None
2025-10-01 19:59:30,593 - DEBUG - app.pipelines.ecos.api_client - ECOS response keys=['StatisticSearch']
2025-10-01 19:59:30,596 - INFO - app.pipelines.ecos.orchestrator - Indicator kr.cpi.headline.m fetched=0 valid=0 inserted=0 rejected=0 start=2000-01-01 end=2025-09-30
2025-10-01 19:59:30,599 - DEBUG - app.pipelines.ecos.api_client - ECOS URL https://ecos.bok.or.kr/api/StatisticSearch/J36Y0CNVMK1HCDOIPTH1/json/kr/1/1000/404Y014/M/200001/202509/*AA///
2025-10-01 19:59:30,601 - DEBUG - urllib3.connectionpool - Starting new HTTPS connection (1): ecos.bok.or.kr:443
2025-10-01 19:59:30,959 - DEBUG - urllib3.connectionpool - https://ecos.bok.or.kr:443 "GET /api/StatisticSearch/J36Y0CNVMK1HCDOIPTH1/json/kr/1/1000/404Y014/M/200001/202509/*AA/// HTTP/1.1" 200 None
2025-10-01 19:59:31,161 - DEBUG - app.pipelines.ecos.api_client - ECOS response keys=['StatisticSearch']
2025-10-01 19:59:31,163 - INFO - app.pipelines.ecos.orchestrator - Indicator kr.ppi.m fetched=0 valid=0 inserted=0 rejected=0 start=2000-01-01 end=2025-09-30
2025-10-01 19:59:31,166 - DEBUG - app.pipelines.ecos.api_client - ECOS URL https://ecos.bok.or.kr/api/StatisticSearch/J36Y0CNVMK1HCDOIPTH1/json/kr/1/1000/722Y001/M/200001/202509/0101000///
2025-10-01 19:59:31,167 - DEBUG - urllib3.connectionpool - Starting new HTTPS connection (1): ecos.bok.or.kr:443
2025-10-01 19:59:31,557 - DEBUG - urllib3.connectionpool - https://ecos.bok.or.kr:443 "GET /api/StatisticSearch/J36Y0CNVMK1HCDOIPTH1/json/kr/1/1000/722Y001/M/200001/202509/0101000/// HTTP/1.1" 200 None
2025-10-01 19:59:31,912 - DEBUG - app.pipelines.ecos.api_client - ECOS response keys=['StatisticSearch']
2025-10-01 19:59:31,915 - INFO - app.pipelines.ecos.orchestrator - Indicator kr.base.rate.d fetched=0 valid=0 inserted=0 rejected=0 start=2000-01-01 end=2025-09-30
2025-10-01 19:59:31,918 - DEBUG - app.pipelines.ecos.api_client - ECOS URL https://ecos.bok.or.kr/api/StatisticSearch/J36Y0CNVMK1HCDOIPTH1/json/kr/1/1000/731Y004/M/200001/202509/0000001/0000100//
2025-10-01 19:59:31,920 - DEBUG - urllib3.connectionpool - Starting new HTTPS connection (1): ecos.bok.or.kr:443
2025-10-01 19:59:32,345 - DEBUG - urllib3.connectionpool - https://ecos.bok.or.kr:443 "GET /api/StatisticSearch/J36Y0CNVMK1HCDOIPTH1/json/kr/1/1000/731Y004/M/200001/202509/0000001/0000100// HTTP/1.1" 200 None
2025-10-01 19:59:32,698 - DEBUG - app.pipelines.ecos.api_client - ECOS response keys=['StatisticSearch']
2025-10-01 19:59:32,701 - INFO - app.pipelines.ecos.orchestrator - Indicator fx.usdkrw.m fetched=0 valid=0 inserted=0 rejected=0 start=2000-01-01 end=2025-09-30
2025-10-01 19:59:32,704 - DEBUG - app.pipelines.ecos.api_client - ECOS URL https://ecos.bok.or.kr/api/StatisticSearch/J36Y0CNVMK1HCDOIPTH1/json/kr/1/1000/301Y017/M/200001/202509/SA000///
2025-10-01 19:59:32,705 - DEBUG - urllib3.connectionpool - Starting new HTTPS connection (1): ecos.bok.or.kr:443
2025-10-01 19:59:33,161 - DEBUG - urllib3.connectionpool - https://ecos.bok.or.kr:443 "GET /api/StatisticSearch/J36Y0CNVMK1HCDOIPTH1/json/kr/1/1000/301Y017/M/200001/202509/SA000/// HTTP/1.1" 200 None
2025-10-01 19:59:33,420 - DEBUG - app.pipelines.ecos.api_client - ECOS response keys=['StatisticSearch']
2025-10-01 19:59:33,422 - INFO - app.pipelines.ecos.orchestrator - Indicator kr.current.account.m fetched=0 valid=0 inserted=0 rejected=0 start=2000-01-01 end=2025-09-30
2025-10-01 19:59:33,426 - DEBUG - app.pipelines.ecos.api_client - ECOS URL https://ecos.bok.or.kr/api/StatisticSearch/J36Y0CNVMK1HCDOIPTH1/json/kr/1/1000/802Y001/D/20000101/20250930/0001000///
2025-10-01 19:59:33,428 - DEBUG - urllib3.connectionpool - Starting new HTTPS connection (1): ecos.bok.or.kr:443
2025-10-01 19:59:34,523 - DEBUG - urllib3.connectionpool - https://ecos.bok.or.kr:443 "GET /api/StatisticSearch/J36Y0CNVMK1HCDOIPTH1/json/kr/1/1000/802Y001/D/20000101/20250930/0001000/// HTTP/1.1" 200 None
2025-10-01 19:59:34,956 - DEBUG - app.pipelines.ecos.api_client - ECOS response keys=['StatisticSearch']
2025-10-01 19:59:34,958 - INFO - app.pipelines.ecos.orchestrator - Indicator kr.kospi.d fetched=0 valid=0 inserted=0 rejected=0 start=2000-01-01 end=2025-09-30
2025-10-01 19:59:34,965 - INFO - __main__ - Ingestion run completed: 3bb4a081-d41d-4af8-a72f-e4b9872c8f4c
2025-10-01 19:59:59,072 - DEBUG - app.pipelines.ecos.api_client - ECOS URL https://ecos.bok.or.kr/api/StatisticSearch/J36Y0CNVMK1HCDOIPTH1/json/kr/1/1000/901Y009/M/200001/202509/0///
2025-10-01 19:59:59,076 - DEBUG - urllib3.connectionpool - Starting new HTTPS connection (1): ecos.bok.or.kr:443
2025-10-01 20:00:00,437 - DEBUG - urllib3.connectionpool - https://ecos.bok.or.kr:443 "GET /api/StatisticSearch/J36Y0CNVMK1HCDOIPTH1/json/kr/1/1000/901Y009/M/200001/202509/0/// HTTP/1.1" 200 None
2025-10-01 20:00:02,267 - DEBUG - app.pipelines.ecos.api_client - ECOS response keys=['StatisticSearch']
2025-10-01 20:00:02,270 - INFO - app.pipelines.ecos.orchestrator - Indicator kr.cpi.headline.m fetched=0 valid=0 inserted=0 rejected=0 start=2000-01-01 end=2025-09-30
2025-10-01 20:00:02,273 - DEBUG - app.pipelines.ecos.api_client - ECOS URL https://ecos.bok.or.kr/api/StatisticSearch/J36Y0CNVMK1HCDOIPTH1/json/kr/1/1000/404Y014/M/200001/202509/*AA///
2025-10-01 20:00:02,275 - DEBUG - urllib3.connectionpool - Starting new HTTPS connection (1): ecos.bok.or.kr:443
2025-10-01 20:00:02,534 - DEBUG - urllib3.connectionpool - https://ecos.bok.or.kr:443 "GET /api/StatisticSearch/J36Y0CNVMK1HCDOIPTH1/json/kr/1/1000/404Y014/M/200001/202509/*AA/// HTTP/1.1" 200 None
2025-10-01 20:00:02,680 - DEBUG - app.pipelines.ecos.api_client - ECOS response keys=['StatisticSearch']
2025-10-01 20:00:02,682 - INFO - app.pipelines.ecos.orchestrator - Indicator kr.ppi.m fetched=0 valid=0 inserted=0 rejected=0 start=2000-01-01 end=2025-09-30
2025-10-01 20:00:02,685 - DEBUG - app.pipelines.ecos.api_client - ECOS URL https://ecos.bok.or.kr/api/StatisticSearch/J36Y0CNVMK1HCDOIPTH1/json/kr/1/1000/722Y001/M/200001/202509/0101000///
2025-10-01 20:00:02,686 - DEBUG - urllib3.connectionpool - Starting new HTTPS connection (1): ecos.bok.or.kr:443
2025-10-01 20:00:02,987 - DEBUG - urllib3.connectionpool - https://ecos.bok.or.kr:443 "GET /api/StatisticSearch/J36Y0CNVMK1HCDOIPTH1/json/kr/1/1000/722Y001/M/200001/202509/0101000/// HTTP/1.1" 200 None
2025-10-01 20:00:03,182 - DEBUG - app.pipelines.ecos.api_client - ECOS response keys=['StatisticSearch']
2025-10-01 20:00:03,185 - INFO - app.pipelines.ecos.orchestrator - Indicator kr.base.rate.d fetched=0 valid=0 inserted=0 rejected=0 start=2000-01-01 end=2025-09-30
2025-10-01 20:00:03,188 - DEBUG - app.pipelines.ecos.api_client - ECOS URL https://ecos.bok.or.kr/api/StatisticSearch/J36Y0CNVMK1HCDOIPTH1/json/kr/1/1000/731Y004/M/200001/202509/0000001/0000100//
2025-10-01 20:00:03,190 - DEBUG - urllib3.connectionpool - Starting new HTTPS connection (1): ecos.bok.or.kr:443
2025-10-01 20:00:03,557 - DEBUG - urllib3.connectionpool - https://ecos.bok.or.kr:443 "GET /api/StatisticSearch/J36Y0CNVMK1HCDOIPTH1/json/kr/1/1000/731Y004/M/200001/202509/0000001/0000100// HTTP/1.1" 200 None
2025-10-01 20:00:03,679 - DEBUG - app.pipelines.ecos.api_client - ECOS response keys=['StatisticSearch']
2025-10-01 20:00:03,681 - INFO - app.pipelines.ecos.orchestrator - Indicator fx.usdkrw.m fetched=0 valid=0 inserted=0 rejected=0 start=2000-01-01 end=2025-09-30
2025-10-01 20:00:03,684 - DEBUG - app.pipelines.ecos.api_client - ECOS URL https://ecos.bok.or.kr/api/StatisticSearch/J36Y0CNVMK1HCDOIPTH1/json/kr/1/1000/301Y017/M/200001/202509/SA000///
2025-10-01 20:00:03,686 - DEBUG - urllib3.connectionpool - Starting new HTTPS connection (1): ecos.bok.or.kr:443
2025-10-01 20:00:04,260 - DEBUG - urllib3.connectionpool - https://ecos.bok.or.kr:443 "GET /api/StatisticSearch/J36Y0CNVMK1HCDOIPTH1/json/kr/1/1000/301Y017/M/200001/202509/SA000/// HTTP/1.1" 200 None
2025-10-01 20:00:04,436 - DEBUG - app.pipelines.ecos.api_client - ECOS response keys=['StatisticSearch']
2025-10-01 20:00:04,439 - INFO - app.pipelines.ecos.orchestrator - Indicator kr.current.account.m fetched=0 valid=0 inserted=0 rejected=0 start=2000-01-01 end=2025-09-30
2025-10-01 20:00:04,441 - DEBUG - app.pipelines.ecos.api_client - ECOS URL https://ecos.bok.or.kr/api/StatisticSearch/J36Y0CNVMK1HCDOIPTH1/json/kr/1/1000/802Y001/D/20000101/20250930/0001000///
2025-10-01 20:00:04,442 - DEBUG - urllib3.connectionpool - Starting new HTTPS connection (1): ecos.bok.or.kr:443
2025-10-01 20:00:05,012 - DEBUG - urllib3.connectionpool - https://ecos.bok.or.kr:443 "GET /api/StatisticSearch/J36Y0CNVMK1HCDOIPTH1/json/kr/1/1000/802Y001/D/20000101/20250930/0001000/// HTTP/1.1" 200 None
2025-10-01 20:00:05,494 - DEBUG - app.pipelines.ecos.api_client - ECOS response keys=['StatisticSearch']
2025-10-01 20:00:05,497 - INFO - app.pipelines.ecos.orchestrator - Indicator kr.kospi.d fetched=0 valid=0 inserted=0 rejected=0 start=2000-01-01 end=2025-09-30
2025-10-01 20:00:05,508 - INFO - __main__ - Ingestion run completed: 4bea89a9-e6d1-41ba-9aa1-b4e6e5094317
2025-10-01 20:13:34,353 - DEBUG - app.pipelines.ecos.api_client - ECOS URL https://ecos.bok.or.kr/api/StatisticSearch/J36Y0CNVMK1HCDOIPTH1/json/kr/1/1000/901Y009/M/200001/202509/0///
2025-10-01 20:13:34,357 - DEBUG - urllib3.connectionpool - Starting new HTTPS connection (1): ecos.bok.or.kr:443
2025-10-01 20:13:34,987 - DEBUG - urllib3.connectionpool - https://ecos.bok.or.kr:443 "GET /api/StatisticSearch/J36Y0CNVMK1HCDOIPTH1/json/kr/1/1000/901Y009/M/200001/202509/0/// HTTP/1.1" 200 None
2025-10-01 20:13:35,215 - DEBUG - app.pipelines.ecos.api_client - ECOS response keys=['StatisticSearch']
2025-10-01 20:13:35,218 - INFO - app.pipelines.ecos.orchestrator - Indicator kr.cpi.headline.m fetched=0 valid=0 inserted=0 rejected=0 start=2000-01-01 end=2025-09-30
2025-10-01 20:13:35,222 - DEBUG - app.pipelines.ecos.api_client - ECOS URL https://ecos.bok.or.kr/api/StatisticSearch/J36Y0CNVMK1HCDOIPTH1/json/kr/1/1000/404Y014/M/200001/202509/*AA///
2025-10-01 20:13:35,224 - DEBUG - urllib3.connectionpool - Starting new HTTPS connection (1): ecos.bok.or.kr:443
2025-10-01 20:13:35,532 - DEBUG - urllib3.connectionpool - https://ecos.bok.or.kr:443 "GET /api/StatisticSearch/J36Y0CNVMK1HCDOIPTH1/json/kr/1/1000/404Y014/M/200001/202509/*AA/// HTTP/1.1" 200 None
2025-10-01 20:13:35,668 - DEBUG - app.pipelines.ecos.api_client - ECOS response keys=['StatisticSearch']
2025-10-01 20:13:35,671 - INFO - app.pipelines.ecos.orchestrator - Indicator kr.ppi.m fetched=0 valid=0 inserted=0 rejected=0 start=2000-01-01 end=2025-09-30
2025-10-01 20:13:35,674 - DEBUG - app.pipelines.ecos.api_client - ECOS URL https://ecos.bok.or.kr/api/StatisticSearch/J36Y0CNVMK1HCDOIPTH1/json/kr/1/1000/722Y001/M/200001/202509/0101000///
2025-10-01 20:13:35,684 - DEBUG - urllib3.connectionpool - Starting new HTTPS connection (1): ecos.bok.or.kr:443
2025-10-01 20:13:36,038 - DEBUG - urllib3.connectionpool - https://ecos.bok.or.kr:443 "GET /api/StatisticSearch/J36Y0CNVMK1HCDOIPTH1/json/kr/1/1000/722Y001/M/200001/202509/0101000/// HTTP/1.1" 200 None
2025-10-01 20:13:36,464 - DEBUG - app.pipelines.ecos.api_client - ECOS response keys=['StatisticSearch']
2025-10-01 20:13:36,467 - INFO - app.pipelines.ecos.orchestrator - Indicator kr.base.rate.d fetched=0 valid=0 inserted=0 rejected=0 start=2000-01-01 end=2025-09-30
2025-10-01 20:13:36,470 - DEBUG - app.pipelines.ecos.api_client - ECOS URL https://ecos.bok.or.kr/api/StatisticSearch/J36Y0CNVMK1HCDOIPTH1/json/kr/1/1000/731Y004/M/200001/202509/0000001/0000100//
2025-10-01 20:13:36,472 - DEBUG - urllib3.connectionpool - Starting new HTTPS connection (1): ecos.bok.or.kr:443
2025-10-01 20:13:37,141 - DEBUG - urllib3.connectionpool - https://ecos.bok.or.kr:443 "GET /api/StatisticSearch/J36Y0CNVMK1HCDOIPTH1/json/kr/1/1000/731Y004/M/200001/202509/0000001/0000100// HTTP/1.1" 200 None
2025-10-01 20:13:37,476 - DEBUG - app.pipelines.ecos.api_client - ECOS response keys=['StatisticSearch']
2025-10-01 20:13:37,479 - INFO - app.pipelines.ecos.orchestrator - Indicator fx.usdkrw.m fetched=0 valid=0 inserted=0 rejected=0 start=2000-01-01 end=2025-09-30
2025-10-01 20:13:37,482 - DEBUG - app.pipelines.ecos.api_client - ECOS URL https://ecos.bok.or.kr/api/StatisticSearch/J36Y0CNVMK1HCDOIPTH1/json/kr/1/1000/301Y017/M/200001/202509/SA000///
2025-10-01 20:13:37,485 - DEBUG - urllib3.connectionpool - Starting new HTTPS connection (1): ecos.bok.or.kr:443
2025-10-01 20:13:37,844 - DEBUG - urllib3.connectionpool - https://ecos.bok.or.kr:443 "GET /api/StatisticSearch/J36Y0CNVMK1HCDOIPTH1/json/kr/1/1000/301Y017/M/200001/202509/SA000/// HTTP/1.1" 200 None
2025-10-01 20:13:37,950 - DEBUG - app.pipelines.ecos.api_client - ECOS response keys=['StatisticSearch']
2025-10-01 20:13:37,953 - INFO - app.pipelines.ecos.orchestrator - Indicator kr.current.account.m fetched=0 valid=0 inserted=0 rejected=0 start=2000-01-01 end=2025-09-30
2025-10-01 20:13:37,956 - DEBUG - app.pipelines.ecos.api_client - ECOS URL https://ecos.bok.or.kr/api/StatisticSearch/J36Y0CNVMK1HCDOIPTH1/json/kr/1/1000/802Y001/D/20000101/20250930/0001000///
2025-10-01 20:13:37,958 - DEBUG - urllib3.connectionpool - Starting new HTTPS connection (1): ecos.bok.or.kr:443
2025-10-01 20:13:38,431 - DEBUG - urllib3.connectionpool - https://ecos.bok.or.kr:443 "GET /api/StatisticSearch/J36Y0CNVMK1HCDOIPTH1/json/kr/1/1000/802Y001/D/20000101/20250930/0001000/// HTTP/1.1" 200 None
2025-10-01 20:13:40,308 - DEBUG - app.pipelines.ecos.api_client - ECOS response keys=['StatisticSearch']
2025-10-01 20:13:40,311 - INFO - app.pipelines.ecos.orchestrator - Indicator kr.kospi.d fetched=0 valid=0 inserted=0 rejected=0 start=2000-01-01 end=2025-09-30
2025-10-01 20:13:40,331 - INFO - __main__ - Ingestion run completed: 41ca0cbe-114c-4a24-a8c6-81d69765e159
2025-10-01 20:14:16,886 - INFO - app.pipelines.ecos.orchestrator - Indicator kr.cpi.headline.m fetched=0 valid=0 inserted=0 rejected=0 start=2000-01-01 end=2025-09-30
2025-10-01 20:14:17,291 - INFO - app.pipelines.ecos.orchestrator - Indicator kr.ppi.m fetched=0 valid=0 inserted=0 rejected=0 start=2000-01-01 end=2025-09-30
2025-10-01 20:14:18,203 - INFO - app.pipelines.ecos.orchestrator - Indicator kr.base.rate.d fetched=0 valid=0 inserted=0 rejected=0 start=2000-01-01 end=2025-09-30
2025-10-01 20:14:18,798 - INFO - app.pipelines.ecos.orchestrator - Indicator fx.usdkrw.m fetched=0 valid=0 inserted=0 rejected=0 start=2000-01-01 end=2025-09-30
2025-10-01 20:14:19,272 - INFO - app.pipelines.ecos.orchestrator - Indicator kr.current.account.m fetched=0 valid=0 inserted=0 rejected=0 start=2000-01-01 end=2025-09-30
2025-10-01 20:14:20,501 - INFO - app.pipelines.ecos.orchestrator - Indicator kr.kospi.d fetched=0 valid=0 inserted=0 rejected=0 start=2000-01-01 end=2025-09-30
2025-10-01 20:14:20,536 - INFO - __main__ - Ingestion run completed: c0e6f0e6-4d64-449c-a37a-9e9b9f6bff38
2025-10-01 20:15:45,680 - INFO - app.pipelines.ecos.orchestrator - Indicator kr.cpi.headline.m fetched=308 valid=308 inserted=308 rejected=0 start=2000-01-01 end=2025-09-30
2025-10-01 20:15:46,617 - INFO - app.pipelines.ecos.orchestrator - Indicator kr.ppi.m fetched=308 valid=308 inserted=308 rejected=0 start=2000-01-01 end=2025-09-30
2025-10-01 20:16:03,204 - INFO - app.pipelines.ecos.orchestrator - Indicator kr.base.rate.d fetched=9404 valid=9404 inserted=9404 rejected=0 start=2000-01-01 end=2025-09-30
2025-10-01 20:16:03,767 - INFO - app.pipelines.ecos.orchestrator - Indicator fx.usdkrw.m fetched=309 valid=309 inserted=309 rejected=0 start=2000-01-01 end=2025-09-30
2025-10-01 20:16:04,409 - INFO - app.pipelines.ecos.orchestrator - Indicator kr.current.account.m fetched=307 valid=307 inserted=307 rejected=0 start=2000-01-01 end=2025-09-30
2025-10-01 20:16:17,099 - INFO - app.pipelines.ecos.orchestrator - Indicator kr.kospi.d fetched=6360 valid=6360 inserted=6360 rejected=0 start=2000-01-01 end=2025-09-30
2025-10-01 20:16:17,121 - INFO - __main__ - Ingestion run completed: 5d8a475b-e915-471b-aefc-4d31c2e8e366
2025-10-01 20:17:47,620 - INFO - __main__ - Exported 308 rows for kr.cpi.headline.m
2025-10-01 20:17:47,629 - INFO - __main__ - Exported 308 rows for kr.ppi.m
2025-10-01 20:17:47,818 - INFO - __main__ - Exported 9404 rows for kr.base.rate.d
2025-10-01 20:17:47,835 - INFO - __main__ - Exported 309 rows for fx.usdkrw.m
2025-10-01 20:17:47,843 - INFO - __main__ - Exported 307 rows for kr.current.account.m
2025-10-01 20:17:47,962 - INFO - __main__ - Exported 6360 rows for kr.kospi.d
2025-10-01 20:17:47,962 - INFO - __main__ - Export complete. Total rows=16996 -> /home/asd1702/fin_sight_server/data/observations_core15.jsonl
2025-10-01 20:21:24,074 - INFO - app.pipelines.ecos.orchestrator - Indicator kr.cpi.headline.m fetched=1 valid=1 inserted=1 rejected=0 start=2025-08-02 end=2025-09-30
2025-10-01 20:21:24,370 - INFO - app.pipelines.ecos.orchestrator - Indicator kr.ppi.m fetched=1 valid=1 inserted=1 rejected=0 start=2025-08-02 end=2025-09-30
2025-10-01 20:21:24,690 - INFO - app.pipelines.ecos.orchestrator - Indicator kr.base.rate.d fetched=7 valid=7 inserted=7 rejected=0 start=2025-09-24 end=2025-09-30
2025-10-01 20:21:25,237 - INFO - app.pipelines.ecos.orchestrator - Indicator fx.usdkrw.m fetched=1 valid=1 inserted=1 rejected=0 start=2025-09-02 end=2025-09-30
2025-10-01 20:21:25,510 - INFO - app.pipelines.ecos.orchestrator - Indicator kr.current.account.m fetched=1 valid=1 inserted=1 rejected=0 start=2025-07-02 end=2025-09-30
2025-10-01 20:21:25,839 - INFO - app.pipelines.ecos.orchestrator - Indicator kr.kospi.d fetched=5 valid=5 inserted=5 rejected=0 start=2025-09-24 end=2025-09-30
2025-10-01 20:21:25,871 - INFO - __main__ - Ingestion run completed: 9068099a-b501-4e38-a6f6-bc9ecdd43a8c
2025-10-01 21:17:56,231 - DEBUG - app.core.monitoring - 시스템 상태 - CPU: 2.2%, 메모리: 71.0% (여유: 2.2GB), 디스크: 6.7% (전체: 1006.9GB, 여유: 887.7GB)
2025-10-01 21:22:57,236 - DEBUG - app.core.monitoring - 시스템 상태 - CPU: 2.1%, 메모리: 75.5% (여유: 1.9GB), 디스크: 6.7% (전체: 1006.9GB, 여유: 887.7GB)
2025-10-01 21:29:15,016 - DEBUG - app.core.monitoring - 시스템 상태 - CPU: 3.9%, 메모리: 80.9% (여유: 1.4GB), 디스크: 6.8% (전체: 1006.9GB, 여유: 887.7GB)
2025-10-01 21:29:29,502 - DEBUG - app.core.monitoring - 시스템 상태 - CPU: 3.4%, 메모리: 80.9% (여유: 1.4GB), 디스크: 6.8% (전체: 1006.9GB, 여유: 887.7GB)
2025-10-01 21:30:21,500 - DEBUG - app.core.monitoring - 시스템 상태 - CPU: 3.5%, 메모리: 79.6% (여유: 1.5GB), 디스크: 6.8% (전체: 1006.9GB, 여유: 887.7GB)
2025-10-01 21:34:41,790 - DEBUG - app.core.monitoring - 시스템 상태 - CPU: 3.3%, 메모리: 79.4% (여유: 1.6GB), 디스크: 6.8% (전체: 1006.9GB, 여유: 887.7GB)
2025-10-01 21:35:07,759 - DEBUG - app.core.monitoring - 시스템 상태 - CPU: 4.3%, 메모리: 77.7% (여유: 1.7GB), 디스크: 6.8% (전체: 1006.9GB, 여유: 887.7GB)
2025-10-01 21:40:08,762 - DEBUG - app.core.monitoring - 시스템 상태 - CPU: 2.8%, 메모리: 80.8% (여유: 1.5GB), 디스크: 6.7% (전체: 1006.9GB, 여유: 887.7GB)
2025-10-01 21:44:14,297 - INFO - __main__ - 동적 company 실행 (key=samsung) - sectors.yaml 미정의, 기본 설정 사용
2025-10-01 21:44:14,678 - ERROR - app.core.news_letter.collectors - newspaper3k 파싱 중 에러 발생 (URL: https://thesportsrush.com/nfl-news-ex-alabama-star-wants-nil-to-go-back-to-its-true-form-cites-johnny-manziels-texas-am-jersey-sales-as-example/): ArticleException - Article `download()` failed with 429 Client Error: Too Many Requests for url: https://thesportsrush.com/nfl-news-ex-alabama-star-wants-nil-to-go-back-to-its-true-form-cites-johnny-manziels-texas-am-jersey-sales-as-example/ on URL https://thesportsrush.com/nfl-news-ex-alabama-star-wants-nil-to-go-back-to-its-true-form-cites-johnny-manziels-texas-am-jersey-sales-as-example/
2025-10-01 21:44:14,678 - INFO - app.core.monitoring - 성능 모니터링 - crawl_article_with_newspaper3k: 실행시간=0.28초, 메모리변화=+0.0%, 현재메모리=82.9%
2025-10-01 21:44:15,303 - ERROR - app.core.news_letter.collectors - newspaper3k 파싱 중 에러 발생 (URL: https://thesportsrush.com/nfl-news-ex-alabama-star-wants-nil-to-go-back-to-its-true-form-cites-johnny-manziels-texas-am-jersey-sales-as-example/): ArticleException - Article `download()` failed with 429 Client Error: Too Many Requests for url: https://thesportsrush.com/nfl-news-ex-alabama-star-wants-nil-to-go-back-to-its-true-form-cites-johnny-manziels-texas-am-jersey-sales-as-example/ on URL https://thesportsrush.com/nfl-news-ex-alabama-star-wants-nil-to-go-back-to-its-true-form-cites-johnny-manziels-texas-am-jersey-sales-as-example/
2025-10-01 21:44:15,304 - INFO - app.core.monitoring - 성능 모니터링 - crawl_article_with_newspaper3k: 실행시간=0.63초, 메모리변화=+0.0%, 현재메모리=82.9%
2025-10-01 21:44:15,486 - ERROR - app.core.news_letter.collectors - newspaper3k 파싱 중 에러 발생 (URL: https://www.fastcompany.com/91412820/ai-investment-consumer-spending-economy-chat-gpt): ArticleException - Article `download()` failed with 403 Client Error: Forbidden for url: https://www.fastcompany.com/91412820/ai-investment-consumer-spending-economy-chat-gpt on URL https://www.fastcompany.com/91412820/ai-investment-consumer-spending-economy-chat-gpt
2025-10-01 21:44:15,487 - INFO - app.core.monitoring - 성능 모니터링 - crawl_article_with_newspaper3k: 실행시간=0.17초, 메모리변화=+0.0%, 현재메모리=82.9%
2025-10-01 21:44:15,680 - ERROR - app.core.news_letter.collectors - newspaper3k 파싱 중 에러 발생 (URL: https://www.fastcompany.com/91412820/ai-investment-consumer-spending-economy-chat-gpt): ArticleException - Article `download()` failed with 403 Client Error: Forbidden for url: https://www.fastcompany.com/91412820/ai-investment-consumer-spending-economy-chat-gpt on URL https://www.fastcompany.com/91412820/ai-investment-consumer-spending-economy-chat-gpt
2025-10-01 21:44:15,681 - INFO - app.core.monitoring - 성능 모니터링 - crawl_article_with_newspaper3k: 실행시간=0.19초, 메모리변화=+0.0%, 현재메모리=82.9%
2025-10-01 21:44:15,716 - INFO - app.core.news_letter.articles - prepare_articles 완료: usable=8/12
2025-10-01 21:44:15,724 - INFO - __main__ - 이미 outline 존재 (batch_id=12) - 재생성 생략. --fresh 로 새로 생성 가능
2025-10-01 21:45:09,765 - DEBUG - app.core.monitoring - 시스템 상태 - CPU: 4.6%, 메모리: 82.5% (여유: 1.3GB), 디스크: 6.7% (전체: 1006.9GB, 여유: 887.7GB)
2025-10-01 21:50:10,769 - DEBUG - app.core.monitoring - 시스템 상태 - CPU: 1.9%, 메모리: 80.5% (여유: 1.5GB), 디스크: 6.7% (전체: 1006.9GB, 여유: 887.7GB)
2025-10-01 21:55:11,774 - DEBUG - app.core.monitoring - 시스템 상태 - CPU: 2.6%, 메모리: 80.1% (여유: 1.5GB), 디스크: 6.7% (전체: 1006.9GB, 여유: 887.7GB)
2025-10-01 22:00:12,778 - DEBUG - app.core.monitoring - 시스템 상태 - CPU: 2.8%, 메모리: 79.2% (여유: 1.6GB), 디스크: 6.7% (전체: 1006.9GB, 여유: 887.7GB)
2025-10-01 22:02:19,656 - DEBUG - app.core.monitoring - 시스템 상태 - CPU: 8.1%, 메모리: 86.6% (여유: 1.0GB), 디스크: 6.7% (전체: 1006.9GB, 여유: 887.7GB)
2025-10-01 22:02:19,661 - WARNING - app.core.monitoring - 메모리 사용량 높음: 86.6%
2025-10-01 22:11:09,068 - DEBUG - app.core.monitoring - 시스템 상태 - CPU: 3.0%, 메모리: 83.7% (여유: 1.2GB), 디스크: 6.7% (전체: 1006.9GB, 여유: 887.7GB)
2025-10-01 22:11:19,937 - DEBUG - app.core.monitoring - 시스템 상태 - CPU: 3.4%, 메모리: 85.2% (여유: 1.1GB), 디스크: 6.7% (전체: 1006.9GB, 여유: 887.7GB)
2025-10-01 22:11:19,938 - WARNING - app.core.monitoring - 메모리 사용량 높음: 85.2%
2025-10-01 22:14:55,796 - DEBUG - app.core.monitoring - 시스템 상태 - CPU: 7.7%, 메모리: 83.4% (여유: 1.3GB), 디스크: 6.7% (전체: 1006.9GB, 여유: 887.7GB)
2025-10-01 22:16:40,626 - DEBUG - app.core.monitoring - 시스템 상태 - CPU: 2.3%, 메모리: 82.8% (여유: 1.3GB), 디스크: 6.7% (전체: 1006.9GB, 여유: 887.7GB)
2025-10-01 22:17:00,862 - DEBUG - app.core.monitoring - 시스템 상태 - CPU: 3.1%, 메모리: 84.4% (여유: 1.2GB), 디스크: 6.7% (전체: 1006.9GB, 여유: 887.7GB)
2025-10-01 22:22:01,866 - DEBUG - app.core.monitoring - 시스템 상태 - CPU: 1.9%, 메모리: 83.0% (여유: 1.3GB), 디스크: 6.7% (전체: 1006.9GB, 여유: 887.7GB)
2025-10-01 22:27:02,870 - DEBUG - app.core.monitoring - 시스템 상태 - CPU: 2.7%, 메모리: 83.0% (여유: 1.3GB), 디스크: 6.7% (전체: 1006.9GB, 여유: 887.7GB)
2025-10-01 22:32:03,873 - DEBUG - app.core.monitoring - 시스템 상태 - CPU: 1.9%, 메모리: 83.1% (여유: 1.3GB), 디스크: 6.7% (전체: 1006.9GB, 여유: 887.7GB)
2025-10-01 22:37:04,877 - DEBUG - app.core.monitoring - 시스템 상태 - CPU: 2.3%, 메모리: 83.1% (여유: 1.3GB), 디스크: 6.7% (전체: 1006.9GB, 여유: 887.7GB)
2025-10-01 22:42:05,883 - DEBUG - app.core.monitoring - 시스템 상태 - CPU: 1.9%, 메모리: 83.1% (여유: 1.3GB), 디스크: 6.7% (전체: 1006.9GB, 여유: 887.7GB)
2025-10-01 22:47:06,888 - DEBUG - app.core.monitoring - 시스템 상태 - CPU: 3.4%, 메모리: 83.2% (여유: 1.3GB), 디스크: 6.7% (전체: 1006.9GB, 여유: 887.7GB)
2025-10-01 22:52:07,892 - DEBUG - app.core.monitoring - 시스템 상태 - CPU: 2.7%, 메모리: 83.2% (여유: 1.3GB), 디스크: 6.7% (전체: 1006.9GB, 여유: 887.7GB)
2025-10-01 22:57:08,894 - DEBUG - app.core.monitoring - 시스템 상태 - CPU: 1.6%, 메모리: 85.3% (여유: 1.1GB), 디스크: 6.8% (전체: 1006.9GB, 여유: 887.3GB)
2025-10-01 22:57:08,898 - WARNING - app.core.monitoring - 메모리 사용량 높음: 85.3%
2025-10-01 23:02:10,955 - DEBUG - app.core.monitoring - 시스템 상태 - CPU: 1.9%, 메모리: 85.4% (여유: 1.1GB), 디스크: 6.8% (전체: 1006.9GB, 여유: 887.0GB)
2025-10-01 23:02:10,955 - WARNING - app.core.monitoring - 메모리 사용량 높음: 85.4%
2025-10-01 23:07:11,970 - DEBUG - app.core.monitoring - 시스템 상태 - CPU: 1.2%, 메모리: 84.0% (여유: 1.2GB), 디스크: 6.9% (전체: 1006.9GB, 여유: 886.1GB)
